frenchTitle;genres;averageRating;numVotes;decade
J'accuse;Horror, War, Romance, Drama, History;7.7;2240;1910
Coeur fidèle;Romance, Drama;7.4;1540;1920
L'inhumaine;Romance, ScienceFiction, Drama, Mystery;7.2;1134;1920
Les cheveux d'or;Thriller, Drama, Crime, Mystery;7.3;14289;1920
Nana;Romance, Drama;6.6;1011;1920
C'est la vie;Thriller, Adventure, Drama;6.0;3292;1920
L'arène;Romance, Drama, Sport;6.1;4138;1920
La chute de la maison Usher;Fantasy, Drama, Horror;7.2;4804;1920
La Passion de Jeanne d'Arc;Drama, History, Biography;8.1;64935;1920
Jazz-Bank;Romance, Drama;7.5;1205;1920
Chantage;Thriller, Drama, Crime, Mystery;6.9;12878;1920
L'homme de l'île de Man;Romance, Drama;6.2;3460;1920
Piccadilly;Drama, Crime;7.1;1946;1920
La partie de dés;Romance, Adventure, Drama;6.5;1078;1920
Un Cottage dans le Dartmoor;Drama, Crime;7.5;1288;1930
Meurtre;Thriller, Drama, Crime, Mystery;6.3;7454;1930
Le roman de Renard;Animation, Adventure, Family, Comedy, Fantasy;7.6;1664;1930
Sous les toits de Paris;Music, Musical, Romance, Comedy, Drama;7.0;2572;1930
Âge d'or;Comedy, Romance, Drama;7.2;15271;1930
La chienne;Romance, Drama, Crime;7.5;5114;1930
La tragédie de la mine;Thriller, Drama;7.5;1906;1930
Marius;Comedy, Romance, Drama;7.8;2730;1930
Le million;Comedy, Musical, Music;7.3;3958;1930
À nous la liberté!;Comedy, Musical, Music;7.4;5115;1930
Boudu sauvé des eaux;Comedy;7.2;6471;1930
Les croix de bois;Drama, War;7.7;1818;1930
Fanny;Comedy, Drama;7.8;2027;1930
La nuit du carrefour;Drama, Crime, Mystery;6.5;1013;1930
Vampyr, ou l'étrange aventure de David Gray;Fantasy, Horror;7.4;21716;1930
La vie privée d'Henry VIII;Biography, Romance, Comedy, Drama, History;7.0;5144;1930
Le chaland qui passe;Comedy, Romance, Drama;7.7;18134;1930
The Clairvoyant;Romance, Thriller, Drama, Mystery;6.6;1253;1930
Liliom;Fantasy, Drama;6.8;1307;1930
L'homme qui en savait trop;Thriller, Drama, Crime, Mystery;6.7;22425;1930
Mauvaise graine;Comedy, Romance, Drama, Crime;6.1;1128;1930
Le chevalier de Londres;Adventure, Drama;7.3;4971;1930
Toni;Romance, Drama, Crime;7.2;2198;1930
Les 39 marches;Thriller, Crime, Mystery;7.6;63957;1930
Fantôme à vendre;Comedy, Romance, Fantasy, Horror;6.7;2247;1930
La kermesse héroïque;Comedy, Romance, History;7.4;1480;1930
Scrooge;Fantasy, Drama, Family;6.5;2828;1930
Transatlantic;ScienceFiction, Drama, Sci-Fi;6.0;1062;1930
La chasse aux millions;Comedy, Romance, Drama;6.3;2263;1930
Les bas-fonds;Romance, Drama, Crime;7.5;3804;1930
Jours de Pâques;Drama;7.5;1515;1930
Sur La Cour;Comedy, Drama, Crime;7.3;3891;1930
César;Comedy, Drama;7.6;1736;1930
Drôle de drame;Comedy;7.4;2051;1930
Cerveaux de rechange;ScienceFiction, Horror, Sci-Fi;6.6;1292;1930
Mayerling;Romance, Drama, History;7.0;1002;1930
Rembrandt;Drama, Biography;7.0;2055;1930
Le roman d'un tricheur;Comedy, Drama;7.5;2659;1930
Agent secret;Thriller, Drama, Crime;7.0;19788;1930
Quatre de l'espionnage;Thriller, Mystery, Crime, Romance, Drama;6.4;9391;1930
La Vie future;ScienceFiction, Drama, War, Sci-Fi;6.6;9634;1930
Le mystère de la section 8;Romance, Adventure, Crime, Thriller;6.2;1549;1930
A l'angle du monde;Romance, Drama, History;7.3;2250;1930
L'invincible Armada;Adventure, War, Romance, Drama, History;6.5;2063;1930
La grande illusion;Drama, War, History;8.1;40129;1930
Les mines du roi Salomon;Adventure, Drama, Action, Family;6.3;1562;1930
Le chevalier sans armure;Adventure, Drama, History;6.8;1552;1930
L'Homme qui pouvait accomplir des Miracles;Comedy, Family, Fantasy;6.9;1667;1930
Oh, Mr. Porter!;Comedy, Adventure, Crime;7.4;1914;1930
Les nuits blanches;Romance, Drama, Crime;7.7;8378;1930
Tempête dans un verre d'eau;Comedy, Romance;6.5;1225;1930
Un carnet de bal;Romance, Drama;7.4;1030;1930
Jeune et innocent;Thriller, Mystery, Crime, Romance, Drama;6.8;11541;1930
La bête humaine;Drama, Crime;7.5;8708;1930
La Citadelle;Drama;7.0;2468;1930
Le Divorce de Lady X;Comedy, Romance, Drama;6.6;1724;1930
La femme du boulanger;Comedy, Drama;7.5;2551;1930
Hôtel du Nord;Comedy, Romance, Drama;7.5;3424;1930
Une femme disparaît;Thriller, Mystery, Crime, Comedy, Drama;7.7;59418;1930
La Marseillaise - Chronique de quelques faits ayant contribué à la chute de la Monarchie;Music, Drama, History;7.0;1457;1930
Pygmalion;Comedy, Romance, Drama;7.7;10094;1930
Le quai des brumes;Romance, Drama, Crime;7.7;10425;1930
Vedettes du pavé;Comedy, Drama;6.9;1548;1930
Vivent les étudiants!;Romance, Drama, Sport;6.6;1401;1930
Ask a Policeman;Comedy, Adventure, Crime;7.3;1061;1930
La fin du jour;Drama;7.8;1102;1930
Les 4 plumes blanches;Adventure, War, Romance, Drama, History;7.4;6816;1930
Hantise;Romance, Thriller, Drama, Mystery;7.3;5630;1940
Au revoir Mr. Chips!;Romance, Drama;7.9;11976;1930
La taverne de la Jamaïque;Thriller, Adventure, Crime, Drama, History;6.3;11750;1930
Le jour se lève;Romance, Drama, Crime;7.7;8617;1930
Armes secrètes;Comedy, Thriller, Drama, Mystery;6.5;1163;1930
La règle du jeu;Comedy, Romance, Drama;7.9;32462;1930
L'Espion noir;Thriller, War;6.9;2761;1930
Sous le regard des étoiles;Drama;7.0;1227;1940
Vingt-et-un jours ensemble;Romance, Drama, Crime;6.1;1352;1940
Espionne à bord;Thriller, Adventure, Crime, War, Romance, Drama;6.9;1439;1940
Cet homme est un espion;Thriller, Mystery, Action, War, Romance, Drama;7.4;24994;1940
Train de nuit pour Munich;Romance, Thriller, Drama, War;7.2;5943;1940
Le Voleur de Bagdad;Fantasy, Adventure, Action, Family;7.4;15261;1940
Cottage à louer;Comedy, Thriller, Drama, Mystery;6.7;1447;1940
49ème parallèle;Thriller, Drama, War, Adventure;7.3;8171;1940
Major Barbara;Comedy;6.8;1595;1940
M. Smith agent secret;Thriller, Adventure, Drama;7.2;1937;1940
Remorques;Romance, Drama, Action;7.2;1711;1940
L'Assassin habite au 21;Comedy, Thriller, Crime, Mystery;7.3;3796;1940
Spitfire;Adventure, Drama, War, Biography;7.0;2231;1940
Ceux qui servent en mer;Drama, War;7.2;6751;1940
La main du diable;Fantasy, Horror;7.3;1908;1940
Un de nos avions n'est pas rentré;Adventure, Drama, Action, War;7.0;2824;1940
Quarante-huit heures;Thriller, War;7.5;4603;1940
Les visiteurs du soir;Fantasy, Romance, Drama;7.2;2558;1940
La guerre dans l'ombre;Romance, Thriller, Drama, War;7.0;1182;1940
Les anges du péché;Drama;7.2;1871;1940
Intrigues en Orient;Thriller, Drama, War, History;6.4;1743;1940
L'oeil du serpent;Thriller, Mystery, Crime, Horror, Drama;7.8;11490;1940
Fires Were Started;Drama, War;6.4;1402;1940
Goupi Mains Rouges;Comedy, Drama, Mystery;7.5;1134;1940
L'auberge fantôme;Fantasy, Drama, Mystery, Horror;6.6;1350;1940
Le colonel Blimp;Romance, Drama, War, History;8.0;17430;1940
L'homme en gris;Romance, Drama, History;6.5;1703;1940
Ceux de chez nous;Romance, Drama, War;6.8;1178;1940
Plongée à l'aube;Drama, Action, War;6.7;1778;1940
A Canterbury Tale;Comedy, Drama, War, Mystery;7.3;6884;1940
Henry V;Action, Drama, History, Biography;7.0;7408;1940
Le médaillon fatal;Thriller, Horror, Drama, Mystery;6.2;1004;1940
Heureux mortels;Comedy, Drama, Family, History;7.3;4338;1940
L'héroïque parade;Drama, War;6.9;2346;1940
Brève rencontre;Romance, Drama;8.0;46551;1940
Les dames du Bois de Boulogne;Romance, Drama;7.1;5021;1940
Au coeur de la nuit;Thriller, Mystery, Horror, Fantasy, Drama;7.5;15028;1940
Les enfants du paradis;Romance, Drama;8.3;21887;1940
Je sais où je vais;Romance, Drama;7.4;10667;1940
Le verdict de l'amour;Romance, Drama;7.1;1659;1940
Le chemin des étoiles;Romance, Drama, War;7.3;1725;1940
Le masque aux yeux verts;Adventure, Drama;6.8;1735;1940
L'étrange aventurière;Comedy, Thriller, Drama, War;6.9;1919;1940
La bataille du rail;Action, Drama, War, History;7.0;1378;1940
La Belle et la Bête;Fantasy, Romance, Drama;7.9;29046;1940
L'esprit s'amuse;Comedy, Fantasy;7.0;8720;1940
César et Cléopâtre;Comedy, Drama, History, Biography;6.2;3297;1940
J'étais un prisonnier;Drama, War;7.0;1237;1940
Les grandes espérances;Mystery, Adventure, Romance, Drama, History;7.8;27476;1940
La couleur qui tue;Comedy, Crime, Mystery;7.4;5978;1940
Une question de vie ou de mort;Fantasy, Romance, Drama, Comedy;8.0;26673;1940
Panique;Drama, Crime;7.9;2745;1940
Les portes de la nuit;Fantasy, Romance, Drama, Mystery;7.1;1369;1940
Le septième voile;Music, Drama;6.7;2538;1940
Antoine et Antoinette;Comedy, Romance, Drama;7.4;1197;1940
Le narcisse noir;Drama;7.7;29648;1940
Jusqu' à ce que mort s'ensuive;Thriller, Mystery, Crime, Romance, Drama, History;6.7;1186;1940
Le gang des tueurs;Thriller, Film-Noir, Drama, Crime;7.3;7323;1940
Le mort se venge;Thriller, Film-Noir, Drama, Crime;6.8;1195;1940
Allemagne année zéro;Drama, War, History;7.8;14531;1940
À cor et à cri;Comedy, Adventure, Crime;6.7;1918;1940
Le sous-marin blessé;Thriller, Adventure, Drama, War;7.0;1229;1940
Monsieur Vincent;Drama, History, Biography;7.0;1115;1940
The Life and Adventures of Nicholas Nickleby;Drama;6.9;1076;1940
L'homme d'octobre;Thriller, Drama, Crime, Mystery;7.0;1606;1940
Huit heures de sursis;Thriller, Film-Noir, Drama, Crime;7.6;12217;1940
Quai des Orfèvres;Thriller, Drama, Crime, Mystery;7.7;6659;1940
Le silence de la mer;Romance, Drama, War;7.6;5960;1940
Je suis un fugitif;Thriller, Film-Noir, Drama, Crime;7.2;2092;1940
La vengeance du docteur Joyce;Drama, Crime;6.9;1522;1940
Anna Karénine;Romance, Drama;6.6;3077;1940
Au-delà des grilles;Romance, Drama;6.8;1061;1940
Quartet;Romance, Drama;7.3;1028;1940
Première désillusion;Thriller, Drama, Film-Noir, Mystery;7.6;10269;1940
Hamlet;Drama;7.5;19195;1940
Il pleut toujours le dimanche;Romance, Drama, Crime;7.1;2576;1940
Jour de fête;Comedy;7.2;9367;1940
Miranda;Comedy, Romance, Fantasy;6.8;1219;1940
Les parents terribles;Drama;6.9;1050;1940
Les chaussons rouges;Music, Romance, Drama;8.1;41510;1940
L'Aventure sans retour - L'Odyssée du capitaine Scott;Biography, Adventure, Action, Drama, History;7.0;2616;1940
Winslow contre le roi;Drama;7.6;1962;1940
Guet-apens;Thriller, Drama, Crime;6.1;1152;1940
Edward, mon fils;Romance, Drama;6.5;1549;1940
L'Obsédé;Thriller, Film-Noir, Crime;7.3;3088;1940
Noblesse oblige;Comedy, Drama, Crime;8.0;40795;1940
Manon;Thriller, Adventure, Drama, Crime;6.8;1267;1940
Orphée;Fantasy, Romance, Drama;7.8;13987;1950
Les amants passionnés;Romance, Drama;7.2;3301;1940
Passeport pour Pimlico;Comedy;7.1;5604;1940
La Reine des cartes;Fantasy, Drama, Horror;7.1;2581;1940
Le livre noir;Romance, Adventure, Drama, History;6.9;2252;1940
La Mort apprivoisée;Romance, Thriller, Drama, War;7.1;3532;1940
Le Troisième Homme;Thriller, Drama, Film-Noir, Mystery;8.1;189719;1940
Whisky à gogo;Comedy, Crime;7.1;6999;1940
La beauté du diable;Comedy, Drama, Fantasy;7.3;1934;1950
La rose noire;Romance, Adventure, War, History;6.2;2575;1950
La lampe bleue;Thriller, Drama, Crime;6.8;2744;1950
La fille aux papillons;Drama, Crime, Mystery;6.9;1085;1950
Les enfants terribles;Drama;6.9;4482;1950
La Renarde;Romance, Drama;6.9;1633;1950
Cette sacrée jeunesse;Comedy;7.2;1998;1950
Journal d'un curé de campagne;Drama;7.7;13195;1950
Vacances sur ordonnance;Comedy, Romance, Drama;7.3;2248;1950
Madeleine;Drama, Crime, Mystery;6.9;2216;1950
Les forbans de la nuit;Thriller, Film-Noir, Crime, Sport, Drama;7.8;15965;1950
Les trafiquants du Dunbar;Drama, Crime;7.1;1332;1950
The Rocking Horse Winner;Fantasy, Drama;7.2;1495;1940
La ronde;Romance, Drama, Comedy;7.5;6231;1950
Ultimatum;Thriller, Drama;7.0;2306;1950
Si Paris l'avait su;Romance, Drama, Mystery;7.1;2630;1950
Le grand alibi;Thriller, Film-Noir, Mystery;7.0;17140;1950
L'ile au trésor;Adventure, Drama, Family;6.9;10081;1950
La femme en question;Drama, Crime, Mystery;6.8;1239;1950
Le cheval de bois;Drama, War, History;6.9;1686;1950
African Queen;Romance, Adventure, Drama;7.7;86787;1950
L'ombre d'un homme;Drama;8.0;5671;1950
Capitaine sans peur;Adventure, Action, War, Drama, History;7.3;7943;1950
Casque d'Or;Romance, Drama, Crime;7.6;6448;1950
L'enquête est close;Romance, Drama, Mystery;6.5;1138;1950
Pleure, ô pays bien-aimé;Drama;6.9;1050;1950
I'll Never Forget You;Fantasy, Romance, Drama;7.0;1118;1950
Croix en Bois, Croix en Fer;Drama, War, History;8.0;13728;1950
Rires au paradis;Comedy;7.1;2177;1950
La boîte magique;Drama, History, Biography;7.0;1464;1950
Le voyage fantastique;Thriller, Drama;7.1;4747;1950
Pandora;Fantasy, Romance, Drama, Mystery;6.9;5028;1950
Le Petit Monde de don Camillo;Comedy;7.6;5048;1950
Paul Braconnier;Comedy, Crime;7.4;1749;1950
Le Rôdeur;Thriller, Drama, Film-Noir;7.1;4807;1950
Le fleuve;Romance, Drama;7.4;7155;1950
Scrooge;Fantasy, Drama, Family;8.1;27524;1950
Les contes d'Hoffmann;Fantasy, Musical, Romance, Music;7.1;4295;1950
Jezebel;Thriller, Film-Noir, Drama, Crime;6.8;3794;1950
Le mur du son;Romance, Adventure, Drama, War;6.7;2509;1950
Le carrosse d'or;Comedy, Romance, Drama, History;7.0;3610;1950
Fanfan la Tulipe;Comedy, Adventure, Romance, War;7.1;3589;1950
The Holly and the Ivy;Drama;7.2;2211;1950
Il importe d'être constant;Comedy, Romance, Drama;7.4;6664;1950
De l'or en barres;Comedy, Crime;7.5;16329;1950
The Long Memory;Thriller, Drama, Crime;7.0;1374;1950
L'homme au complet blanc;Comedy, Drama, Sci-Fi;7.2;11235;1950
Le banni des îles;Adventure, Drama;6.9;1353;1950
Le plaisir;Comedy, Romance, Drama;7.5;5612;1950
Trois dames et un as;Comedy, Romance, Drama, Family;7.0;2012;1950
Le retour de Don Camillo;Comedy;7.2;2775;1950
Rapt;Thriller, Film-Noir, Drama, Crime;7.3;1481;1950
Capitaine Paradis;Comedy, Romance, Drama;6.8;1860;1950
La merveilleuse histoire de Mandy;Drama;7.4;1144;1950
La mer cruelle;Drama, War, History;7.4;5777;1950
Geneviève;Comedy, Adventure;7.0;3601;1950
Les chevaliers de la table ronde;Adventure, Action, Romance, Drama, Fantasy;6.2;4234;1950
Madame de...;Romance, Drama, History;7.9;11650;1950
Tonnerre sur Malte;Drama, War, History;6.5;2092;1950
L'homme de Berlin;Thriller, Film-Noir, Drama, Crime;7.0;2733;1950
Le vagabond des mers;Adventure, Action, History;6.4;1851;1950
L'homme au million;Comedy, Romance;6.8;4445;1950
Le Salaire de la peur;Thriller, Adventure, Drama;8.1;70416;1950
Plus fort que le diable;Comedy, Adventure, Action;6.4;10903;1950
Thérèse Raquin;Romance, Thriller, Drama, Crime;7.4;2010;1950
Cinq heures de terreur;Thriller, Film-Noir, Crime;6.1;1020;1950
Tortillard pour Titfield;Comedy;7.0;3526;1950
Touchez pas au grisbi;Thriller, Drama, Crime;7.7;8995;1950
Le roi de la pagaille;Comedy;6.6;1205;1950
Les Vacances de M. Hulot;Comedy;7.3;21155;1950
Voyage en Italie;Romance, Drama;7.3;13152;1950
Les inutiles;Comedy, Drama;7.8;22077;1950
Ali Baba et les 40 Voleurs;Comedy, Adventure, Romance, Fantasy;6.0;1486;1950
Angels One Five;Drama, War;6.5;1403;1950
Le beau Brummel;Romance, Drama, History, Biography;6.4;1895;1950
Les belles de Saint-Trinian;Comedy, Romance, Family;6.7;3033;1950
Les briseurs de barrages;Thriller, Action, War, Drama, History;7.4;11853;1950
Les diaboliques;Thriller, Drama, Crime, Horror;8.1;71486;1950
Toubib or not toubib;Comedy;6.5;1703;1950
Détective du bon Dieu;Comedy, Drama, Crime, Mystery;6.7;1792;1950
French Cancan;Comedy, Musical, Romance, Drama;7.3;4655;1950
Les bons meurent jeunes;Thriller, Drama, Crime;6.7;1602;1950
Maggie;Comedy;6.9;1578;1950
Chaussure à son pied;Comedy, Romance, Drama;7.7;9467;1950
Un inspecteur vous demande;Romance, Drama, Crime, Mystery;7.5;5704;1950
La dernière fois que j'ai vu Paris;Romance, Drama;6.1;4511;1950
La nuit où mon destin s'est joué;Fantasy, Thriller, Drama, Mystery;7.0;1715;1950
La flamme pourpre;Adventure, Drama, Action, War;6.5;2602;1950
La bête s'éveille;Thriller, Drama;6.5;1368;1950
Trois meurtres;Mystery, Crime, Horror, Fantasy, Drama;6.5;1216;1950
Opération Tirpitz;Drama, War;6.6;1696;1950
La ferme des animaux;Drama, Animation;7.2;20121;1950
Le gang en soutane;Comedy, Drama, Crime;7.5;7381;1950
Bob le flambeur;Thriller, Drama, Crime, Action;7.6;13875;1950
Les indomptables de Colditz;Drama, War, History;6.9;3245;1950
Du rififi chez les hommes;Thriller, Drama, Crime, Action;8.1;38056;1950
Vivre un grand amour;Romance, Drama;6.5;1549;1950
Des pas dans le brouillard;Thriller, Drama, Crime;7.0;2359;1950
Les grandes manoeuvres;Comedy, Romance, Drama;6.7;1162;1950
L'enfant et la licorne;Comedy, Drama, Family;6.4;1235;1950
Tueurs de dames;Comedy, Crime;7.6;32926;1950
Lola Montès;Romance, Drama, History, Biography;7.2;6330;1950
Dossier secret;Thriller, Mystery, Film-Noir, Crime, Drama;7.1;9671;1950
La Pointe Courte;Romance, Drama;7.0;4611;1950
L'emprisonné;Drama;6.8;1184;1950
Les aventures de Quentin Durward;Adventure, Action, Romance, Drama, History;6.3;1193;1950
Razzia sur la chnouf;Thriller, Drama, Crime;7.0;1386;1950
Vacances à Venise;Comedy, Romance, Drama;7.1;10670;1950
1984;ScienceFiction, Drama, Sci-Fi;6.9;4551;1950
La bataille du Rio de la Plata;Adventure, Action, War, Drama, History;6.6;5097;1950
La Croisée des destins;Romance, Adventure, Drama, History;6.4;2199;1950
Peine capitale;Drama, Crime;7.1;1665;1950
Grand-rue;Drama;7.7;1739;1950
Commando sur la Gironde;Drama, Action, War;6.5;2146;1950
Elena et les hommes;Comedy, Romance, Drama;6.2;2236;1950
Et Dieu... créa la femme;Romance, Drama;6.3;9855;1950
Gervaise;Romance, Drama;7.4;1738;1950
Intelligence service;Adventure, Action, War, Drama, History;6.5;2118;1950
L'homme qui n'a jamais existé;Thriller, Drama, War, History;7.4;6087;1950
La mort en ce jardin;Adventure, Drama, Crime;6.7;2737;1950
Le Monstre;ScienceFiction, Horror, Sci-Fi;6.6;7765;1950
Vainqueur du ciel;Drama, War, History, Biography;7.2;3116;1950
Richard III;Drama, History, Biography;7.3;5570;1950
Le jardinier espagnol;Drama;6.7;1081;1950
S.O.S. Scotland Yard;Drama, Crime, Mystery;7.0;1504;1950
Temps sans pitié;Thriller, Mystery, Film-Noir, Crime, Drama;6.8;2185;1950
Ma vie commence en Malaisie;Romance, Drama, War;7.2;2033;1950
La Traversée de Paris;Comedy, Drama, War;7.3;4541;1950
Le vent souffle où il veut;Thriller, Drama, War, History;8.2;28976;1950
X: L'inconnu;ScienceFiction, Mystery, Horror, Sci-Fi;6.1;3462;1950
Pour que les autres vivent;Thriller, Adventure, Drama;7.5;2052;1950
Le Redoutable Homme des neiges;Adventure, Horror;6.4;5314;1950
Frontière dangereuse;Thriller, Drama, Crime;7.2;1151;1950
L'Admirable Crichton;Comedy, Adventure, Romance;7.1;2129;1950
Les amants de Montparnasse;Romance, Drama, History, Biography;7.3;1785;1950
Amère victoire;Drama, War;6.7;2396;1950
Il était un petit navire;Comedy;6.7;1296;1950
Le Pont de la rivière Kwaï;Adventure, Drama, War, History;8.1;241860;1950
L'assassin s'était trompé;Thriller, Film-Noir, Crime;7.0;3432;1950
The Chaplin Revue;Comedy;7.7;1688;1950
L'homme à démasquer;Thriller, Drama, Crime, Mystery;7.0;1541;1950
Frankenstein s'est échappé;Thriller, ScienceFiction, Horror, Sci-Fi;7.0;13448;1950
Les espions;Thriller, Drama, Mystery;6.7;1144;1950
Les monstres invisibles;ScienceFiction, Horror, Sci-Fi;6.1;5064;1950
L'enfer des tropiques;Romance, Adventure, Drama, Action;6.0;2095;1950
Le manoir du mystère;Film-Noir, Drama, Crime;6.8;1020;1950
Une bombe pas comme les autres;Comedy, Crime;7.1;2510;1950
Un roi à New York;Comedy, Drama;7.0;9362;1950
Les trafiquants de nuit;Thriller, Film-Noir, Drama, Crime;6.7;1098;1950
Maigret tend un piège;Drama, Crime, Mystery;7.2;2356;1950
Mon oncle;Comedy;7.7;25217;1950
La vérité presque nue;Comedy;6.8;2105;1950
Rendez-vous avec la peur;Fantasy, Mystery, Horror;7.4;16443;1950
Notre-Dame de Paris;Fantasy, History, Drama, Horror;6.6;3341;1950
Les nuits blanches;Romance, Drama;7.7;9626;1950
Les nuits de Cabiria;Drama;8.1;54936;1950
L'évadé du camp 1;Adventure, Drama, War, History;7.1;2616;1950
Le prince et la danseuse;Comedy, Romance;6.4;9501;1950
La marque;ScienceFiction, Horror, Sci-Fi;6.7;5023;1950
La Revanche de Frankenstein;ScienceFiction, Horror, Sci-Fi;6.7;6551;1950
Sainte Jeanne;Drama, History, Biography;6.4;1346;1950
Sous le plus petit chapiteau du monde;Comedy;7.0;2382;1950
La Parisienne;Comedy;6.2;1072;1950
Voici le temps des assassins...;Thriller, Drama, Crime;7.5;1814;1950
La Femme en robe de chambre;Romance, Drama;7.3;1004;1950
Ascenseur pour l'échafaud;Thriller, Drama, Crime;7.9;30212;1950
Le Beau Serge;Drama;7.1;3935;1950
Fric-Fracs à gogo;Comedy;6.4;1473;1950
Bonjour tristesse;Romance, Drama;6.8;5966;1950
Un thermomètre pour le colonel;Comedy, Romance;6.2;3367;1950
Allez-y sergent!;Comedy, War;6.3;3154;1950
Agent secret S.Z;Drama, War, Biography;7.2;1957;1950
Christine;Comedy, Romance, Drama, History;6.3;1324;1950
Les diables du désert;Drama, Action, War;6.7;1253;1950
Corridors of Blood;Thriller, Drama, Crime, Horror;6.4;2433;1950
Le Cauchemar de Dracula;Drama, Horror;7.2;29664;1950
Dunkerque;Drama, Action, War, History;7.1;3735;1950
En cas de malheur;Romance, Drama, Crime;6.7;1722;1950
Inspecteur de service;Comedy, Drama, Crime, Action;6.6;1720;1950
La sépulture maudite;Mystery, Crime, Horror;6.2;2190;1950
Train d'enfer;Thriller, Film-Noir, Drama, Crime;7.2;4363;1950
Contre-espionnage à Gibraltar;Drama, War, History;6.9;1754;1950
Indiscret;Comedy, Romance;6.7;10675;1950
L'auberge du sixième bonheur;Drama, War, Biography;7.2;5619;1950
La clé;Romance, Drama, War;6.7;1782;1950
La loi c'est la loi;Comedy;7.4;1145;1950
La paix du dimanche;Drama;7.0;4548;1950
Moi, un noir;Drama, Documentary;7.3;1153;1950
Jeunes filles en uniforme;Drama;7.0;1891;1950
L'affaire Blaireau;Comedy, Family;7.1;2177;1950
Atlantique, latitude 41°;Action, Drama, History;7.9;18416;1950
Le criminel aux abois;Thriller, Drama, Crime;6.8;1150;1950
La blonde et le shérif;Comedy, Romance, Western;6.0;1438;1950
L'homme au masque de verre;Thriller, Mystery, Crime, Horror;6.7;1948;1950
General me voila!;Comedy, War;6.8;1676;1950
Le conte des deux villes;Romance, Drama, History;7.1;1681;1950
Le Tigre d'Eschnapur;Romance, Adventure, Drama;6.6;3385;1950
Too Many Crooks;Comedy, Crime;6.9;1320;1950
Chef de réseau;Thriller, Drama, War;6.9;1072;1950
Les Aventures de Tom Pouce;Music, Adventure, Musical, Family, Fantasy;6.4;3009;1950
Les amants;Romance, Drama;7.2;6190;1950
Un témoin dans la ville;Thriller, Drama, Crime;6.9;1003;1950
Hold-up à la milanaise;Comedy, Crime;6.9;1266;1950
La bataille des sexes;Comedy, Crime;6.6;1837;1960
Le Bossu;Adventure, Action, History;6.9;1615;1950
Le collège s'en va-t-en guerre;Comedy;6.2;2798;1950
Danger Ahead;Romance, Thriller, Drama, Crime;7.5;4747;1960
Les cousins;Drama;7.2;3403;1950
Deux hommes dans Manhattan;Thriller, Drama, Crime;6.6;2379;1950
Au fil de l'épée;Romance, War, Comedy, Drama, History;6.9;3080;1950
Le déjeuner sur l'herbe;Comedy, Romance;6.5;1504;1950
Été violent;Romance, Drama, War;7.3;2043;1950
La fièvre monte à El Pao;Drama;6.8;1426;1950
L'impasse aux Violences;Thriller, Drama, Crime, Horror;6.9;2523;1960
La grande guerre;Comedy, Drama, War;8.1;4849;1950
Hiroshima mon amour;Romance, Drama, History;7.8;37848;1950
Après moi le déluge;Comedy;7.1;4584;1950
Le Tombeau hindou;Romance, Adventure, Drama;6.6;3116;1950
Kapò;Drama, War, History;7.6;2800;1960
Hold-up à Londres;Comedy, Thriller, Drama, Crime;7.2;5550;1960
Les liaisons dangereuses;Romance, Drama;6.8;1594;1950
La nuit est mon ennemie;Drama, Mystery;7.2;1700;1950
Maigret et l'affaire Saint-Fiacre;Thriller, Drama, Crime, Mystery;7.0;1602;1950
L'homme qui faisait des miracles;ScienceFiction, Drama, Horror, Sci-Fi;6.3;2584;1950
Marie-Octobre;Drama, Mystery;7.5;1522;1950
La souris qui rugissait;Comedy;6.9;9784;1950
La Malédiction des pharaons;Adventure, Horror;6.6;11769;1950
Aux frontières des Indes;Adventure, Drama;7.1;3257;1950
Orfeu Negro;Music, Musical, Romance, Drama, Fantasy;7.4;12850;1950
Incertitude;Drama, Crime;7.6;26534;1950
Les 400 Coups;Drama, Crime;8.0;131452;1950
Les chemins de la haute ville;Romance, Drama;7.5;7810;1950
Opération Scotland Yard;Thriller, Drama, Crime, Mystery;7.2;2741;1950
Les dents du diable;Adventure, Drama, Crime;6.8;2120;1960
Le bouc émissaire;Thriller, Crime, Mystery;6.8;2648;1950
Le signe du lion;Drama;7.2;2444;1960
Soudain l'été dernier;Thriller, Drama, Mystery;7.5;18179;1950
Fripouillard et Cie;Comedy;7.0;1054;1950
Tout près de Satan;Romance, Drama, Action, War;6.5;1295;1950
La vache et le prisonnier;Comedy, Adventure, War;7.1;1797;1950
Cargaison dangereuse;Thriller, Mystery, Adventure, Crime, Action, Drama;6.7;3086;1950
Section d'assaut sur le Sittang;Drama, War;7.1;1409;1950
À bout de souffle;Drama, Crime;7.7;91091;1960
À double tour;Drama, Crime;6.6;1476;1950
Le silence de la colère;Drama;7.2;1771;1960
L'aventure;Romance, Drama, Mystery;7.7;35358;1960
Austerlitz;Drama, War, History;6.2;1037;1960
Le bel Antonio;Comedy, Drama;7.3;2016;1960
Les bonnes femmes;Romance, Drama, Mystery;7.2;3310;1960
Les Maîtresses de Dracula;Horror;6.6;9465;1960
Le capitan;Adventure, Action;6.3;1050;1960
Les Loustics à l'hosto;Comedy, Crime;6.2;2980;1960
Le Cirque des horreurs;Drama, Horror;6.0;2619;1960
La cité des morts;Thriller, Mystery, Horror;6.7;9176;1960
Les criminels;Thriller, Drama, Crime;6.8;1854;1960
Le jour où l'on dévalisa la Banque d'Angleterre;Thriller, Drama, Crime;6.6;1048;1960
La douceur de vivre;Comedy, Drama;8.0;82545;1960
Le cabotin;Music, Drama;7.1;3948;1960
...et mourir de plaisir;Romance, Drama, Horror;6.5;1541;1960
Le Général de la Rovere;Drama, War;7.7;3889;1950
Ailleurs, l'herbe est plus verte;Comedy, Romance, Drama;6.4;6086;1960
Les voyages de Gulliver;Music, Adventure, Comedy, Family, Fantasy;6.4;3241;1960
Un homme pour le bagne;Thriller, Crime;7.0;1590;1960
Le désert de la peur;Adventure, Drama, War;7.7;6943;1950
Jack l'Éventreur;Thriller, Mystery, Crime, Horror, Drama, History;6.1;1067;1950
La patrouille égarée;Drama, War;6.7;1041;1960
Un vison pour mademoiselle;Comedy;7.0;1172;1960
Moderato cantabile;Romance, Drama;6.9;1348;1960
Le Moulin aux femmes de pierre;ScienceFiction, Horror, Sci-Fi;6.5;2263;1960
Quand gronde la colère;Thriller, Drama, Crime;7.1;1764;1960
Never Take Candy from A Stranger;Thriller, Drama, Mystery, Horror;7.4;2166;1960
La Nuit;Romance, Drama;7.9;25347;1960
Notre agent à La Havane;Comedy, Thriller, Drama, Crime;7.2;6369;1950
Paris nous appartient;Thriller, Drama, Mystery;6.7;2815;1960
Le voyeur;Thriller, Drama, Horror;7.6;41962;1960
Le Petit Soldat;Drama, War;7.1;8450;1960
Plein soleil;Thriller, Drama, Crime;7.7;22290;1960
La fille à la valise;Romance, Drama, Comedy;7.4;2626;1960
Rocco et ses frères;Drama, Crime, Sport;8.2;24199;1960
Samedi soir, dimanche matin;Romance, Drama;7.5;9671;1960
L'académie des coquins;Comedy;7.3;4124;1960
Coulez le Bismarck!;Drama, Action, War, History;7.2;8719;1960
Amants et fils;Drama;7.1;1874;1960
Les Étrangleurs de Bombay;Adventure, Horror, Action, History;6.2;1385;1950
Horizons sans frontières;Western, Adventure, Drama;7.1;5074;1960
Le diabolique docteur Mabuse;Thriller, Crime, Mystery;6.9;4058;1960
Le testament d'Orphée;Fantasy, Drama, Biography;7.2;3921;1960
Tirez sur le pianiste;Thriller, Drama, Crime;7.4;21340;1960
Les procès d'Oscar Wilde;Drama, History, Biography;7.1;1185;1960
Le trou;Thriller, Drama, Crime, History;8.5;21896;1960
Les fanfares de la gloire;Drama;7.5;4889;1960
La grande pagaille;Comedy, Drama, War;7.7;1561;1960
Les Deux Visages du Dr Jekyll;Romance, ScienceFiction, Horror;6.3;3632;1960
Le paradis des monte-en-l'air;Comedy, Action, Crime;6.8;2858;1960
Un taxi pour Tobrouk;Drama, War, History;7.2;2182;1960
Une aussi longue absence;Drama, Mystery;7.0;1164;1960
Le village des damnés;ScienceFiction, Horror, Sci-Fi;7.3;20094;1960
La vérité;Romance, Drama, Crime;7.6;4883;1960
Le monde de Suzie Wong;Romance, Drama;6.9;2862;1960
Zazie dans le métro;Comedy, Fantasy;6.9;7074;1960
Tout au long de la nuit;Music, Drama;7.1;1722;1960
L'année dernière à Marienbad;Romance, Drama, Mystery;7.6;26052;1960
Carry on Regardless;Comedy;6.0;2637;1960
Pas de crédit pour les caves;Thriller, Drama, Crime, Mystery;7.5;3270;1960
Le cave se rebiffe;Comedy, Crime;7.0;1490;1960
La Nuit du loup-garou;Horror;6.5;7534;1960
Le Jour où la Terre prit feu;Romance, ScienceFiction, Drama, Sci-Fi;7.2;6588;1960
Le doulos;Thriller, Drama, Crime;7.7;12707;1960
L'Enquête mystérieuse;Drama, Crime;6.3;1227;1960
Traitement de choc;Thriller, Drama, Crime, Mystery;6.0;1128;1960
Aimez-vous Brahms?;Romance, Drama;7.0;3233;1960
La Guerre des boutons;Comedy, Drama, Family;7.4;2936;1960
Les Canons de Navarone;Adventure, Drama, Action, War;7.5;57704;1960
Les Innocents;Thriller, Drama, Mystery, Horror;7.7;34614;1960
La ruée des Vikings;Romance, Adventure, Action;6.2;1045;1960
En Angleterre occupée;Drama, War, Sci-Fi;6.7;1298;1960
Jules et Jim;Romance, Drama;7.7;45860;1960
Léon Morin, prêtre;Romance, Drama, War;7.5;5991;1960
Lola;Romance, Drama;7.4;8115;1960
La marque;Drama;7.2;1076;1960
Le train de 16h50;Comedy, Drama, Crime, Mystery;7.3;9035;1960
L'Île mystérieuse;Fantasy, Adventure, ScienceFiction, Family;6.7;9174;1960
La lame nue;Thriller, Crime, Mystery;6.6;1618;1960
Les gangsters;Drama, Crime;7.0;1003;1960
Le président;Thriller, Drama;7.2;1127;1960
The Pure Hell of St. Trinian's;Comedy;6.0;1028;1960
Call Me Genius;Comedy;6.8;1251;1960
Le spectre du chat;Thriller, Mystery, Horror;6.3;1725;1960
Hurler de peur;Thriller, Mystery, Horror;7.4;5985;1960
Un goût de miel;Drama;7.4;6633;1960
Tintin et le Mystère de la Toison d'Or;Comedy, Adventure, Drama;6.1;1645;1960
Une femme est une femme;Comedy, Romance, Drama;7.3;19815;1960
La victime;Thriller, Drama, Crime;7.7;7698;1960
Le vent garde son secret;Drama, Crime;7.6;3950;1960
L'Amour à 20 ans;Romance, Drama;7.2;2516;1960
Billy Budd;Adventure, Drama, War, Action;7.8;5148;1960
Boccace 70;Comedy, Romance, Fantasy;7.0;5330;1960
Le caporal épinglé;Comedy, Drama, War;7.0;1087;1960
La folle croisière;Comedy, Romance;6.1;3369;1960
Cartouche;Comedy, Adventure, Action;6.5;3094;1960
Cléo de 5 à 7;Comedy, Drama, Music;7.8;29539;1960
Les mutinés du Téméraire;Adventure, Drama, Action, History;7.1;3187;1960
La révolte des triffides;Thriller, ScienceFiction, Horror, Sci-Fi;6.1;9350;1960
Le Diable et les Dix Commandements;Comedy, Drama;6.7;1050;1960
Les dimanches de Ville d'Avray;Drama;7.8;4968;1960
James Bond 007 contre docteur No;Thriller, Adventure, Action;7.2;186012;1960
Le gentleman d'Epsom;Comedy, Crime;6.1;1080;1960
L'horrible Dr. Orlof.;Horror;6.1;1887;1960
Le mystère de la villa blanche;Drama, Crime, Mystery;7.2;1821;1960
Un amour pas comme les autres;Romance, Drama;7.3;2816;1960
Landru;Comedy, Drama, Crime, Biography;6.4;1287;1960
Rogopag;Comedy, Drama;6.8;2373;1960
Lawrence d'Arabie;Biography, Adventure, War, Drama, History;8.3;329066;1960
Lolita;Romance, Drama, Comedy, Crime;7.5;112462;1960
La solitude du coureur de fond;Drama, Sport;7.5;9697;1960
Docteur Vengeance;Thriller, Adventure, Crime, Horror, Drama;6.6;3917;1960
Brûle, sorcière, brûle !;Drama, Horror;6.9;4385;1960
Le week-end de l'épouvante;Comedy, Thriller, Mystery, Horror;6.3;1061;1960
L'OEil du malin;Drama;7.0;1141;1960
On the Beat;Comedy;6.8;1098;1960
On n'y joue qu'à deux;Comedy, Drama;6.5;1470;1960
Mot de passe: courage;Comedy, Drama, War;6.8;1600;1960
Phaedra;Drama;6.8;2004;1960
Le fantôme de l'opéra;Music, Drama, Mystery, Horror;6.4;3955;1960
Astronautes malgré eux;Comedy, Musical, Sci-Fi;6.1;2858;1960
Le trésor du lac d'argent;Western, Adventure, Drama;6.8;3828;1960
Le soupirant;Comedy, Drama;7.2;1159;1960
Un singe en hiver;Comedy, Drama;7.4;3568;1960
Vivre sa vie;Drama;7.8;36461;1960
L'homme qui aimait la guerre;Adventure, Drama, War;6.5;2329;1960
Jules de Londres;Comedy, Crime;6.7;2514;1960
L'éclipse;Romance, Drama;7.7;23388;1960
8½;Fantasy, Drama;8.0;129251;1960
L'aîné des Ferchaux;Adventure, Drama, Crime;6.5;1913;1960
La Baie des anges;Romance, Drama;7.2;4492;1960
Billy le menteur;Comedy, Romance, Drama;7.2;7379;1960
Les carabiniers;Comedy, Drama, War;6.7;3791;1960
Carambolages;Comedy, Crime;6.1;1107;1960
Carry on Cabby;Comedy, Adventure, Romance;6.4;3183;1960
Cent mille dollars au soleil;Comedy, Adventure, Action;7.0;2907;1960
Ces êtres venus d'ailleurs;ScienceFiction, Drama, Mystery, Horror;6.2;5235;1960
Les camarades;Drama, Crime, History;8.0;3540;1960
Le Couteau dans la plaie;Thriller, Drama, Crime;6.2;1333;1960
Le mari de la femme à barbe;Comedy, Drama;7.3;1038;1960
Docteur Folamour;Comedy, Drama, War;8.3;537560;1960
Faites sauter la banque!;Comedy, Crime;6.7;2768;1960
Le feu follet;Drama;7.8;11072;1960
Bons Baisers de Russie;Thriller, Adventure, Action;7.3;150953;1960
Le Corps et le Fouet;Romance, Mystery, Horror;6.6;4956;1960
Le Guépard;Drama, History;7.9;32290;1960
La Maison du diable;Horror;7.4;44230;1960
Le ciel vous regarde !;Comedy;6.7;1763;1960
L'ombre du passé;Music, Drama;6.9;1756;1960
Hier, aujourd'hui et demain;Comedy, Romance, Drama;7.2;10797;1960
L'immortelle;Drama, Mystery;7.2;1490;1960
Jason et les Argonautes;Fantasy, Adventure, Action, Family;7.3;32726;1960
Le Baiser du vampire;Horror;6.2;4206;1960
La Chambre indiscrète;Romance, Drama;7.3;2368;1960
The leather boys;Romance, Drama;7.1;1122;1960
Les Drakkars;Adventure, Drama;6.0;3292;1960
Sa majesté des mouches;Thriller, Adventure, Drama;6.9;21163;1960
Les Monstres;Comedy;7.4;2907;1960
La souris sur la lune;Comedy, Romance, Drama, Sci-Fi;6.3;2026;1960
Meurtre au galop;Thriller, Mystery, Crime, Comedy, Drama;7.2;7199;1960
Muriel ou le temps d'un retour;Drama;7.0;3949;1960
Mélodie en sous-sol;Romance, Drama, Crime;7.3;4874;1960
Le mépris;Romance, Drama;7.4;37451;1960
Les cavaliers rouges;Western, Adventure, Drama;6.1;1931;1960
Paranoïaque !;Thriller, Drama, Mystery, Horror;6.7;3529;1960
Pouic-Pouic;Comedy;6.5;2196;1960
Le procès;Thriller, Drama, Crime, Mystery;7.6;25649;1960
Le deuxième homme;Thriller, Drama, Crime;6.5;2088;1960
The Servant;Drama;7.8;14941;1960
Docteur, ne coupez pas !;Comedy;6.9;1335;1960
Vacances d'été;Comedy, Musical, Romance, Music;6.1;1977;1960
Le prix d'un homme;Drama, Sport;7.5;7406;1960
Tom Jones : Entre l'alcôve et la potence;Comedy, Adventure, Romance, History;6.4;14835;1960
Le terminus des prétentieux;Comedy, Action, Crime;7.7;6864;1960
Les trois visages de la peur;Horror;7.0;14880;1960
Unearthly Stranger;ScienceFiction, Mystery, Horror, Sci-Fi;6.4;1067;1960
Hôtel international;Drama;6.3;4436;1960
Les vainqueurs;Drama, War;6.9;1871;1960
L'énigme du serpent noir;Mystery, Crime, Horror;6.2;1080;1960
Mission 633;Drama, War, History;6.4;4771;1960
La 7ème Aube;Adventure, Drama, War;6.4;1229;1960
Les amitiés particulières;Romance, Drama;7.7;3198;1960
Angélique, marquise des anges;Romance, Adventure, Drama, History;6.7;3148;1960
Bande à part;Comedy, Romance, Drama, Crime;7.6;28041;1960
Les Barbouzes;Comedy, Thriller, Action, Mystery;6.8;2079;1960
Arrête ton char Cléo;Comedy, Adventure, Romance;6.7;5257;1960
Agent secret 00.0H contre docteur Crow;Comedy;6.2;3268;1960
Mystère sur la falaise;Drama, Mystery;7.2;2791;1960
Le Corniaud;Comedy, Adventure, Crime;7.3;8516;1960
Danse Macabre;Horror;6.8;3121;1960
Le désert rouge;Drama;7.4;18537;1960
L'Empreinte de Frankenstein;ScienceFiction, Horror;6.0;4906;1960
Fantômas;Comedy, Adventure, Crime;6.9;12898;1960
Les Premiers Hommes dans la Lune;Adventure, ScienceFiction, Sci-Fi;6.5;6744;1960
Ni saints ni saufs;Romance, Thriller, Drama, Crime;7.0;3269;1960
Le Gendarme de Saint-Tropez;Comedy, Crime;7.1;14583;1960
La fille aux yeux verts;Romance, Drama;6.9;1592;1960
Goldfinger;Thriller, Adventure, Action;7.7;209181;1960
La Gorgone;Fantasy, Horror;6.4;7432;1960
Le Concierge;Drama;7.1;1057;1960
Les Canons de Batasi;Action, Drama, War, History;7.1;2037;1960
Quatre Garçons dans le vent;Comedy, Musical, Music;7.5;49688;1960
L'homme du Minnesota;Western, Action, War, Romance, Drama;6.0;1003;1960
L'homme de Rio;Comedy, Adventure, Action;7.0;6685;1960
L'insoumis;Thriller, Drama;7.0;1128;1960
Le journal d'une femme de chambre;Drama, Crime;7.4;10116;1960
Pour l'exemple;Drama, War;7.5;2674;1960
Le Masque de la mort rouge;Drama, Horror;6.9;17278;1960
Mariage à l'italienne;Comedy, Romance, Drama;7.4;11948;1960
Merveilleuse Angélique;Romance, Adventure, Mystery, History;6.6;1869;1960
Passage à tabac;Thriller, Mystery, Crime, Comedy, Drama;7.0;6094;1960
Lady détective entre en scène;Thriller, Mystery, Crime, Comedy, Drama;7.1;6624;1960
La force des ténèbres;Thriller, Crime;6.4;1041;1960
Meurtre par procuration;Thriller, Horror, Mystery;6.7;2730;1960
L'ennui;Drama;6.8;1084;1960
L'ange pervers;Drama;6.5;1164;1960
Les parapluies de Cherbourg;Romance, Musical, Drama;7.8;33226;1960
La Peau douce;Romance, Drama;7.5;8778;1960
Le mangeur de citrouilles;Drama;7.1;3114;1960
Le rideau de brume;Thriller, Drama, Crime;7.6;7822;1960
Séduite et abandonnée;Comedy, Drama;7.9;4094;1960
6 femmes pour l'assassin;Thriller, Mystery, Crime, Horror, Drama;7.1;14209;1960
Quand l'inspecteur s'emmêle;Comedy, Crime, Mystery;7.3;32455;1960
Le Secret du docteur Whitset;Thriller, Drama, Crime, Mystery;6.5;1469;1960
La Tulipe noire;Comedy, Adventure, Action;6.6;3062;1960
Une femme mariée;Romance, Drama;7.1;4580;1960
L'Évangile selon saint Matthieu;Drama, History, Biography;7.6;14436;1960
Week-end à Zuydcoote;Drama, War;6.9;2084;1960
Le trésor des montagnes bleues;Western, Adventure, Drama;6.5;3747;1960
Witchcraft;Horror;6.1;1692;1960
La femme de paille;Thriller, Drama, Crime;6.8;3274;1960
Zoulou;Action, Drama, War, History;7.7;44521;1960
La 317ème section;Drama, War, History;7.3;1754;1960
Alphaville, une étrange aventure de Lemmy Caution;Comedy, ScienceFiction, Drama, Mystery;7.0;29014;1960
Angélique et le roy;Romance, Adventure, History;6.6;1892;1960
Aux postes de combat;Thriller, Drama, War, Action;7.3;6250;1960
Le bonheur;Romance, Drama;7.6;10561;1960
Bunny Lake a disparu;Thriller, Drama, Mystery;7.3;10810;1960
Carry on Cowboy;Comedy, Western;6.2;3544;1960
Casanova;Comedy, Drama;6.4;1441;1960
L'obsédé;Thriller, Drama;7.5;12520;1960
Don Camillo en Russie;Comedy, History;6.9;2066;1960
Compartiment tueurs;Drama, Crime, Mystery;7.2;2431;1960
Darling chérie;Romance, Drama;7.0;8223;1960
La dixième victime;ScienceFiction, Romance, Action, Comedy, Drama;6.6;5368;1960
Die! Die! My Darling!;Thriller, Mystery, Horror;6.3;3259;1960
Le docteur Jivago;Romance, Drama, War;7.9;84581;1960
Le dollar troué;Romance, Action, Western;6.4;1309;1960
Le train des épouvantes;Horror;6.6;8104;1960
Dracula - Prince des ténèbres;Horror;6.6;11416;1960
Eva;Romance, Drama;6.4;2163;1960
Fantômas contre Interpol;Comedy, Adventure, Crime, Fantasy;6.8;8806;1960
Juliette des esprits;Comedy, Drama, Fantasy;7.4;15277;1960
Les grandes gueules;Adventure, Crime, Action, Comedy, Drama;6.9;1183;1960
Au secours !;Comedy, Adventure, Musical, Music;7.1;21780;1960
Les héros de Télémark;Drama, Action, War, History;6.5;8531;1960
Cyclone à la Jamaïque;Adventure, Drama, Action;6.5;2436;1960
La Colline des hommes perdus;Drama, War;7.8;15906;1960
Ipcress - Danger immédiat;Thriller, Drama, Mystery;7.2;18642;1960
Le Knack... et comment l'avoir;Comedy, Romance;6.3;3915;1960
Lord Jim;Romance, Adventure, Drama;6.7;4394;1960
Confession à un cadavre;Thriller, Drama, Mystery;7.1;7113;1960
Ne nous fâchons pas;Comedy, Crime;6.6;1490;1960
Les Tueurs de San Francisco;Thriller, Drama, Crime;6.5;2293;1960
Opération Crossbow;Drama, Action, War;6.6;5786;1960
Paris vu par...;Comedy, Drama;6.7;1495;1960
Pierrot le fou;Romance, Thriller, Drama, Crime;7.4;38813;1960
Procès de Jeanne d'Arc;Drama, History, Biography;7.4;6298;1960
La fleur de l'âge;Drama;7.2;1254;1960
Raspoutine, le moine fou;Drama, Horror, Biography;6.2;3626;1960
Répulsion;Thriller, Drama, Horror;7.6;59634;1960
Le démon est mauvais joueur;Thriller, Drama, Crime;6.9;1303;1960
Les Sables du Kalahari;Adventure, Drama, Crime, Action;6.7;1624;1960
Le crâne maléfique;Thriller, Horror;6.2;3812;1960
L'espion qui venait du froid;Thriller, Drama;7.5;19647;1960
Sherlock Holmes contre Jack l'Éventreur;Thriller, Mystery, Crime, Horror, Drama;6.5;2686;1960
La Planète des vampires;Adventure, ScienceFiction, Action, Horror;6.2;7656;1960
Ces merveilleux fous volants dans leurs drôles de machines;Comedy, Adventure, Family;7.0;9546;1960
Opération Tonnerre;Thriller, Adventure, Action;6.9;131583;1960
La tombe de Ligeia;Thriller, Drama, Horror;6.4;7193;1960
Le train;Thriller, Action, War;7.8;20580;1960
Les tribulations d'un Chinois en Chine;Comedy, Adventure, Action;6.2;2529;1960
La vie de château;Comedy, Romance, Drama;6.8;1195;1960
Quoi de neuf Pussycat ?;Comedy, Romance;6.1;11502;1960
La Rolls-Royce jaune;Comedy, Romance, Drama;6.4;4193;1960
Le Jeune Cassidy;Drama, Biography;6.5;1409;1960
Yoyo;Comedy, Drama, Family;7.5;1799;1960
Viva Maria!;Comedy, Adventure, Romance, Western;6.3;4200;1960
Alfie le dragueur;Comedy, Romance, Drama;7.0;16365;1960
L'armée Brancaleone;Comedy, Adventure, History;7.7;5586;1960
Au hasard Balthazar;Drama;7.7;24011;1960
Blow-Up;Thriller, Drama, Mystery;7.4;70502;1960
Le crépuscule des aigles;Adventure, Action, War, Romance, Drama;7.1;7931;1960
Vivre libre;Adventure, Drama, Biography;7.2;7290;1960
Carry on Screaming!;Comedy, Horror;6.7;6119;1960
Les créatures;Fantasy, Drama;6.4;1410;1960
Cul-de-sac;Comedy, Thriller, Drama;7.0;14483;1960
2 ou 3 choses que je sais d'elle;Comedy, Drama;6.5;8967;1960
Le deuxième souffle;Drama, Crime, Action;7.9;7150;1960
Carry on Don't Lose Your Head;Comedy, Adventure, Action;6.5;3284;1960
Fahrenheit 451;ScienceFiction, Drama, Sci-Fi;7.2;46541;1960
Chaque chose en son temps;Comedy, Romance, Drama;7.3;1995;1960
Fantômas contre Scotland Yard;Comedy, Adventure, Crime, Fantasy;6.7;8370;1960
Mes funérailles à Berlin;Thriller;6.8;8205;1960
Le forum en folie;Comedy, Musical, Music;6.8;10241;1960
Le Gendarme à New York;Comedy, Crime;6.4;8828;1960
Georgy Girl;Comedy, Romance, Drama;6.9;4445;1960
La Grande Vadrouille;Comedy, Adventure, War;7.9;21315;1960
Les Grandes Vacances;Comedy, Adventure;6.5;3947;1960
La guerre est finie;Thriller, Drama, War;7.3;2573;1960
Les Daces;Drama, War, History, Biography;7.6;2106;1960
Je la connaissais bien;Drama;7.6;3440;1960
Île de cauchemar;ScienceFiction, Horror, Sci-Fi;6.1;4309;1960
Les désarrois de l'élève Törless;Thriller, Drama, History;7.2;2786;1960
Khartoum;Adventure, Action, War, Drama, History;6.8;8752;1960
Made in U.S.A;Comedy, Crime, Mystery;6.2;4776;1960
Mademoiselle;Drama;7.1;1773;1960
Un homme pour l'éternité;Drama, History, Biography;7.7;38718;1960
Marat/Sade;Music, Drama, History;7.5;2788;1960
Masculin Féminin: 15 Faits Précis;Romance, Drama;7.4;18268;1960
Le diabolique docteur Z;ScienceFiction, Horror, Sci-Fi;6.6;1276;1960
Morgan;Comedy, Drama, Fantasy;6.5;2164;1960
La noire de...;Drama;7.4;6671;1960
La Libération de Paris;Drama, War, History;6.8;5410;1960
L'Invasion des morts-vivants;Horror;6.5;5951;1960
Poupées de cendres;Thriller, Mystery, Crime, Horror;6.0;1255;1960
Qui êtes-vous, Polly Maggoo ?;Comedy, Drama;6.8;1318;1960
Le secret du rapport Quiller;Thriller, Drama, Crime, Mystery;6.3;4563;1960
Suzanne Simonin, La religieuse de Denis Diderot;Drama;7.5;3412;1960
La femme reptile;Horror;6.1;4231;1960
Le Roi de cœur;Comedy, Drama, War;7.3;4582;1960
Les dix petits indiens;Thriller, Crime, Mystery;6.6;5641;1960
Drôles de zèbres!;Comedy, Adventure, Romance;6.4;1237;1960
Thunderbirds et l'odyssée du cosmos;ScienceFiction, Animation, Adventure, Action, Family, Drama;6.4;2708;1960
Trans-Europ-Express;Comedy, Thriller, Drama, Mystery;7.0;2219;1960
L'aventure sauvage;Romance, Adventure, Drama;7.1;2390;1960
Un homme et une femme;Romance, Drama;7.5;12718;1960
Les chuchoteurs;Thriller, Drama;7.1;1582;1960
Un mort en pleine forme;Comedy, Adventure, Crime;6.7;4191;1960
Accident;Romance, Drama, Crime;6.8;5193;1960
Alexandre le Bienheureux;Comedy, Drama;7.3;2416;1960
Angélique et le Sultan;Romance, Adventure, History;6.3;1693;1960
Astérix le Gaulois;Animation, Adventure, Action, Family, Comedy;6.6;12559;1960
Les Aventuriers;Romance, Adventure, Drama;7.0;4238;1960
Fantasmes;Comedy, Romance, Fantasy;6.7;10106;1960
Belle de jour;Romance, Drama;7.6;51578;1960
La belle et le cavalier;Comedy, Romance, Fantasy;6.0;1599;1960
Infirmières en folie;Comedy;6.5;4340;1960
La chinoise, ou plutôt à la chinoise: Un film en train de se faire;Comedy, Drama;6.9;8701;1960
Les comédiens;Drama;6.3;2371;1960
La comtesse de Hong-Kong;Comedy, Romance;6.0;7315;1960
M.15 demande protection;Thriller, Drama, Crime, Mystery;6.7;4438;1960
Diaboliquement vôtre;Thriller, Drama, Crime;6.0;2074;1960
12 salopards;Adventure, Action, War;7.7;81714;1960
L'oeil du malin;Mystery, Crime, Horror;6.1;3480;1960
Triple Cross: La fantastique histoire vraie d'Eddie Chapman;Adventure, Drama, Action, War;6.3;3346;1960
Loin de la foule déchaînée;Romance, Drama, History;7.2;6505;1960
Le bal des vampires;Comedy, Horror;7.0;35071;1960
Carry on Follow That Camel;Comedy, Adventure, Romance;6.0;2803;1960
Frankenstein créa la femme;ScienceFiction, Horror, Sci-Fi;6.5;5745;1960
Le Grand Restaurant;Comedy, Action;6.7;7041;1960
Qu'arrivera-t-il après?;Comedy, Drama;6.2;1110;1960
Indomptable Angélique;Romance, Adventure;6.5;1644;1960
La mariée était en noir;Drama, Crime, Mystery;7.2;10934;1960
Mouchette;Drama;7.7;13587;1960
La nuit des généraux;Thriller, Mystery, Crime, Action, War, Drama;7.2;9184;1960
Operation San Gennaro;Comedy, Crime;6.9;1914;1960
Oscar;Comedy;7.5;7977;1960
Chaque soir à neuf heures;Thriller, Drama;7.2;2397;1960
Le pacha;Drama, Crime;6.7;1562;1960
Le Petit Baigneur;Comedy;6.6;4821;1960
Playtime;Comedy;7.8;27729;1960
Pas de larmes pour Joy;Romance, Drama, Crime;6.8;2127;1960
Privilège;Comedy, Drama, Music;6.8;1367;1960
Le Monstre des abîmes;ScienceFiction, Mystery, Horror, Sci-Fi;7.0;12073;1960
Trois milliards d'un coup;Thriller, Drama, Crime;6.9;2223;1960
Le Samouraï;Thriller, Drama, Crime;8.0;62431;1960
Mesdames et messieurs;Comedy;7.5;1864;1960
La Créature invisible;Horror, Sci-Fi;6.2;2575;1960
L'étranger;Drama;7.1;3348;1960
Les anges aux poings serrés;Drama;7.6;21307;1960
Le jardin des tortures;Fantasy, Horror;6.1;3630;1960
Voyage à deux;Comedy, Romance, Drama;7.4;15221;1960
Ulysse;Drama;6.4;1031;1960
Les bas quartiers;Drama;6.9;1057;1960
La 25ème heure;Drama, War;7.4;2436;1960
Le Voleur;Comedy, Drama, Crime;6.8;2439;1960
Week-end;Comedy, Adventure, Drama;6.9;16303;1960
On ne vit que deux fois;Thriller, Adventure, Action;6.8;121779;1960
2001 : L'Odyssée de l'espace;Adventure, ScienceFiction, Mystery, Sci-Fi;8.3;753418;1960
Adieu l'ami;Thriller, Adventure, Crime, Action, Drama;6.7;4525;1960
The Anniversary;Comedy, Thriller, Drama;6.9;2942;1960
Astérix et Cléopâtre;Comedy, Adventure, Family, Animation;7.2;15219;1960
Baisers volés;Comedy, Romance, Drama;7.5;15949;1960
La bataille de San Sebastian;Western, Adventure, Drama, Action;6.6;2502;1960
Les Biches;Romance, Drama;6.9;3686;1960
The Birthday Party;Thriller, Drama, Mystery;6.4;1271;1960
Carry on Up the Khyber;Comedy, Adventure;6.8;5731;1960
La charge de la brigade légère;Drama, War, History;6.6;4099;1960
Chitty Chitty Bang Bang;Music, Adventure, Comedy, Family, Fantasy;7.0;52779;1960
Maldonne pour un espion;Thriller, Drama, Action;6.1;1388;1960
Danger: Diabolik!;Comedy, Action, Crime;6.5;7604;1960
Le dernier train du Katanga;Thriller, Adventure, Action, War, Drama;6.8;3708;1960
Les demoiselles de Rochefort;Comedy, Musical, Romance, Drama;7.7;12949;1960
Les Vierges de Satan;Horror;6.9;10887;1960
Dracula et les femmes;Fantasy, Drama, Horror;6.5;8610;1960
L'homme de Kiev;Drama;6.8;1529;1960
Émile '68;Drama;6.0;1213;1960
Le gendarme se marie;Comedy, Romance;6.8;9038;1960
La mafia fait la loi;Drama, Crime, Mystery;7.0;2129;1960
Goto, l'île d'amour;Drama;6.5;1026;1960
Le Grand Silence;Western, Drama, Action;7.7;19266;1960
L'homme qui ment;Drama, War;6.8;1010;1960
Chauds les millions;Comedy, Crime;6.8;2515;1960
Isadora;Music, Biography, Romance, Drama, History;6.8;2768;1960
Je t'aime, je t'aime;ScienceFiction, Drama, Sci-Fi;7.1;3494;1960
Le Lion en hiver;Drama, History, Biography;7.8;35536;1960
Le mandat;Comedy, Drama;7.3;1634;1960
Le Grand Inquisiteur;History, Drama, Horror;6.7;13046;1960
Oliver!;Music, Musical, Drama, Family;7.4;43081;1960
Une folle envie d'aimer;Romance, Thriller, Drama;6.0;1892;1960
Petulia;Romance, Drama;6.8;3570;1960
Enfants de salauds;Adventure, Drama, War;6.8;4000;1960
La fille au pistolet;Comedy, Romance, Drama;6.7;1861;1960
Sartana;Western, Drama, Action, Mystery;6.3;2057;1960
La mouette;Romance, Drama;6.6;1134;1960
Cérémonie secrète;Thriller, Drama;6.2;2789;1960
Le Tatoué;Comedy;6.5;3736;1960
Thunderbirds et Lady Pénélope;ScienceFiction, Animation, Adventure, Action, Family, Drama;6.3;1680;1960
Histoires extraordinaires;Drama, Mystery, Horror;6.4;7401;1960
Sous l'emprise du démon;Thriller, Drama, Horror;7.0;2606;1960
Une corde... un Colt...;Western, Drama;6.7;2587;1960
Le vieil homme et l'enfant;Comedy, Drama;7.6;2634;1960
Yellow Submarine;Music, Animation, Adventure, Comedy, Fantasy;7.4;28951;1960
If....;Drama, Crime;7.4;25873;1960
Age of Consent;Comedy, Romance, Drama;6.3;3966;1960
Alfred le Grand, vainqueur des Vikings;Drama, War, History;6.2;1154;1960
Anne des mille jours;Romance, Drama, History, Biography;7.4;8485;1960
L'armée des ombres;Thriller, Drama, War;8.1;27692;1960
Assassinats en tous genres;Thriller, Adventure, Crime, Action, Comedy;6.4;3744;1960
La Bataille d'Angleterre;Drama, Action, War, History;6.9;25661;1960
L'ultime garçonnière;Comedy, ScienceFiction, Sci-Fi;6.1;2726;1960
Le boucher;Thriller, Drama, Mystery;7.3;9754;1970
Carry on Again Doctor;Comedy;6.2;3170;1960
Les Cinglés du camping;Comedy;6.6;6176;1960
Les choses de la vie;Romance, Drama;7.4;5921;1970
Le clan des Siciliens;Drama, Crime;7.4;9879;1960
Si douces, si perverses;Thriller, Mystery, Crime, Horror;6.0;1413;1960
Dernier domicile connu;Thriller, Drama, Crime, Mystery;6.9;2016;1970
Le Diable par la queue;Comedy, Crime;6.7;1061;1960
Antonio das Mortes;Drama, Action, Crime, History;7.0;2454;1960
L'enfant sauvage;Drama, History, Biography;7.5;9233;1970
La horse;Thriller, Drama, Crime;6.8;1036;1970
La femme infidèle;Thriller, Drama;7.4;4663;1960
La fiancée du pirate;Comedy, Drama;6.9;1098;1960
Le grand amour;Comedy, Romance;7.5;1471;1960
L'extraordinaire évasion;Comedy, Adventure, Action, War;6.6;1876;1960
Hibernatus;Comedy, ScienceFiction, Fantasy, Sci-Fi;6.6;7017;1960
I Start Counting;Thriller, Mystery;6.9;1286;1970
L'or se barre;Comedy, Thriller, Action, Crime;7.2;52379;1960
Danger, planète inconnue;ScienceFiction, Drama, Sci-Fi;6.3;4204;1960
Kes;Drama, Family;7.9;24340;1960
Ma nuit chez Maud;Comedy, Romance, Drama;7.8;15369;1960
Mister Freedom;Comedy, Drama, Crime;6.4;1312;1960
Model Shop;Romance, Drama;6.7;2279;1960
Gonflés à bloc;Comedy, Adventure, Romance, Action;6.1;2656;1960
More;Romance, Drama, Crime;6.4;3354;1960
Girly;Comedy, Crime, Horror;6.5;1703;1970
Le cercueil vivant;Horror;6.0;4156;1960
Ah! Dieu que la guerre est jolie;Comedy, Musical, Music, War;7.0;3391;1960
Au service secret de Sa Majesté;Thriller, Adventure, Action;6.7;103487;1960
Formule un;Thriller, Drama, Crime, Horror;6.3;1550;1970
Le passager de la pluie;Thriller, Drama, Crime, Mystery;6.6;4121;1970
La piscine;Romance, Drama, Crime;7.1;14986;1960
Orgie;Drama;6.6;4158;1960
Les belles années de Miss Brodie;Comedy, Romance, Drama;7.6;10802;1960
Que la bête meure;Thriller, Drama, Crime;7.6;5072;1960
Ring of Bright Water;Comedy, Drama, Family;7.1;1719;1960
La baie sanglante 2;Thriller, Mystery, Horror;6.3;4637;1970
La sirène du Mississipi;Romance, Thriller, Drama, Crime;6.9;7799;1960
Le Spécialiste;Western;6.3;1557;1960
Une messe pour Dracula;Fantasy, Drama, Horror;6.3;7278;1970
Le Temple du Soleil;Comedy, Adventure, Family, Animation;6.6;2307;1960
Un coin tranquille à la campagne;Fantasy, Drama, Horror;6.5;2272;1960
La machination;Thriller, Drama, Mystery, Horror;6.6;2872;1960
Une femme douce;Romance, Drama;7.3;3207;1960
Les oiseaux, les orphelins et les fous;Comedy, Drama, Fantasy;7.1;1070;1960
Quand les aigles attaquent;Adventure, Action, War;7.6;65470;1960
Z ou l'anatomie d'un assassinat politique;Thriller, Drama, Crime, History;8.1;32709;1960
And Soon the Darkness;Thriller, Mystery, Horror;6.6;4423;1970
L'aveu;Thriller, Drama;7.8;5079;1970
Marseille 1930;Drama, Crime;6.8;5388;1970
Le cercle rouge;Thriller, Drama, Crime;7.9;30269;1970
The Final Shot;Thriller, Action, Crime;6.2;3884;1970
Le conformiste;Drama;7.9;36898;1970
Cromwell;Drama, War, History, Biography;7.0;7517;1970
Le Décaméron;Comedy, Drama, History;7.0;13058;1970
Domicile conjugal;Comedy, Romance, Drama;7.4;11111;1970
L'enfance - nue;Drama;7.4;2788;1960
Deux hommes en fuite;Thriller, Action;6.5;1805;1970
Le Tunnel de la peur;Thriller, Mystery, Crime, Horror, Drama;6.1;1070;1970
Le Retour de Frankenstein;ScienceFiction, Drama, Horror, Sci-Fi;6.7;5529;1960
Le chat à neuf queues;Thriller, Mystery, Horror;6.6;13699;1970
Le Gendarme en balade;Comedy, Crime;6.5;7801;1970
Le genou de Claire;Romance, Drama;7.5;13087;1970
Les fleurs du soleil;Drama, War;7.3;4845;1970
Hoffman;Drama;6.8;1827;1970
L'Homme orchestre;Comedy, Musical, Music;6.2;3725;1970
La maison qui tue;Fantasy, Drama, Mystery, Horror;6.5;8172;1970
Jane Eyre;Drama, TVMovie;6.3;1259;1970
Jules César;Drama, War, History;6.1;2167;1970
La vallée perdue;Adventure, Action, War, Drama, History;7.0;3816;1970
Mais ne nous délivrez pas du mal;Drama, Horror;6.7;2958;1970
La seconde mort d'Harold Pelham;Thriller, Drama, Mystery;6.4;3052;1970
L'évasion du capitaine Schlütter;Drama, Action, War;6.5;1768;1970
Médée;Fantasy, Drama;6.9;5811;1960
La dernière croisade;Biography, Action, War, Drama, History;8.4;6655;1970
La symphonie pathétique;Music, Biography, Romance, Comedy, Drama;7.2;3264;1970
Grand bain;Comedy, Romance, Drama;7.1;8059;1970
Peau d'âne;Music, Musical, Romance, Comedy, Drama, Fantasy;7.0;7024;1970
L'arnaqueuse;Comedy, Crime;6.4;1241;1970
Performance;Music, Drama, Crime, Fantasy;6.7;11754;1970
La vie privée de Sherlock Holmes;Thriller, Mystery, Adventure, Crime, Romance, Comedy, History;7.0;14179;1970
Les enfants du chemin de fer;Comedy, Drama, Family;7.3;6009;1970
La rupture;Thriller, Drama;7.2;2034;1970
La Fille d'Irlande;Romance, Drama, History;7.4;11196;1970
Place aux jeunes;Thriller, Drama;7.0;1068;1970
Sur un arbre perché;Comedy;6.3;3680;1970
Tristana;Drama;7.4;13403;1970
Les Passions des vampires;Horror;6.4;8278;1970
Viva la muerte;Drama, War;6.5;1613;1970
La voie lactée;Comedy, Drama;7.3;8346;1960
Le voyou;Thriller, Action, Crime;6.9;1010;1970
Love;Romance, Drama;7.1;9139;1960
Les Hauts de Hurlevent;Romance, Adventure, Drama;6.3;2281;1970
L'étrangleur de Rillington Place;Thriller, Drama, Crime, Biography;7.5;10440;1970
4 Mouches de velours gris;Thriller, Horror, Crime, Mystery;6.5;10503;1970
L'Abominable Docteur Phibes;Comedy, Horror;7.0;17446;1970
La première folie des Monty Python;Comedy;7.5;32126;1970
L'aventure, c'est l'aventure;Comedy, Adventure, Crime;6.9;2738;1970
Blanche;Drama, History;6.5;1075;1970
Bleak Moments;Comedy, Drama;6.9;1838;1970
La Nuit des maléfices;Horror;6.4;8307;1970
The Boy Friend;Comedy, Musical, Romance, Music;6.8;3742;1970
Carry on Henry VIII;Comedy, Adventure, Romance, History;6.2;3208;1970
Carry on at Your Convenience;Comedy;6.2;3729;1970
Le chat;Drama;7.5;2554;1970
Les Collines de la terreur;Western, Drama;6.6;6796;1970
Orange mécanique;ScienceFiction, Drama, Crime, Sci-Fi;8.2;911442;1970
Dad's Army;Comedy, War;6.9;3797;1970
Les deux Anglaises et le continent;Romance, Drama, History;7.2;6179;1970
Les Diables;Drama, History, Biography;7.7;19793;1970
Les diamants sont éternels;Thriller, Adventure, Action;6.5;118160;1970
L'Eden et après;Drama, Mystery, Horror;6.4;1463;1970
La nuit qui ne finit pas;Thriller, Drama, Crime, Mystery;6.0;2661;1970
La Folie des grandeurs;Comedy, Adventure, History;7.1;8432;1970
Deux enfants qui s'aiment;Romance, Drama;6.5;1183;1970
La loi du milieu;Thriller, Crime;7.3;38430;1970
Le messager;Romance, Drama;7.2;6820;1970
La Fille de Jack l'Éventreur;Thriller, Horror;6.2;3204;1970
Les charognards;Western, Drama, Action;6.2;3740;1970
Jo;Comedy, Thriller, Crime;7.1;3938;1970
Kidnapped;Adventure, Drama, History;6.2;1596;1970
Le venin de la peur;Thriller, Horror, Drama, Mystery;6.8;6156;1970
Macbeth;Drama, War, History;7.4;15565;1970
Les Malheurs d'Alfred;Comedy, Romance, Sport;6.2;1120;1970
Malpertuis;Fantasy, Drama, Horror;6.6;1749;1970
Les mariés de l'an deux;Comedy, Adventure, Action, History;6.5;1759;1970
Marie Stuart, reine d'Écosse;Drama, History, Biography;7.1;5082;1970
Max et les ferrailleurs;Romance, Drama, Crime;7.3;3297;1970
Mercredi après-midi;Comedy, Romance, Drama;7.5;3352;1970
Mort à Venise;Romance, Drama, History;7.3;23915;1970
La guerre de Murphy;Drama, War;6.7;4215;1970
Nicolas et Alexandra;Biography, War, Romance, Drama, History;7.2;5915;1970
Le terrassier;Thriller, Drama, Horror;6.3;1365;1970
Les As de l'impériale;Comedy;6.0;2278;1970
Réveil dans la terreur;Thriller, Drama;7.5;15169;1970
Quatre nuits d'un rêveur;Romance, Drama;7.2;3502;1970
Les Contes de Canterbury;Comedy, Drama, History;6.3;8740;1970
La route de Salina;Thriller, Drama;6.7;1102;1970
Les lèvres rouges;Thriller, Drama, Horror;6.5;7511;1970
Sacco et Vanzetti;Drama, Crime, History, Biography;7.8;3963;1970
Les Cicatrices de Dracula;Horror;6.0;6818;1970
Terreur aveugle;Thriller, Mystery, Crime, Horror, Drama;6.6;4464;1970
Soleil rouge;Western, Drama, Action;6.8;11753;1970
Le souffle au coeur;Comedy, Drama;7.5;11272;1970
Les Chiens de paille;Thriller, Drama, Crime;7.4;66460;1970
Un dimanche comme les autres;Drama;6.9;7533;1970
Les Troyennes;Drama;6.9;1786;1970
Un flic;Thriller, Crime;7.0;11626;1970
Up Pompeii;Comedy, History;6.0;1304;1970
Le Cirque des vampires;Horror;6.3;5228;1970
La veuve Couderc;Romance, Drama, Action;6.9;2325;1970
Salaud;Thriller, Drama, Crime;6.5;2205;1970
La randonnée;Adventure, Drama;7.6;28598;1970
Commando pour un homme seul;Thriller, Adventure, Action, Crime;6.0;2897;1970
House Terror;Thriller, Horror;6.1;2696;1970
Zeppelin;Adventure, Drama, War;6.1;1657;1970
Alfredo, Alfredo!;Comedy, Romance;6.4;1232;1970
The Amazing Mr. Blunden;Fantasy, Drama, Family;6.8;1828;1970
L'amour, l'après-midi;Comedy, Romance, Drama;7.6;9903;1970
L'asile;Thriller, Mystery, Horror;6.5;8670;1970
Bless This House;Comedy, Romance;6.2;1264;1970
Les cinglés à la maternité;Comedy, Crime;6.2;3480;1970
Cosa Nostra - L'Affaire Valachi;Drama, Crime;6.4;4776;1970
Le casse;Thriller, Action, Crime;6.6;3257;1970
Le charme discret de la bourgeoisie;Comedy, Drama, Fantasy;7.7;49034;1970
Jeux particuliers;Thriller, Mystery, Horror;6.9;6245;1970
La Chair du diable;ScienceFiction, Horror, Sci-Fi;6.1;4720;1970
César et Rosalie;Romance, Drama, Comedy;7.3;4063;1970
Dr. Jekyll et Sister Hyde;Horror, Sci-Fi;6.6;4194;1970
Le Retour de l'abominable docteur Phibes;Comedy, Adventure, Horror;6.3;7568;1970
La décade prodigieuse;Drama, Mystery;6.1;1035;1970
El Magnifico;Comedy, Action, Western;6.5;3401;1970
Family Life;Drama;7.5;2240;1970
Six minutes pour mourir;Thriller, Drama, Action, Crime;6.3;2460;1970
Le Grand Blond avec une chaussure noire;Comedy, Mystery;7.2;9719;1970
Le Grand Duel;Western, Drama, Action, Mystery;6.4;3722;1970
Gumshoe;Thriller, Mystery, Crime, Comedy, Drama;6.4;1879;1970
Un colt pour 3 salopards;Western, Drama, Crime;6.4;4520;1970
Terreur dans le Shanghaï-Express;Adventure, Horror, Sci-Fi;6.5;13655;1970
L'héritier;Thriller, Drama, Action;6.2;1485;1970
Images;Drama, Mystery, Horror;7.0;8203;1970
Ludwig - Le crépuscule des Dieux;Drama, History, Biography;7.5;6284;1970
L'Homme qui a renoncé au tabac;Comedy;6.5;1568;1970
Big Guns - Les grands fusils;Drama, Action, Crime;6.7;2752;1970
Nous ne vieillirons pas ensemble;Romance, Drama;7.2;2273;1970
De l'autre côté du vent;Drama;6.7;8303;2010
Le professeur;Romance, Drama;7.1;3165;1970
La Horde des salopards;Western, Drama;6.1;2402;1970
Dieu et mon droit;Comedy, Musical, Drama;7.2;7057;1970
Sans mobile apparent;Thriller, Crime, Mystery;6.3;1022;1970
Le messie sauvage;Drama, Biography;6.9;1792;1970
L'Excommunié;Drama, Crime, Mystery;6.1;1455;1970
Le serpent;Thriller, Drama;6.2;1289;1970
Le silencieux;Thriller, Drama;6.9;1127;1970
La Cible hurlante;Thriller, Drama, Action, Crime;6.6;1623;1970
Le Limier;Comedy, Thriller, Crime, Mystery;7.9;51458;1970
Bric-à-brac de père en fils;Comedy, Romance, Drama;6.5;1912;1970
Histoires d'outre-tombe;Drama, Mystery, Horror;6.8;13817;1970
La tarentule au ventre noir;Thriller, Mystery, Horror;6.3;3837;1970
Themroc;Comedy;6.9;1750;1970
Tintin et le Lac aux requins;Mystery, Animation, Adventure, Crime, Family;6.2;3155;1970
Tout va bien;Drama;6.5;4028;1970
Trafic;Comedy;7.0;7929;1970
Les Sévices de Dracula;Drama, Horror;6.6;7029;1970
Une belle fille comme moi;Comedy, Drama, Crime;6.5;2884;1970
La vallée;Drama;6.4;1511;1970
Le Viager;Comedy;6.9;1328;1970
Les griffes du lion;Biography, Adventure, Action, War, Drama;6.7;3153;1970
Croc-blanc;Western, Adventure, Family;6.0;1001;1970
Les anges aussi cognent dur;Comedy, Action, Crime;6.2;3508;1970
L'esprit de la mort;Fantasy, ScienceFiction, Horror, Sci-Fi;6.2;3274;1970
Les Aventures de Rabbi Jacob;Comedy, Adventure;7.4;15540;1970
La bonne année;Comedy, Romance, Drama, Crime;7.3;2119;1970
François et le chemin du soleil;Drama, History, Biography;7.2;5150;1970
Chino;Western, Adventure, Drama, Action;6.0;2992;1970
L'Ile en folie;Comedy;6.5;4473;1970
Chacal;Thriller, Drama, Crime, Action;7.8;50298;1970
Deux hommes dans la ville;Drama, Crime;7.3;5624;1970
A Doll's House;Drama;6.4;1453;1970
Ne vous retournez pas;Thriller, Drama, Mystery, Horror;7.1;66180;1970
Film d'amour et d'anarchie;Comedy, Romance, Drama;7.7;3716;1970
Frissons d'outre-tombe;Fantasy, Drama, Horror;6.6;5660;1970
Un homme est mort;Thriller, Drama, Action, Crime;6.5;1514;1970
Giordano Bruno;Drama, History, Biography;7.2;1033;1970
Glissements progressifs du plaisir;Fantasy, Thriller, Horror;6.1;1483;1970
La grande bouffe;Comedy, Drama;7.1;15439;1970
Les granges brûlées;Thriller, Drama, Crime, Mystery;6.6;1411;1970
Henri VIII et ses six femmes;Drama, History, Biography;6.8;1109;1970
Les dix derniers jours d'Hitler;Drama, War, History, Biography;6.5;1990;1970
Mon nom est Personne;Comedy, Western;7.3;30880;1970
La Maison des damnés;Mystery, Horror;6.7;14710;1970
Vivre et laisser mourir;Thriller, Adventure, Action;6.7;119635;1970
Le piège;Thriller, Drama;6.3;5488;1970
Le magnifique;Comedy, Romance, Action, Fantasy;7.1;6726;1970
Mais où est donc passée la 7ème compagnie ?;Comedy, Action, War;6.9;2652;1970
La maman et la putain;Romance, Drama, Comedy;7.7;7259;1970
Terreur dans la nuit;Thriller, Mystery, Horror;6.3;2497;1970
Les noces rouges;Thriller, Drama, Crime;6.9;2136;1970
La nuit américaine;Comedy, Romance, Drama;8.0;25592;1970
Le Meilleur des mondes possible !;Comedy, Music, Drama, Fantasy;7.6;9065;1970
The Offence;Thriller, Drama, Crime;6.9;8547;1970
Phase IV;Thriller, ScienceFiction, Horror, Sci-Fi;6.4;10241;1970
Un flic hors-la-loi;Comedy, Drama, Action, Crime;6.7;4427;1970
La Planète sauvage;ScienceFiction, Sci-Fi, Animation;7.7;39779;1970
Le témoin à abattre;Thriller, Drama, Crime;6.9;1261;1970
La propriété, c'est plus le vol;Comedy, Thriller, Drama;7.1;1428;1970
Représailles;Drama, War, History;6.5;1584;1970
Viol en première page;Thriller, Drama, Mystery;7.4;1812;1970
Steptoe and Son Ride Again;Comedy, Drama, Sport;6.7;1455;1970
That'll Be the Day;Music, Drama;6.6;1445;1970
Théâtre de sang;Comedy, Drama, Horror;7.1;12936;1970
Une maîtresse dans les bras, une femme sur le dos;Comedy, Romance;6.5;3731;1970
Le train;Romance, Drama, War, History;6.9;1841;1970
Traitement de choc;Thriller, Drama, Crime, Horror;6.1;1972;1970
Le Dernier Tango à Paris;Romance, Drama;6.8;60780;1970
Le caveau de la terreur;Thriller, Horror;6.5;6623;1970
The Wicker Man;Thriller, Mystery, Horror;7.5;99739;1970
État de siège;Thriller, Drama, Crime, Mystery;7.7;6426;1970
Fric frac, rue des diams;Thriller, Crime, Action, Comedy, Drama;6.2;1314;1970
The Best of Benny Hill;Comedy;7.1;1052;1970
Contre une poignée de diamants;Thriller, Action, Crime;6.3;3537;1970
Du sang pour Dracula;Horror;6.1;7082;1970
Borsalino and Co.;Drama, Action, Crime;6.3;2658;1970
Captain Kronos contre les vampires;Adventure, Mystery, Horror;6.4;6011;1970
Phantom Ladies Over Paris;Comedy, Drama, Fantasy;7.2;6741;1970
Dupont Lajoie;Thriller, Drama;7.4;1129;1970
Le fantôme de la liberté;Comedy, Drama;7.7;17937;1970
Les mille et une nuits;Comedy, Romance, Drama, Fantasy;6.6;9532;1970
Frankenstein et le Monstre de l'enfer;ScienceFiction, Horror, Sci-Fi;6.3;4568;1970
Frightmare;Thriller, Horror;6.2;2845;1970
La gifle;Comedy, Romance, Drama;6.3;1250;1970
Le Gitan;Drama, Crime;6.3;1386;1970
Le voyage fantastique de Sinbad;Adventure, Action, Family, Fantasy, Drama;6.8;11169;1970
Violence et Passion;Romance, Drama;7.3;5482;1970
La gueule ouverte;Drama;7.3;1350;1970
L'horloger de Saint-Paul;Thriller, Drama, Crime;7.1;3023;1970
Crime à distance;Thriller, Action;6.2;1221;1970
Je, tu, il, elle;Romance, Drama;6.6;3516;1970
Lacombe Lucien;Romance, Drama, War;7.6;8115;1970
Lancelot du Lac;Fantasy, Romance, Drama, War;6.9;4474;1970
Le petit prince;Music, ScienceFiction, Musical, Family, Fantasy;6.4;4162;1970
Lucky Luciano;Drama, Crime, Biography;6.4;1678;1970
Madhouse;Thriller, Mystery, Crime, Horror;6.2;4716;1970
Mahler;Music, Drama, Biography;7.0;3267;1970
L'Homme au pistolet d'or;Thriller, Adventure, Action;6.7;117022;1970
Mes petites amoureuses;Drama;7.1;1662;1970
Monty Python : Sacré Graal !;Comedy, Adventure, Fantasy;8.2;587818;1970
La moutarde me monte au nez !;Comedy;6.4;1628;1970
Le mouton enragé;Comedy, Drama;6.8;2200;1970
Le crime de l'Orient-Express;Thriller, Drama, Crime, Mystery;7.2;72073;1970
Nada;Thriller;6.6;1166;1970
Le dossier Odessa;Thriller, Drama;7.0;12802;1970
Salut les pourris;Thriller, Action, Crime;6.6;1048;1970
Les deux missionnaires;Comedy, Adventure, Action;6.3;5215;1970
Que la fete commence;Drama, War, History;7.0;1890;1970
Le Retour du grand blond;Comedy;6.6;4261;1970
Le Retour de la panthère rose;Comedy, Crime, Mystery;7.0;31068;1970
Stardust: Une idole face à la foule;Music, Drama;6.5;1232;1970
Stavisky...;Drama, Crime, Biography;6.5;2641;1970
Le Loup des steppes;Drama;6.0;1393;1970
Irondelles et amazones;Adventure, Family;6.4;1197;1970
Symptoms;Horror;6.4;1882;1970
Top secret;Romance, Thriller, Drama;6.4;2720;1970
Les valseuses;Comedy, Drama, Action, Crime;7.1;10375;1970
Vampyres;Fantasy, Drama, Horror;6.0;4575;1970
Vincent, François, Paul et les autres...;Drama;7.3;2807;1970
Zorro;Comedy, Adventure, Action, Western;6.4;4776;1970
Adieu poulet;Thriller, Drama, Crime;6.8;1980;1970
Le frère le plus fûté de Sherlock Holmes;Comedy, Music, Crime, Mystery;6.0;7605;1970
L'assassino è costretto ad uccidere ancora;Thriller, Crime, Horror;6.4;1436;1970
Barry Lyndon;Romance, Adventure, Drama, War;8.1;193250;1970
Black Moon;Fantasy, ScienceFiction, Mystery, Horror;6.1;6439;1970
Brannigan;Thriller, Crime, Action, Comedy, Drama;6.1;6805;1970
Conduct Unbecoming;Drama, Crime, Mystery;6.5;1114;1970
Mortelles confessions;Horror;6.3;1439;1970
La course à l'échalote;Comedy;6.2;1311;1970
Cousin cousine;Comedy, Romance;6.7;1874;1970
Le Distrait;Comedy;6.2;1795;1970
Les 12 Travaux d'Astérix;Comedy, Adventure, Family, Animation;7.6;20284;1970
L'emmerdeur;Comedy, Crime;7.1;3863;1970
Flic Story;Thriller, Drama, Crime;6.9;3253;1970
Un génie, deux associés, une cloche;Comedy, Western;6.2;6126;1970
L'histoire d'Adèle H.;Romance, Drama, History, Biography;7.2;9467;1970
L'important c'est d'aimer;Romance, Thriller, Drama;7.0;4963;1970
L'incorrigible;Comedy, Crime;6.4;1926;1970
India Song;Fantasy, Romance, Drama;6.1;2770;1970
Les innocents aux mains sales;Thriller, Crime;6.8;2512;1970
Gros plan;Comedy, Drama;6.3;2659;1970
Jeanne Dielman, 23, quai du Commerce, 1080 Bruxelles;Drama;7.5;16082;1970
Le juge et l'assassin;Drama, Crime, History;7.3;2486;1970
Juste avant la nuit;Drama, Crime;7.2;2372;1970
Lisztomania;Comedy, Fantasy, Music, Biography;6.1;3267;1970
L'homme qui voulut être roi;Adventure, Drama, War;7.7;53817;1970
Overlord;Drama, War, History;7.1;3575;1970
Peur sur la ville;Thriller, Drama, Action, Crime;6.9;4645;1970
Profession: reporter;Romance, Thriller, Drama;7.4;27639;1970
La poursuite implacable;Thriller, Drama, Crime, Action;6.9;2552;1970
The Rocky Horror Picture Show;ScienceFiction, Horror, Musical, Comedy, Fantasy;7.4;174954;1970
Rollerball;ScienceFiction, Action, Sport, Sci-Fi;6.5;30897;1970
Une Anglaise romantique;Comedy, Romance, Drama;6.0;1557;1970
Le froussard héroïque;Comedy, Adventure, Romance, History;6.3;2358;1970
Le sauvage;Comedy, Adventure, Romance, Drama;6.5;2242;1970
Section spéciale;Thriller, Drama, War, History;7.6;1751;1970
Tommy;Music, Musical, Drama, Fantasy;6.6;23599;1970
Le Vieux Fusil;Thriller, Drama, War, History;7.5;5163;1970
Le vent de la violence;Thriller, Adventure, Drama, Action;6.4;2447;1970
L'Empire des sens;Romance, Drama;6.6;24068;1970
L'Aile ou la Cuisse;Comedy;7.2;13008;1970
Alice ou la dernière fugue;Fantasy, Thriller, Drama, Mystery;6.6;1386;1970
L'alpagueur;Thriller, Action, Crime;6.5;2642;1970
L'argent de poche;Comedy, Drama;7.6;6680;1970
Bugsy Malone;Music, Crime, Action, Family, Comedy, Drama;6.8;20221;1970
Cadavres exquis;Thriller, Crime, Mystery;7.3;2957;1970
Le pont de Cassandra;Thriller, Drama, Action;6.3;10544;1970
Roulette chinoise;Thriller, Drama;7.2;4928;1970
Le corps de mon ennemi;Thriller, Drama, Crime, Mystery;6.6;2595;1970
Le désert des Tartares;Drama, War, History;7.5;2794;1970
La femme du dimanche;Comedy, Crime, Mystery;6.5;1417;1970
La vengeresse;Fantasy, Drama, Mystery;6.9;1948;1970
L'aigle s'est envolé;Thriller, Adventure, Action, War, Drama;6.9;25876;1970
Le coup de grâce;Romance, Drama, War;6.9;1474;1970
Calmos;Comedy;6.4;1586;1970
Le cercle infernal;Drama, Mystery, Horror;6.2;3295;1970
L'innocent;Romance, Drama;7.4;4578;1970
Croix de fer;History, Drama, War, Action;7.4;30446;1970
Jonas qui aura 25 ans en l'an 2000;Drama;7.5;1259;1970
Le Jouet;Comedy, Drama;7.4;6811;1970
The Likely Lads;Comedy;6.6;1314;1970
La petite fille au bout du chemin;Thriller, Drama, Mystery, Horror;7.0;18986;1970
Le locataire;Thriller, Drama, Horror;7.5;49668;1970
L'île du maître;Comedy, Adventure, Drama;6.2;1141;1970
L'homme qui venait d'ailleurs;ScienceFiction, Drama, Sci-Fi;6.6;30053;1970
La marquise d'O...;Drama, History;7.0;3148;1970
L'étage au-dessous;Romance, Drama;6.5;2529;1970
La meilleure façon de marcher;Romance, Drama;7.1;1753;1970
Le message;Biography, Adventure, Action, Drama, History;8.1;52561;1970
Monsieur Klein;Thriller, Mystery, Crime, Drama, History;7.5;10033;1970
Opération casseurs;Thriller, Action, Crime;7.0;1199;1970
Nickelodeon;Comedy;6.2;2979;1970
La victoire en chantant;Comedy, Drama, War;6.7;1872;1970
La Malédiction;Thriller, Mystery, Horror;7.5;141139;1970
On a retrouvé la 7ème compagnie !;Comedy, Action, War;6.7;1971;1970
Quand la panthère rose s'emmêle;Comedy, Crime;7.1;33281;1970
Police Python 357;Thriller, Drama, Crime, Action;6.9;2222;1970
The Ritz;Comedy, Music, Crime;6.8;2867;1970
Le marin qui abandonna la mer;Romance, Thriller, Drama, Mystery;6.2;1776;1970
Sebastiane;Romance, Drama, History;6.2;3301;1970
Sherlock Holmes attaque l'Orient-Express;Thriller, Mystery, Adventure, Crime, Comedy;6.6;5416;1970
Parole d'homme;Comedy, Adventure, Action;6.1;3643;1970
The Slipper and the Rose;Music, Adventure, Romance, Family, Fantasy;6.9;3391;1970
Todo Modo;Drama, Crime;7.5;1727;1970
La dernière femme;Drama;6.4;1589;1970
Le voyage des damnés;Drama, War;6.4;3659;1970
La bataille du ciel;Drama, Action, War;6.6;3294;1970
L'ami américain;Thriller, Drama, Crime, Mystery;7.4;19998;1970
L'animal;Comedy, Romance, Action;6.5;3429;1970
Are You Being Served?;Comedy, Adventure, Action;6.1;3136;1970
Un pont trop loin;Drama, War, History;7.4;64625;1970
La course au trésor;Comedy, Adventure, Drama, Family;6.7;5203;1970
Cet obscur objet du désir;Comedy, Romance, Drama;7.8;26113;1970
Rêve de singe;Comedy, Romance, Drama, Fantasy;6.3;1438;1970
La dentellière;Romance, Drama;7.4;3129;1970
Le diable probablement;Drama;7.1;5132;1970
Diabolo menthe;Comedy, Romance, Drama;7.0;1767;1970
Duellistes;Drama, War;7.4;28298;1970
Une histoire simple;Romance, Drama;6.8;1472;1970
Equus;Drama, Mystery;7.1;9025;1970
L'Homme pressé;Drama;6.4;1089;1970
L'homme qui aimait les femmes;Comedy, Romance, Drama;7.4;7735;1970
Il était une fois... la légion;Romance, Adventure, Drama, War;6.3;4299;1970
Jabberwocky;Comedy, Adventure, Fantasy;6.1;16599;1970
Les liens de sang;Thriller, Drama, Crime, Mystery;6.2;1231;1970
Le Rock du Méchant Loup;Fantasy, Musical, Family, Adventure;7.8;1493;1970
La vie devant soi;Comedy, Drama;7.1;1857;1970
Mort d'un pourri;Thriller, Drama, Crime;6.8;2866;1970
Nous irons tous au paradis;Comedy;6.8;1457;1970
Providence;Fantasy, Drama, Comedy;7.4;3635;1970
Anne et Andy;Music, Animation, Adventure, Family, Comedy, Fantasy;6.7;1194;1970
La 7ème Compagnie au clair de lune;Comedy;6.2;1700;1970
Banco à Las Vegas;Comedy, Crime;6.0;1600;1970
Sinbad et l'oeil du tigre;ScienceFiction, Adventure, Action, Family, Fantasy;6.4;9119;1970
L'Espion qui m'aimait;Thriller, Adventure, Action;7.0;120283;1970
La brigade volante;Thriller, Drama, Action, Crime;6.7;1707;1970
Le commissaire a de jolies menottes;Comedy, Action, Crime;6.7;1229;1970
Un éléphant ça trompe énormément;Comedy, Romance;7.0;2630;1970
L'une chante l'autre pas;Music, Drama, History;7.4;2882;1970
Valentino;Drama, History, Biography;6.1;2321;1970
L'empire de la passion;Romance, Drama, Horror;7.0;5341;1970
La Ballade des Dalton;Comedy, Western, Family, Animation;6.9;2324;1970
Ces garçons qui venaient du Brésil;ScienceFiction, Drama, Mystery, Sci-Fi;7.0;32269;1970
Les Bronzés;Comedy, Romance;6.7;8099;1970
La cage aux folles;Comedy;7.2;12410;1970
Operation Capricorn;Thriller, ScienceFiction, Adventure, Action, Drama;6.8;26156;1970
Y'a pas de mai!;Comedy, Adventure, Crime;6.4;1547;1970
La chambre verte;Drama, History;6.9;3419;1970
Le prince et le pauvre;Comedy, Adventure, Drama;6.3;2275;1970
Mort sur le Nil;Drama, Crime, Mystery;7.3;42338;1970
Voyage au bout de l'enfer;Drama, War;8.1;375536;1970
Driver;Thriller, Action, Crime;7.1;20609;1970
Fedora;Romance, Drama, Mystery;6.8;5584;1970
Flic ou voyou;Comedy, Action, Crime;6.5;3305;1970
L'ouragan vient de Navarone;Adventure, Drama, Action, War;6.4;20606;1970
L'hypothèse du tableau volé;Drama, Mystery;7.4;1271;1970
Le grand embouteillage;Drama;6.9;1231;1970
Je suis timide... mais je me soigne;Comedy, Romance;6.4;1701;1970
Le Seigneur des anneaux;Fantasy, Adventure, Animation;6.2;37894;1970
La grande menace;Thriller, ScienceFiction, Mystery, Horror, Drama;6.9;8019;1970
Midnight Express;Drama, Crime, Biography;7.5;91271;1970
Folie-Folie;Comedy, Musical, Sport;6.4;1352;1970
Perceval le Gallois;Music, Romance, Drama, History;6.9;1649;1970
Les raisins de la mort;Horror;6.0;2916;1970
La petite;Drama;6.5;13635;1970
Préparez vos mouchoirs;Comedy, Romance, Drama;6.9;4568;1970
Les rendez-vous d'Anna;Drama;7.3;2460;1970
La malédiction de la panthère rose;Comedy, Crime, Mystery;6.6;24212;1970
Le cri du sorcier;Drama, Horror;6.5;5740;1970
Superman;Adventure, ScienceFiction, Action, Sci-Fi;7.4;196100;1970
Sweeney 2;Thriller, Drama, Action, Crime;6.6;1028;1970
Les 39 marches;Drama, Crime, Mystery;6.6;3000;1970
Violette Nozière;Thriller, Drama, Crime, History;7.1;2645;1970
Les enfants de l'eau;Music, Animation, Adventure, Family, Fantasy;6.0;1544;1970
La folle escapade;Adventure, Drama, Animation;7.5;41481;1970
La Grande Cuisine;Comedy, Thriller, Crime, Mystery;6.4;2862;1970
Les oies sauvages;Adventure, Drama, Action;6.8;15027;1970
La Zizanie;Comedy;6.4;4411;1970
Agatha;Thriller, Drama, Mystery;6.2;3864;1970
Alien, le 8ème passager;ScienceFiction, Horror, Sci-Fi;8.5;1015722;1970
L'amour en fuite;Comedy, Romance, Drama;7.0;7840;1970
L'avare;Comedy;6.6;5436;1980
Le tambour;Drama, War, History;7.4;26939;1970
Les bronzés font du ski;Comedy;7.4;9650;1970
Buffet froid;Comedy, Drama, Crime;7.2;6945;1970
Clair de femme;Drama;6.4;1007;1970
Coup de tête;Comedy, Drama, Sport;7.2;2385;1970
Le Christ s'est arrêté à Eboli;Drama;7.7;4246;1970
Don Giovanni;Music, Musical, Drama;7.5;1360;1970
Dracula;Fantasy, Romance, Drama, Horror;6.5;11727;1970
Les Européens;Romance, Drama;6.1;1232;1970
Fascination;Drama, Horror;6.0;3803;1970
Le Gendarme et les Extra-terrestres;Comedy, ScienceFiction, Crime, Sci-Fi;6.3;9973;1970
La grande attaque du train d'or;Thriller, Adventure, Drama, Crime;6.9;20635;1970
Guerre et passion;Adventure, Action, War, Romance, Drama;6.0;6178;1970
I... comme Icare;Thriller, Drama, Crime, Mystery;7.8;4878;1970
Monty Python : La Vie de Brian;Comedy;8.0;428911;1970
I love you, je t'aime;Adventure, Romance, Family, Comedy, Drama;7.4;6847;1970
Maman a cent ans;Comedy, Drama, Fantasy;7.1;1412;1970
Rencontres avec des hommes remarquables;Drama, Biography;7.2;1257;1970
Moonraker;Thriller, ScienceFiction, Adventure, Action, Sci-Fi;6.3;112844;1970
Meurtre par décret;Thriller, Crime, Mystery;6.8;7199;1970
Nosferatu, fantôme de la nuit;Drama, Horror;7.4;47055;1970
Les demoiselles de Wilko;Romance, Drama;7.3;1547;1970
Le passage;Drama, Action, War;6.0;2417;1970
Passe ton bac d'abord...;Comedy, Romance, Drama;6.9;1033;1970
Porridge;Comedy, Crime;7.2;3555;1970
Quadrophenia;Music, Drama;7.2;21759;1970
Radio On;Music, Thriller, Drama, Mystery;6.5;1258;1970
Le mystère des sables;Thriller, Adventure, Drama, Action;6.4;1485;1970
Le roi et l'oiseau;Fantasy, Family, Animation;7.7;5771;1980
Sauve qui peut (la vie);Drama;6.5;4130;1980
Scum;Drama, Crime;7.5;13822;1970
Les soeurs Brontë;Drama, History, Biography;6.4;1261;1970
Série noire;Drama, Crime;7.3;3723;1970
Tess;Romance, Drama;7.3;19059;1970
That Sinking Feeling;Comedy, Drama, Crime;6.7;1347;1970
Yanks;Romance, Drama, War;6.4;3860;1970
Atlantic City;Romance, Drama, Crime;7.3;18971;1980
Babylon;Drama;7.3;2096;1980
Enquête sur une passion;Thriller, Drama, Mystery;6.9;10043;1980
Breaking Glass;Music, Musical, Drama;6.8;1654;1980
Bye Bye Brasil;Drama;7.4;2148;1980
La cité des femmes;Comedy, Adventure, Drama, Fantasy;6.9;8515;1980
Le Coup du parapluie;Comedy, Adventure, Crime;6.6;3329;1980
Le Dernier Métro;Romance, Drama, War;7.3;16446;1980
Les chiens de guerre;Thriller, Adventure, Drama, Action;6.3;10372;1980
Elephant Man;Drama, History, Biography;8.2;272779;1980
The Falls;Comedy, ScienceFiction, Sci-Fi;7.1;1764;1980
Comédies et Proverbes: La femme de l'aviateur ou 'on ne saurait penser à rien';Comedy, Romance, Drama;7.5;5470;1980
Flash Gordon;ScienceFiction, Adventure, Action, Comedy, Fantasy, Sci-Fi;6.5;64001;1980
La Grande Escroquerie du rock'n'roll;Comedy, Music, Fantasy, Documentary;6.4;2495;1980
La guerre des otages;Romance, Thriller, Drama;6.1;1715;1970
Inspecteur la Bavure;Comedy, Crime;6.2;2274;1980
Du sang sur la Tamise;Thriller, Drama, Crime, Mystery;7.5;27761;1980
Loophole;Adventure, Drama, Crime;6.0;1092;1980
Loulou;Romance, Drama;6.6;3849;1980
McVicar;Drama, Crime;6.7;2490;1980
Le miroir se brisa;Thriller, Crime, Mystery;6.2;10411;1980
Dieu ne peut rien pour nous;Comedy, Romance, Drama;7.6;7142;1980
La Mort en direct;Thriller, ScienceFiction, Drama, Sci-Fi;6.5;3675;1980
On a volé la cuisse de Jupiter;Comedy;6.2;1158;1980
Rising Damp;Comedy, Romance;6.3;1231;1980
Rude Boy;Music, Drama, Documentary;6.4;1755;1980
Les sous-doués;Comedy;6.5;4458;1980
Superman II, L'aventure continue;Adventure, ScienceFiction, Action, Sci-Fi;6.8;119009;1980
Téhéran 43;Thriller, Drama, Action, Crime;6.7;1394;1980
La tempête;Fantasy, Drama;6.3;1328;1970
La terrasse;Comedy, Drama;7.1;1980;1980
Bandits, bandits...;ScienceFiction, Adventure, Family, Comedy, Fantasy;6.9;71778;1980
Trois hommes à abattre;Thriller, Action, Crime;6.3;2293;1980
Un mauvais fils;Drama;7.4;1582;1980
Vincent et moi;Fantasy, Adventure, Drama, Family;6.2;345;1990
Les yeux de la forêt;Thriller, Mystery, Horror, Family, Fantasy;6.1;7509;1980
Les loups de Haute Mer;Thriller, Adventure, Action;6.3;6135;1980
Absolution;Thriller, Drama, Mystery;6.5;2037;1970
Le Loup-garou de Londres;Comedy, Horror;7.5;128506;1980
The Appointment;Horror;6.2;1161;1980
Le beau mariage;Comedy, Romance, Drama;7.0;3941;1980
Beau-père;Comedy, Romance, Drama;6.9;4013;1980
La Boum;Comedy, Romance, Drama;6.7;11226;1980
Les Chariots de feu;History, Drama, Sport, Biography;7.1;68849;1980
Le choix des armes;Drama, Crime;6.9;2165;1980
La Chèvre;Comedy, Adventure, Crime;7.3;11289;1980
Coup de torchon;Comedy, Drama, Crime;7.3;7003;1980
Vivre vite;Romance, Drama, Crime;7.0;1932;1980
Jules;Music, Thriller, Crime, Action, Drama;7.1;14765;1980
Le cas estrange du Dr. Jekyll et de Miss Osbourne;Horror, Sci-Fi;6.1;1594;1980
Documenteur (dodo cucu maman vas-tu-te-taire);Drama;6.9;1398;1980
Eaux profondes;Thriller, Drama, Crime;6.7;1161;1980
Espion, lève-toi;Thriller, Drama, Crime;6.6;1345;1980
Excalibur;Fantasy, Adventure, Drama;7.3;70220;1980
L'arme à l'oeil;Romance, Thriller, Drama, War;7.1;13377;1980
La femme d'à côté;Romance, Drama;7.2;9293;1980
Rien que pour vos yeux;Thriller, Adventure, Action;6.7;111958;1980
La maîtresse du lieutenant français;Romance, Drama;6.9;16025;1980
Le faussaire;Drama, War;7.1;1014;1980
Garde à vue;Thriller, Drama, Crime, Mystery;7.6;5820;1980
La grande aventure des Muppets;Music, Mystery, Adventure, Crime, Family, Comedy;7.1;17573;1980
Une fille pour Gregory;Comedy, Romance, Drama;7.1;9775;1980
La Guerre du feu;Adventure, Drama;7.3;25344;1980
Hôtel des Amériques;Romance, Drama;6.4;1197;1980
Malevil;ScienceFiction, Drama, Sci-Fi;6.5;1048;1980
Le marquis s'amuse;Comedy, History;7.7;4072;1980
Mille milliards de dollars;Thriller, Drama, Crime;7.0;1073;1980
Les fantasmes de Madame Jordan;Comedy, Romance, Drama;6.6;2193;1980
La nuit de l'évasion;Adventure, Action, Family, Drama, History;6.5;1659;1980
Outland... Loin de la Terre;ScienceFiction, Action, Crime, Sci-Fi;6.6;33712;1980
Passion d'amour;Romance, Drama, History;7.2;1073;1980
La peau;Drama, War;6.6;1400;1980
Le pont du Nord;Adventure, Drama, Crime, Mystery;6.7;1442;1980
Possession;Drama, Horror;7.3;50212;1980
Pour la peau d'un flic;Romance, Thriller, Action, Crime;6.4;2348;1980
Le professionnel;Thriller, Adventure, Crime, Action, Drama;7.4;18321;1980
La Soupe aux choux;Comedy, ScienceFiction, Sci-Fi;6.5;10096;1980
Sans retour;Thriller, Action;7.1;23363;1980
Trois frères;Drama;7.0;1864;1980
Les uns et les autres;Music, Drama;7.3;2915;1980
À nous la victoire;Drama, War, Sport;6.7;34555;1980
Viens chez moi, j'habite chez une copine;Comedy;6.3;1602;1980
Drôle de missionnaire;Comedy;6.2;2866;1980
L'As des as;Comedy, Adventure, Sport;6.6;4454;1980
La balance;Romance, Thriller, Drama, Crime;6.5;1403;1980
Le battant;Thriller, Drama, Crime;6.3;1517;1980
Blade Runner;Thriller, ScienceFiction, Action, Drama, Sci-Fi;8.1;854069;1980
La boum 2;Comedy, Romance, Drama, Family;6.2;5478;1980
Brimstone & Treacle;Thriller, Horror, Drama, Mystery;6.4;1723;1980
Britannia Hospital;ScienceFiction, Horror, Comedy, Drama, Sci-Fi;6.2;3048;1980
Danton;Drama, History, Biography;7.4;8044;1980
Dark Crystal;Fantasy, Adventure, Family, Animation;7.1;74525;1980
Meurtre dans un jardin anglais;Mystery, Crime, Romance, Comedy, Drama;7.2;11612;1980
Meurtre au soleil;Thriller, Drama, Crime, Mystery;7.0;22413;1980
Fanny et Alexandre;Fantasy, Drama, Mystery;8.1;69472;1980
Les Fantômes du chapelier;Thriller, Crime, Mystery;7.1;1329;1980
Commando;Thriller, Action;6.4;3960;1980
Gandhi;Drama, History, Biography;8.0;243995;1980
Le Gendarme et les Gendarmettes;Comedy, Crime;6.2;8764;1980
Chaleur et Poussière;Romance, Drama;6.5;2260;1980
L'homme blessé;Romance, Drama, Crime;6.6;1405;1980
Identification d'une femme;Romance, Drama;6.7;3415;1980
La dernière licorne;Animation, Adventure, Family, Fantasy, Drama;7.3;31455;1980
Les Maîtres du temps;ScienceFiction, Mystery, Animation, Adventure, Drama, Sci-Fi;7.3;6928;1980
Travail au noir;Drama;7.3;3714;1980
Mortelle randonnée;Romance, Crime, Mystery;6.9;3009;1980
La Fuite à Varennes;Drama, History;7.2;2642;1980
La passante du Sans-Souci;Drama;6.6;1255;1980
Passion, le Travail et l'Amour;Comedy, Drama;6.2;2982;1980
Pink Floyd: The Wall;Fantasy, Drama, Music;8.0;87835;1980
The Plague Dogs;Adventure, Drama, Animation;7.7;9380;1980
Pour 100 briques t'as plus rien !;Comedy;6.0;1015;1980
Le Prix du danger;Thriller, ScienceFiction, Action, Drama, Sci-Fi;6.8;1512;1980
Le père Noël est une ordure !;Comedy;7.5;11000;1980
Querelle;Drama;6.6;8127;1980
Le retour de Martin Guerre;Drama, Crime, History, Biography;7.4;5022;1980
Rêves sanglants;Thriller, Drama, Horror, Sci-Fi;6.0;2396;1980
Le choix de Sophie;Romance, Drama, War;7.5;55053;1980
L'état des choses;Drama;6.9;3830;1980
El Sur;Romance, Drama, Mystery;7.8;6827;1980
Toute une nuit;Romance, Drama;6.8;1210;1980
Les trois couronnes du matelot;Fantasy, Adventure, Drama;7.0;1208;1980
Une chambre en ville;Romance, Musical, Drama;6.7;1759;1980
Vice Squad: Descente aux enfers;Thriller, Mystery, Crime, Action, Drama;6.4;3222;1980
Victor/Victoria;Comedy, Romance, Music;7.6;24689;1980
La permission;Romance, Drama;7.9;15007;1980
Le Bal;Music, Musical, Comedy, History;7.6;3178;1980
La belle captive;Fantasy, Drama, Mystery, Horror;6.3;1492;1980
Les Compères;Comedy, Crime;6.9;7137;1980
Coup de foudre;Romance, Drama, War, Biography;7.0;2400;1980
Daniel;Thriller, Drama, Mystery;6.6;1687;1980
Le Dernier Combat;ScienceFiction, Sci-Fi;6.7;6799;1980
L'habilleur;Drama;7.5;5937;1980
L'éducation de Rita;Comedy, Drama;7.2;15339;1980
El Norte;Adventure, Drama;7.7;5868;1980
Hanna K.;Drama;6.6;1018;1980
Le manoir de la peur;Comedy, Mystery, Horror;6.2;5063;1980
Les Prédateurs;Drama, Horror;6.6;30447;1980
Krull;Fantasy, Adventure, ScienceFiction, Action;6.1;37824;1980
Local Hero;Comedy, Drama;7.3;28074;1980
Le marginal;Thriller, Drama, Action, Crime;6.4;3740;1980
Furyo;Drama, War, History;7.2;21316;1980
Monty Python : Le Sens de la vie;Comedy, Musical;7.5;127743;1980
Jamais plus jamais;Thriller, Adventure, Action;6.1;75295;1980
Octopussy;Thriller, Adventure, Action;6.5;116680;1980
Papy fait de la résistance;Comedy, War, Music;6.7;3588;1980
Pauline à la plage;Comedy, Romance, Drama;7.3;11123;1980
The Pirates of Penzance;Comedy, Musical, Romance, Music;7.1;4064;1980
Prénom Carmen;Music, Crime, Comedy, Romance, Drama;6.3;4740;1980
Rue Cases Nègres;Drama, Family, History;7.3;1073;1980
Conte de la folie ordinaire;Drama;6.6;3121;1980
Tchao pantin;Drama, Crime;7.3;3388;1980
La vie est un roman;Comedy, Drama, Fantasy;6.2;1290;1980
Vivement dimanche!;Comedy, Thriller, Crime, Mystery;7.2;7835;1980
Yentl;Romance, Musical, Drama, Music;6.6;16849;1980
Les Filles du Faubourg;Romance, Drama;7.1;7502;1980
L'été meurtrier;Drama, Mystery;7.2;5725;1980
L'amour à mort;Romance, Drama;6.7;1229;1980
Another Country: Histoire d'une trahison;Romance, Drama, Biography;7.0;7462;1980
Les Bostoniennes;Romance, Drama;6.2;2636;1980
Le Bounty;Action, Adventure, Drama, History;7.0;32912;1980
Boy Meets Girl;Romance, Drama;6.9;4209;1980
Cal;Romance, Thriller, Drama;6.6;1698;1980
Joie et réconfort;Comedy;6.6;2472;1980
La compagnie des loups;Fantasy, Drama, Horror;6.6;19817;1980
La diagonale du fou;Thriller, Drama, Sport;6.6;1589;1980
Et vogue le navire...;Music, Drama, Comedy, History;7.4;7103;1980
La belle et l'ordinateur;Comedy, ScienceFiction, Drama, Music;6.4;10625;1980
Le jeu du faucon;Thriller, Drama, Crime, Biography;6.8;13535;1980
La femme publique;Drama;6.4;1889;1980
Fort Saganne;Drama, War, History;6.3;1161;1980
Greystoke, la légende de Tarzan;Romance, Adventure, Drama, Action;6.4;21894;1980
Les nouveaux tueurs;Thriller, Drama, Crime, Action;7.0;10294;1980
Joyeuses Pâques;Comedy;6.2;3140;1980
Le jumeau;Comedy;6.0;1458;1980
La déchirure;Drama, War, History, Biography;7.8;61815;1980
Marche à l'ombre;Comedy, Drama;6.6;1758;1980
Les Morfalous;Comedy, Drama, Action, War;6.1;2424;1980
Les Muppets à Manhattan;Adventure, Romance, Family, Comedy, Drama;6.8;23606;1980
Les Griffes de la nuit;Horror;7.4;277692;1980
Notre histoire;Drama;6.3;1343;1980
Les nuits de la pleine lune;Comedy, Romance, Drama;7.3;5672;1980
Paris, Texas;Drama;8.1;131395;1980
La route des Indes;Adventure, Drama, History;7.3;22267;1980
Les Ripoux;Comedy, Thriller, Crime;7.2;5362;1980
La partie de chasse;Romance, Drama, History;6.8;1584;1980
Les Spécialistes;Adventure, Action, Crime;6.4;1280;1980
Voyage à Cythère;Drama;7.7;3313;1980
Terminator;Thriller, ScienceFiction, Adventure, Action, Sci-Fi;8.1;964764;1980
Top Secret !;Comedy, Music, Crime;7.2;78311;1980
Un amour de Swann;Romance, Drama;6.5;2337;1980
Un dimanche à la campagne;Drama, Family;7.4;3342;1980
Astérix et la Surprise de César;Comedy, Adventure, Family, Animation;6.8;10986;1980
Brazil;Thriller, ScienceFiction, Comedy, Drama, Sci-Fi;7.8;216513;1980
D.A.R.Y.L.;ScienceFiction, Action, Family, Sci-Fi;6.3;14601;1980
Dance with a stranger;Drama, Crime, Biography;6.6;3102;1980
Raison d'état;Thriller, Action;6.5;2650;1980
Dream Child: De l'autre côté du miroir;Comedy, Drama, Fantasy, Biography;6.6;1856;1980
L'effrontée;Comedy, Drama, Music;6.9;2248;1980
La forêt d'émeraude;Adventure, Drama, Action;6.9;11633;1980
C'est une bombe;Comedy, Drama;6.4;4095;1980
Je vous salue, Marie;Drama;6.4;3905;1980
Legend;Fantasy, Adventure, Romance;6.3;76031;1980
Bons baisers de Liverpool;Comedy, Romance, Drama;6.7;1626;1980
Lifeforce - L'étoile du mal;Thriller, ScienceFiction, Mystery, Horror, Action;6.1;32037;1980
Mirch Masala;Thriller, Drama;7.7;1622;1980
Plenty;Romance, Drama;6.0;3512;1980
Police;Romance, Thriller, Drama, Crime;6.5;3148;1980
Poulet au vinaigre;Thriller, Drama, Crime, Mystery;6.5;2330;1980
Porc royal;Comedy;6.5;3541;1980
Péril en la demeure;Romance, Drama, Crime, Mystery;6.8;1869;1980
Rainbow Brite and the Star Stealer;ScienceFiction, Animation, Adventure, Family, Fantasy;6.8;1497;1980
Ran;Drama, Action, War, History;8.2;143833;1980
Rendez-vous;Romance, Drama;6.4;3255;1980
Restless Natives;Comedy, Crime;6.8;2103;1980
Le retour des morts-vivants;Comedy, Horror, Sci-Fi;7.3;73455;1980
Oz: Un monde extraordinaire;Fantasy, Adventure, Family;6.7;32416;1980
Sans toit ni loi;Drama;7.6;14777;1980
Smooth Talk;Romance, Thriller, Drama;6.5;3653;1980
Subway;Thriller, Action;6.5;17090;1980
Snowroller - Sällskapsresan II;Comedy;6.6;7626;1980
Trois hommes et un couffin;Comedy;6.6;4109;1980
Variety;Drama;6.1;1475;1980
Dangereusement vôtre;Thriller, Adventure, Action;6.3;108470;1980
Ouragan sur l'eau plate;Comedy, Adventure, Drama;6.0;2749;1980
Wetherby;Drama, Mystery;6.5;1830;1980
Quand souffle le vent;ScienceFiction, Drama, War, Animation;7.7;13591;1980
Zoo;Comedy, Drama;7.2;7921;1980
Autour de minuit;Music, Drama;7.4;6120;1980
37°2 le matin;Romance, Drama;7.3;24210;1980
Quatre aventures de Reinette et Mirabelle;Comedy, Romance, Drama;7.5;3811;1980
Poste restante;Romance, Drama, Biography;7.4;11816;1980
Halfaouine, l'enfant des terrasses;Comedy, Drama;6.7;2208;1990
Astérix chez les Bretons;Comedy, Adventure, Family, Animation;7.1;13046;1980
Caravaggio;Romance, Drama, History, Biography;6.5;7385;1980
Clockwise;Comedy;6.6;14244;1980
Le mur;Drama;7.9;4532;1980
La Mouche;ScienceFiction, Drama, Horror, Sci-Fi;7.6;214487;1980
Les Fugitifs;Comedy, Drama, Crime;7.0;8385;1980
Ginger et Fred;Comedy, Romance, Drama;7.2;5727;1980
Miriana;Romance, Drama;7.7;1038;1980
Highlander;Fantasy, Adventure, Action;7.0;153072;1980
Inspecteur Lavardin;Drama, Crime, Mystery;6.5;1673;1980
Jean de Florette;Drama;8.1;28429;1980
Labyrinthe;Fantasy, Adventure, Family;7.3;157489;1980
Lady Jane;Romance, Drama, History, Biography;7.1;7321;1980
La mauvaise herbe;Romance, Drama, Crime;6.4;1128;1980
Max mon amour;Comedy;6.0;1355;1980
L'apiculteur;Drama;7.2;3133;1980
Mélo;Romance, Drama;7.1;1911;1980
Mission;Action, Adventure, Drama, History;7.4;68536;1980
Mona Lisa;Romance, Thriller, Drama, Crime;7.3;19573;1980
My Beautiful Laundrette;Comedy, Romance, Drama;6.8;18013;1980
Le Nom de la rose;Thriller, Drama, Mystery;7.7;122768;1980
Le Sacrifice;Drama;7.9;33276;1980
Pirates;Comedy, Adventure, Action;6.0;9831;1980
Platoon;Drama, War, Action;8.1;456119;1980
Le rayon vert;Romance, Drama;7.6;11209;1980
Rita, Susie et Bob... aussi !;Comedy, Drama;6.6;5216;1980
Chambre avec vue...;Romance, Drama;7.2;50386;1980
Salvador;Thriller, Drama, History;7.3;24061;1980
Sid & Nancy;Music, Romance, Drama, Biography;7.0;35903;1980
Rimmel;Comedy, Drama, Crime;6.8;3825;1980
Thérèse;Drama;7.2;1051;1980
Le dénonciateur;Thriller, Drama, Action;6.2;2743;1980
Whoops Apocalypse;Comedy;6.0;1050;1980
Comédies et proverbes;Comedy, Romance, Drama;7.5;5978;1980
Angel Heart;Thriller, Mystery, Horror;7.2;99762;1980
Le nouveau;Drama, War;8.0;37457;1980
Le Ventre de l'architecte;Drama;6.9;6498;1980
Le Cri du hibou;Thriller, Mystery, Crime, Romance, Drama;6.3;1122;1980
Chronique d'une mort annoncée;Thriller, Drama, Crime;6.6;1356;1980
Cry Freedom - Le cri de la liberté;Drama, History, Biography;7.4;14955;1980
Les gens de Dublin;Drama;7.2;9408;1980
Triple Assassinat dans le Suffolk;Comedy, Drama;7.1;11415;1980
Empire du soleil;Drama, War, History;7.7;138529;1980
La famille;Romance, Drama;7.4;2601;1980
Five Corners;Thriller, Drama, Crime;6.1;4043;1980
Le quatrième protocole;Thriller, Action;6.5;11645;1980
Full Metal Jacket;Drama, War;8.2;821799;1980
Good Morning Babylone;Romance, Drama, War;6.7;1832;1980
Le Grand Chemin;Comedy, Drama;7.3;1868;1980
Hellraiser : Le Pacte;Thriller, Horror;6.9;147867;1980
Les ailes du désir;Fantasy, Romance, Drama;7.9;80890;1980
Hope and Glory: La guerre à sept ans;Romance, War, Family, Comedy, Drama;7.3;15381;1980
A.V. sur J.B;Fantasy, Documentary, Biography;7.2;1679;1980
Le petit amour;Romance, Drama;6.9;2353;1980
Le Dernier Empereur;Drama, History, Biography;7.7;115881;1980
The Last of England;Fantasy, Drama;6.5;1562;1980
Tuer n'est pas jouer;Thriller, Adventure, Action;6.7;109900;1980
The Lonely Passion of Judith Hearne;Romance, Drama;7.0;1390;1980
Masques;Thriller, Drama, Crime, Mystery;6.8;1920;1980
Maurice;Romance, Drama;7.6;25470;1980
Un mois à la campagne;Drama, History;6.8;2117;1980
Personal Services;Comedy;6.3;1967;1980
Une prière pour mourir;Thriller, Drama, Action, Crime;6.3;6072;1980
Prick Up Your Ears;Drama, Biography;7.1;6739;1980
Sammy et Rosie s'envoient en l'air;Comedy, Romance, Drama;6.6;1598;1980
Sous le soleil de Satan;Fantasy, Drama;6.7;3945;1980
Le Beau-père;Thriller, Horror;6.7;19748;1980
Le sud;Music, Drama;7.3;1128;1980
Tandem;Comedy, Drama;7.0;1429;1980
Sur la route de Nairobi;Thriller, Mystery, Crime, Romance, Drama;6.4;3405;1980
L'oeil du tueur;Thriller, Mystery, Horror;6.1;3180;1980
Too much !;Comedy, Romance, Drama;6.8;3564;1980
Withnail et moi;Comedy, Drama;7.5;50055;1980
La lumière;Fantasy, Drama;6.9;2899;1980
36 fillette;Romance, Drama;6.0;1540;1980
Appartement zéro;Thriller, Drama, Mystery;6.8;4365;1980
Rendez-vous avec la mort;Thriller, Drama, Crime, Mystery;6.1;7192;1980
La bande des quatre;Adventure, Drama, Mystery;6.8;1233;1980
Baxter;Comedy, Drama, Horror;6.7;2928;1980
Camille Claudel;Romance, Drama, History, Biography;7.3;7707;1980
Chocolat;Drama;7.3;4832;1980
Crusoe;Adventure, Drama;6.1;1246;1980
De bruit et de fureur;Drama;7.2;1227;1980
Sleep Well, My Love;Comedy, Drama;4.6;65;1990
Distant Voices;Music, Drama;7.4;5487;1980
Un poisson nommé Wanda;Comedy, Crime;7.5;160026;1980
Frantic;Thriller, Drama, Crime, Mystery;6.8;59805;1980
Le Grand Bleu;Romance, Adventure, Drama, Sport;7.5;56897;1980
Une poignée de cendre;Romance, Drama;6.6;2515;1980
Hellraiser II : Les Écorchés;Thriller, Horror;6.4;58652;1980
High Hopes;Comedy, Drama;7.4;6072;1980
Itinéraire d'un enfant gâté;Comedy, Adventure, Drama;6.9;2960;1980
Le Repaire du ver blanc;Comedy, Fantasy, Horror;6.1;16693;1980
La Lectrice;Comedy, Drama;7.0;1869;1980
La légende du saint buveur;Drama;7.1;2329;1980
Gandahar;Fantasy, Adventure, ScienceFiction, Animation;7.0;5947;1980
Madame Sousatzka;Music, Drama;6.6;1699;1980
Alice;Fantasy, Adventure, Family, Animation;7.4;14627;1980
La nuit de l'océan;Drama;4.9;28;1990
Cinéma Paradiso;Romance, Drama;8.5;301246;1980
L'Île de Pascali;Drama;6.7;1593;1980
Patty Hearst;Drama, Biography;6.3;2665;1980
Quelques jours avec moi;Comedy, Romance, Drama;7.0;1283;1980
Salaam Bombay!;Drama, Crime;7.9;10524;1980
Salomé;Comedy, Drama, Biography;6.4;2086;1980
L'homme qui voulait savoir;Thriller, Mystery;7.7;50218;1980
Stormy Monday - Un lundi trouble;Music, Thriller, Drama, Crime;6.2;4690;1980
A Summer Story;Romance, Drama;7.2;1322;1980
Le complot;Thriller, Drama, History;6.1;1743;1980
Paysage dans le brouillard;Drama;7.9;10410;1980
Une affaire de femmes;Romance, Drama, History;7.5;6119;1980
Une histoire de vent;Fantasy, Drama, Documentary;6.8;1004;1980
La vie est un long fleuve tranquille;Comedy;6.8;4930;1980
Vroom;Romance, Drama;5.2;202;1990
Waxwork;Comedy, Horror;6.1;14851;1980
Élémentaire, mon cher... Lock Holmes;Comedy, Crime, Mystery;6.9;11559;1980
Un monde à part;Drama;7.0;1914;1980
L'amuse-gueule;Comedy, Romance;6.6;2076;1980
L'espoir aux trousses;Drama, Biography;7.1;1114;1980
36-15 Code Père Noël;Thriller, Action, Horror;6.4;3099;1980
Les aventures du baron de Munchausen;Adventure, Action, Family, Comedy, Fantasy;7.1;58432;1980
Charlie, mon héros;Animation, Adventure, Family, Comedy, Drama, Fantasy;6.8;48661;1980
Astérix et le Coup du menhir;Comedy, Adventure, Family, Animation;6.4;9210;1980
L'Autrichienne;Drama, History, Biography;6.1;133;1990
L'avaro;Comedy;6.0;389;1990
Le bon gros géant;Animation, Adventure, Family, Fantasy, Drama;6.7;7754;1980
Le Triomphe de Babar;Fantasy, Adventure, Family, Animation;6.3;1173;1980
Baby Blood;Horror;6.0;2519;1990
Bunker Palace Hôtel;ScienceFiction, Sci-Fi;6.3;1002;1980
Burndown;Thriller, Horror, Mystery;3.6;153;1990
Quelle heure est-il?;Comedy, Drama;7.3;1407;1980
Cold Justice;Drama;5.9;89;1990
Conte de printemps;Comedy, Romance, Drama;7.1;6250;1990
Le Cuisinier, le voleur, sa femme et son amant;Drama, Crime;7.5;43504;1980
Le temps des gitans;Comedy, Drama, Crime, Fantasy;8.1;33628;1980
Erik le Viking;Comedy, Adventure, Fantasy;6.1;14919;1980
Un dieu rebelle;Adventure, ScienceFiction, Drama, Sci-Fi;6.4;1315;1980
SAS - L'oeil de la veuve;Adventure, Action, Crime;3.7;118;1990
Tête-à-tête;Comedy, Drama, Fantasy;6.8;6820;1980
I Bought a Vampire Motorcycle;Comedy, Crime, Horror, Fantasy;5.4;1702;1990
In Fading Light;Drama;7.5;28;1990
Jésus de Montréal;Romance, Drama;7.5;7721;1980
Dernière sortie pour Brooklin;Drama;6.8;7328;1980
Permis de tuer;Thriller, Adventure, Action;6.7;115875;1980
Maman;Drama, Crime;4.2;32;1990
Marquis;Comedy, Animation;6.7;1632;1980
Mes meilleurs copains;Comedy, Drama, Music;6.7;1206;1980
Mes nuits sont plus belles que vos jours;Romance, Drama;6.1;2342;1980
Milou en mai;Comedy, Romance;7.2;3546;1990
The Misadventures of Mr. Wilt;Comedy, Crime;6.1;1233;1980
Monsieur Hire;Romance, Drama, Crime;7.5;7413;1980
My Left Foot;Drama, Biography;7.8;82564;1980
Noce blanche;Romance, Drama;6.9;2941;1980
Paperhouse;Fantasy, Drama, Horror;6.6;6515;1980
La petite voleuse;Comedy, Romance, Drama, Crime;6.8;2421;1980
Powwow Highway;Comedy, Adventure, Drama;7.2;2073;1980
L'arc-en-ciel;Romance, Drama, Action;6.3;1852;1980
Romuald et Juliette;Comedy, Romance;6.8;1900;1980
Scandal;Romance, Drama, History;6.4;5761;1980
Shag;Comedy, Romance, Drama;6.4;5110;1980
Shirley Valentine;Comedy, Romance, Drama;7.2;9317;1980
Speaking Parts;Romance, Drama;6.6;1644;1980
The tall guy;Comedy, Romance;6.2;5117;1980
Tom et Lola;ScienceFiction, Drama, Sci-Fi;6.3;350;1990
Trop belle pour toi;Romance, Drama, Comedy;6.6;3162;1980
Le trésor des îles chiennes;ScienceFiction, Mystery, Sci-Fi;5.6;190;1990
Tumultes;Drama;6.2;48;1990
Valmont;Romance, Drama;7.0;14887;1980
La vengeance d'une femme;Drama;5.9;288;1990
La vie et rien d'autre;Drama, War;7.5;2202;1980
La voix de la Lune;Comedy, Adventure, Drama, Fantasy;6.3;3479;1990
Les 1001 nuits;Comedy, Adventure, Fantasy;5.5;1082;1990
Adrénaline;, Horror;6.3;263;1990
La Comédie d'un jour;Comedy, Adventure, Action;6.2;238;1990
Amelia Lópes O'Neill: L'Histoire d'une femme fidèle du port de Valparaiso racontée par un voleur repenti;Romance, Drama;6.1;72;1990
Un ange à ma table;Drama, Biography;7.4;9119;1990
Aux yeux du monde;Thriller, Drama;6.1;387;1990
Aventure de Catherine C.;Drama;4.7;62;1990
Le bal du gouverneur;Romance, Drama;5.7;93;1990
Docteur Norman Bethune;Biography, War, Romance, Drama, History;6.4;433;1990
Bienvenue à bord!;Comedy, Thriller, Drama;5.1;142;1990
Big Man;Drama, Crime, Sport;5.7;1526;1990
Black Rainbow;Thriller, Mystery, Horror;6.0;2168;1980
Sedem jednou ranou;Fantasy, Family;6.3;77;1990
La Baule-les-Pins;Comedy, Romance, Drama;6.2;992;1990
La campagne de Cicéron;Comedy, Drama;6.7;63;1990
La captive du désert;Adventure, Drama, Crime;6.4;219;1990
Cheb;Drama;5.0;111;1990
Chicago Joe et la showgirl;Romance, Drama, Crime;5.0;821;1990
Le Château de ma mère;Biography, Adventure, Romance, Comedy, Drama;7.6;5928;1990
Cold Dog Soup;Comedy;5.6;564;1990
Étrange Séduction;Fantasy, Romance, Drama, Crime;6.3;6907;1990
Autour du désir;Drama;6.1;337;1990
Double impact;Thriller, Adventure, Drama, Action;4.4;1725;1990
Cyrano de Bergerac;Comedy, Romance, Drama, History;7.5;26765;1990
Daddy Nostalgie;Romance, Drama;6.8;881;1990
Dakota Road;, Drama;7.0;58;1990
Dames galantes;Comedy, Romance, Drama, History;5.6;186;1990
Danse avec les loups;Western, Adventure, Drama;8.0;300928;1990
Dancin' Thru the Dark;Comedy, Drama;6.8;472;1990
Dancing Machine;Thriller, Drama, Mystery;4.1;392;1990
December Bride;Drama;6.4;379;1990
La désenchantée;Romance, Drama;6.1;554;1990
Oublier Palerme;Thriller, Drama, Crime;5.6;592;1990
La discrète;Romance, Drama;7.0;1095;1990
Les amusements de la vie privée;Comedy;5.6;68;1990
Docteur M.;ScienceFiction, Drama, Crime, Mystery;4.8;550;1990
Docteur Petiot;Drama, Crime, History, Biography;6.8;846;1990
La Bande à Picsou, le film : Le Trésor de la lampe perdue;Animation, Adventure, Family, Comedy, Fantasy;6.8;29596;1990
Dédé;Unknown, Drama;3.7;16;1990
Chacun sa chance;Thriller, Drama, Crime, Mystery;5.1;1454;1990
The Fool;Drama, Crime;6.2;131;1990
Fools of Fortune;Romance, Drama;5.3;265;1990
La fuite au paradis;Adventure, ScienceFiction, Action, Sci-Fi;5.5;83;1990
The Garden;Drama;6.3;1204;1990
Gaspard et Robinson;Comedy, Drama;6.5;161;1990
Coupable d'Innocence;Drama, Crime, History;8.2;88;1990
La Gloire de mon père;Adventure, Drama, Biography;7.6;7330;1990
Green Card;Comedy, Romance, Drama;6.3;26715;1990
Génial, mes parents divorcent !;Comedy, Family;5.5;501;1990
Genetic Warrior;Thriller, ScienceFiction, Horror, Sci-Fi;5.9;17189;1990
Hidden Agenda - Secret défense;Thriller, Drama;6.9;4927;1990
Europa Europa;Drama, War, History;7.5;18011;1990
J'ai engagé un tueur;Comedy, Drama, Crime;7.2;8367;1990
Il y a des jours... et des lunes;Comedy, Drama;6.0;612;1990
L'hiver à Lisbonne;Music, Thriller, Romance, Drama;4.2;51;1990
Jean Galmot, aventurier;Drama, History, Biography;5.8;140;1990
Jours tranquilles à Clichy;Drama;4.8;815;1990
Le roi de New York;Thriller, Crime;6.9;45250;1990
Korczak;Drama, War, History, Biography;7.4;1708;1990
Les Frères Kray;Drama, Crime, History, Biography;6.6;9342;1990
Lacenaire;Drama, Crime, Biography;6.1;370;1990
Life Is Sweet;Comedy, Drama;7.4;11783;1990
Living Doll;Fantasy, Drama, Horror;5.5;355;1990
Magie noire;Horror;4.1;1020;1990
Le mari de la coiffeuse;Comedy, Romance, Drama;7.1;10758;1990
Martha et moi;Drama;6.6;90;1990
Memphis Belle;Drama, Action, War;6.9;31410;1990
Mister Frost;Thriller, Drama, Crime, Horror;5.9;2911;1990
Aux sources du Nil;Adventure, Drama, History;7.1;4513;1990
Nikita;Thriller, Drama, Action, Crime;7.3;79164;1990
Non, ou la vaine gloire de commander;Drama, War, History;7.2;1027;1990
Nouvelle vague;Drama;6.5;1686;1990
Nuit d'été en ville;Romance, Drama;6.1;567;1990
Number One Gun;Comedy, Action;4.6;35;1990
Mettons les voiles;Comedy, Crime;6.0;9375;1990
L'Opération Corned Beef;Comedy, Romance, Action;6.1;3237;1990
Outremer;Drama;6.5;138;1990
Pacific Palisades;Comedy, Romance;3.6;262;1990
Le grand simulateur;Fantasy, Thriller, Drama, Crime;6.6;779;1990
Pasport;Comedy, Adventure, Drama;7.4;1278;1990
Le petit criminel;Drama;6.7;534;1990
Schizo;Thriller, Horror;4.8;364;1990
Le dernier papillon;Drama, War;7.0;334;1990
Le procès du roi;Drama, History;6.5;86;1990
Promotion canapé;Comedy;4.4;564;1990
Présumé dangereux;Thriller, Action;3.7;125;1990
Jane, la putain du roi;Romance, Drama, History;5.7;905;1990
Le voleur d'arc-en-ciel;Fantasy, Drama;5.8;1598;1990
L'enfant cauchemar;Thriller, Drama, Horror;6.7;9953;1990
Journey of Hope;Adventure, Drama;7.5;2377;1990
Rendez-vous au tas de sable;Comedy;6.8;87;1990
Le mystère Von Bülow;Drama, Mystery, Biography;7.2;20306;1990
Riff-Raff;Comedy, Drama;7.0;5084;1990
Ripoux contre ripoux;Comedy, Action, Crime;6.2;2324;1990
Rosencrantz et Guildenstern sont morts;Comedy, Drama;7.3;24619;1990
S'en fout la mort;Drama;6.7;1294;1990
Sale comme un ange;Romance, Drama;5.7;385;1990
Sandino;Drama, Biography;6.2;143;1990
Les branches de l'arbre;Drama;7.7;874;1990
Un thé au Sahara;Romance, Adventure, Drama;6.7;14320;1990
Silent Scream;Thriller, Biography, Crime, Horror, Drama;5.6;166;1990
Le sixième doigt;Comedy, , Drama;7.0;28;1990
Le soleil même la nuit;Romance, Drama;7.1;924;1990
Stan the Flasher;Drama;4.9;165;1990
Ils vont tous bien!;Drama;7.7;4681;1990
Tatie Danielle;Comedy, Romance, Drama;7.1;3845;1990
Taxi Blues;Comedy, Drama;7.3;2075;1990
Toujours seuls;Comedy, Drama;4.6;36;1990
La tribu;Drama, Crime;5.4;106;1990
Un week-end sur deux;Drama;5.7;252;1990
Uranus;Comedy, Drama, History;7.0;1577;1990
Vincent et Théo;Drama, Biography;6.9;4317;1990
Cellini, l'or et le sang;TVMovie, Drama, History, Biography;7.0;140;1990
Roxy;Comedy, Drama;5.9;6428;1990
Whispers;Thriller, Mystery, Horror;4.5;719;1990
A Killer's Romance;Romance, Thriller, Action;5.5;187;1990
Double vue;Fantasy, Thriller, Drama, Horror;5.8;1356;1990
Allemagne 90 neuf zéro;Drama;6.9;810;1990
L'amant;Romance, Drama, Biography;6.8;24453;1990
L'amour entre une fils et un garçon;Romance, Drama;7.6;16285;1990
American Friends;Comedy, Romance, Drama;6.4;927;1990
Les arcandiers;Drama;6.8;59;1990
The Ballad of the Sad Cafe;Comedy, Romance, Drama, Mystery;5.9;910;1990
Bar des rails;Drama;6.5;84;1990
Barton Fink;Comedy, Thriller, Drama, Mystery;7.6;132433;1990
Devenir Colette;Romance, Drama, History, Biography;5.4;295;1990
La Belle Noiseuse;Drama;7.5;10007;1990
Divertimento;Drama;7.4;755;1990
La vie sur un fil;Music, Romance, Drama;6.9;725;1990
Blonde Fist;Comedy, Drama, Action, Sport;4.6;305;1990
Double arnaque;Comedy, Crime;4.5;1637;1990
Les aventures de Cabeza de Vaca;Biography, Adventure, Action, Drama, History;6.9;1235;1990
Le Cabinet du docteur Ramirez;Music, ScienceFiction, Mystery, Horror, Drama;5.4;200;1990
Le ciel de Paris;Romance, , Drama;6.1;205;1990
Close My Eyes;Romance, Drama;6.2;3804;1990
Le Collier Perdu de la Colombe;Fantasy, Romance, Drama, Family;7.1;560;1990
Les Commitments;Comedy, Drama, Music;7.6;40733;1990
Le Comte Max;Comedy;4.4;194;1990
Contre l'oubli;Drama, Documentary;5.9;148;1990
La trahison;Thriller, Drama, Mystery;5.1;37;1990
Delicatessen;Comedy, ScienceFiction, Crime, Fantasy;7.5;92300;1990
Le dimanche de préférence;Comedy, Romance, Drama;6.2;367;1990
La double vie de Véronique;Fantasy, Drama, Music, Mystery;7.6;55199;1990
Fais de l'air Fred;Comedy, Drama, Fantasy, Family;6.0;32780;1990
Edward II;Romance, Drama, History;6.8;3191;1990
Eline Vere;Romance, Drama;6.2;367;1990
La Guerre des nerfs;Thriller, Drama;5.9;587;1990
Avril enchanté;Romance, Drama;7.3;7514;1990
Les équilibristes;Romance, Drama;7.0;159;1990
Europa;Thriller, Drama, Crime, History;7.5;23974;1990
Rue Saint-Sulpice;Comedy, Romance;6.1;1222;1990
Le fils du Mékong;Comedy;4.6;37;1990
La gamine;Comedy, Adventure, Action;3.7;73;1990
Highlander - Le retour;ScienceFiction, Adventure, Action, Fantasy, Drama;4.2;49317;1990
The Man Who Lost His Shadow;Drama;6.2;148;1990
The Voyager;Romance, Drama;6.7;3690;1990
Hors la vie;War, Drama, Crime;6.8;529;1990
Impromptu;Music, Biography, Romance, Comedy, Drama;6.8;5705;1990
Isabelle Eberhardt;, Drama, History, Biography;5.1;139;1990
J'embrasse pas;Adventure, Drama, Crime;6.8;1507;1990
J'entends plus la guitare;Drama;6.8;541;1990
Jacquot de Nantes;Comedy, Drama, Biography;7.7;2150;1990
Le jour des rois;Comedy, , Drama;6.4;64;1990
K2, l'ultime défi;Thriller, Adventure, Action, Sport, Drama;6.2;7479;1990
Kafka;Comedy, Drama, Mystery, Sci-Fi;6.8;10900;1990
Un baiser avant de mourir;Thriller, Drama, Crime, Mystery;5.7;6203;1990
The Long Winter;Drama, War, History;6.1;129;1990
L'Âge de vivre;Drama, Crime, History;7.1;3918;1990
London Kills Me;Comedy, Drama;6.1;672;1990
Loulou Graffiti;Comedy, Drama;5.0;91;1990
Love Crimes;Romance, Thriller;4.3;1335;1990
Ma vie est un enfer;Comedy, Romance, Fantasy;5.5;901;1990
Marcellino;Drama;5.9;293;1990
La tentation de Vénus;Comedy, Romance, Drama;6.6;1463;1990
Merci la vie;Drama;6.5;1443;1990
Le pas suspendu de la cigogne;Romance, Drama;7.5;3000;1990
Milena;Drama, Biography;6.2;107;1990
L'étrangère;Romance, Drama, Mystery;6.5;821;1990
Mississippi Masala;Romance, Drama;6.8;6693;1990
Mon père, ce héros;Comedy, Romance, Drama;6.1;2990;1990
Monster in a Box;Comedy, Drama;7.5;890;1990
Le Festin nu;Drama, Crime, Mystery;6.9;58965;1990
Netchaïev est de retour;Thriller, Drama, Crime;5.2;184;1990
Night of the Warrior;Thriller, Drama, Action, Sport;3.7;411;1990
Une nuit sur Terre;Comedy, Drama;7.7;68755;1990
Nord;Drama;6.4;182;1990
La note bleue;Music, Romance, Drama;6.2;830;1990
Night and Day;Drama;6.4;497;1990
Les Imposteurs;Comedy, Drama, Crime;5.6;2398;1990
Den ofrivillige golfaren;Comedy, Sport;5.7;5194;1990
Olivier, Olivier;Thriller, Adventure, Drama, Crime;7.5;1921;1990
On peut toujours rêver;Comedy;5.1;435;1990
Paris s'éveille;Drama;6.3;332;1990
Plaisir d'amour;Comedy;5.9;185;1990
The Pope Must Diet;Comedy;5.1;1704;1990
Le porteur de serviette;Comedy, Drama;7.0;918;1990
Pour Sacha;Romance, Drama, War;5.7;600;1990
Prospero's Books;Fantasy, Drama;6.8;6890;1990
Rage in Harlem: la reine des pommes;Comedy, Crime;5.9;2435;1990
Crados Family;Comedy, Fantasy, Horror;5.4;460;1990
Le roi ébahi;Comedy, History;6.6;896;1990
Rien que des mensonges;Drama;5.5;47;1990
Robin des Bois;Adventure, Drama, Action;5.7;6145;1990
Rock-O-Rico;Music, Animation, Adventure, Family, Comedy, Fantasy;6.0;11095;1990
Secret Friends;Fantasy, Drama;5.0;158;1990
Les secrets professionnels du Dr Apfelglück;Comedy;5.3;513;1990
Entre chien et loup;Thriller, Drama, War, Mystery;4.7;164;1990
Simple mortel;Thriller, Drama, Sci-Fi;6.5;292;1990
Sissi la valse des coeurs;Drama;5.7;33;1990
Talons aiguilles;Comedy, Romance, Drama;7.0;18220;1990
Terminator 2 : Le Jugement dernier;Thriller, ScienceFiction, Adventure, Action, Sci-Fi;8.6;1232359;1990
Tinpis Run;Comedy, Drama;6.4;79;1990
La totale !;Comedy, Adventure;6.2;1945;1990
Toto le héros;Comedy, Drama, Fantasy;7.4;6558;1990
Toubab Bi;Comedy, Drama;6.6;27;1990
Tous les matins du monde;Music, Biography, Romance, Drama, History;7.5;8208;1990
Transit;Drama;6.7;19;1990
Ghost Story;TVMovie, Romance, Comedy, Drama, Fantasy;7.2;10343;1990
Trust me;Comedy, Romance, Drama, Crime;7.4;12698;1990
L'Assassin du tsar;Drama, History;6.8;1044;1990
Twenty-One;Comedy, Drama;5.2;565;1990
Une époque formidable...;Comedy, Drama;6.7;1443;1990
Urga;Romance, Adventure, Drama;7.5;3979;1990
Van Gogh;Romance, Drama, Biography;7.1;3429;1990
Veraz;Adventure, Drama;4.8;100;1990
Dans la soirée;Drama;6.4;284;1990
Le voyage du capitaine Fracasse;Comedy, Adventure, History;7.2;1288;1990
La vieille qui marchait dans la mer;Comedy, Drama, Crime;5.9;455;1990
Le voleur d'enfants;Drama;5.9;227;1990
L'amour en larmes;Romance, Drama;6.3;2595;1990
Young Soul Rebels;Music, Drama, Mystery;6.2;694;1990
Lost in Siberia;Romance, Drama;6.7;379;1990
1492 : Christophe Colomb;Biography, Adventure, Action, Drama, History;6.4;34083;1990
588 rue Paradis;Comedy, Drama;6.9;2103;1990
L'absence;Drama;6.2;91;1990
L'accompagnatrice;Music, Romance, Drama;6.9;1033;1990
Aigle de fer III;Thriller, Action;3.8;3281;1990
Adieu princesse;Drama, Mystery;6.2;47;1990
Dinosaures;Fantasy, Adventure, Family;4.8;1304;1990
Alien³;ScienceFiction, Action, Horror, Sci-Fi;6.4;340523;1990
Amazone;Adventure, Drama;5.6;591;1990
Les amies de ma femme;Comedy;4.2;63;1990
Amoureuse;Comedy, Romance, Drama;5.4;262;1990
Les années campagne;Comedy, Romance, Drama, Family;5.5;49;1990
Die Antigone des Sophokles nach der Hölderlinschen Übertragung für die Bühne bearbeitet von Brecht 1948 (Suhrkamp Verlag);Drama;6.6;481;1990
Après l'amour;Comedy, Romance, Drama;6.0;428;1990
Août;Comedy, , Drama;6.1;28;1990
Le bal des casse-pieds;Comedy;5.4;621;1990
Basic Instinct;Thriller, Drama, Mystery;7.1;232013;1990
Beau fixe;Comedy, Drama;6.3;182;1990
La belle histoire;Fantasy, Adventure, Drama;6.6;868;1990
Belle époque;Comedy, Romance, Drama;7.1;11787;1990
Betty;Drama;6.8;1838;1990
Méli-mélo à Venise;Comedy;5.5;2939;1990
Blue Black Permanent;Drama;6.4;215;1990
Blue Ice;Romance, Thriller, Action, Mystery;5.2;1902;1990
Bob Roberts;Comedy, Drama;7.0;16000;1990
The Bridge;Romance, Drama;6.7;149;1990
Le cahier volé;Romance, , Drama;6.5;127;1990
Carry on Columbus;Comedy, Adventure, Action;3.4;2748;1990
Céline;Drama;7.0;674;1990
Chaplin;Comedy, Drama, Biography;7.5;64096;1990
La chasse aux papillons;Comedy, Drama;7.0;627;1990
The Chekist;Drama;7.0;1236;1990
Christophe Colomb: La découverte;Adventure, Drama, History, Biography;4.4;3332;1990
Le chêne;Comedy, Drama;7.9;4084;1990
La Cité de la joie;Drama, Crime;6.5;5823;1990
Confessions d'un Barjo;Comedy, Romance, Drama;5.6;336;1990
Conte d'hiver;Romance, Drama, Comedy;7.2;6617;1990
La course de l'innocent;Thriller, Adventure, Drama, Crime;6.9;579;1990
Coup de jeune;Comedy;4.2;87;1990
La crise;Comedy, Drama, Music;6.9;1581;1990
The Crying Game;Romance, Thriller, Drama, Crime;7.2;61866;1990
Daens;Drama, History, Biography;7.5;4493;1990
Le jour du désespoir;Drama, Biography;6.7;232;1990
Diên Biên Phú;Drama, War;6.2;1169;1990
Dingo;Music, Drama;6.8;498;1990
Le toucher silencieux;Music, Drama;6.3;321;1990
Double X: The Name of the Game;Thriller, Drama, Crime;4.1;240;1990
Drôles d'oiseaux;Comedy, Crime;6.2;57;1990
Le souffle du démon;Thriller, Mystery, Horror;6.2;6185;1990
Fatale;Romance, Drama;6.7;21522;1990
La fille de l'air;Thriller, Drama, Crime;6.0;166;1990
Fin de round;, Unknown;6.2;16;1990
Freddie la grenouille;Animation, Adventure, Family, Comedy, Fantasy;5.1;860;1990
Les meilleures intentions;Romance, Drama, Biography;7.7;3634;1990
Le grand pardon II;, Crime;4.4;427;1990
Guelwaar;Drama;7.3;436;1990
Hedd Wyn;Romance, Drama, War;7.0;477;1990
L'homme de ma vie;Comedy, Romance;6.7;98;1990
Hostage;Thriller, Drama, Action;4.8;280;1990
Retour à Howards End;Romance, Drama;7.4;37410;1990
Hyènes;Comedy, Drama;7.4;1439;1990
IP5: L'île aux pachydermes;Adventure, Drama, Crime;6.3;794;1990
Immaculate Conception;Romance, Drama;6.1;263;1990
L'inconnu dans la maison;Drama, Crime;6.1;581;1990
Indochine;Romance, Drama, War;7.0;11361;1990
Johnny Suede;Comedy, Romance, Drama, Music;5.8;4595;1990
Journey of Honor;Adventure, Drama, Action;5.4;458;1990
Krapatchouk;Comedy;7.0;38;1990
Crystal Nights;Fantasy, , Drama, Horror;6.1;125;1990
L.627;Thriller, Drama, Crime;7.2;2264;1990
Les enfants volés;Drama, Crime;7.6;2992;1990
Mémoire traquée;Romance, Thriller;5.8;275;1990
Le Cobaye;ScienceFiction, Horror, Sci-Fi;5.4;40802;1990
Leon the Pig Farmer;Comedy, Crime;5.7;590;1990
Listopad;Horror;7.3;69;1990
Une longue journée qui s'achève;Drama, Biography;7.3;4236;1990
Luna Park;Drama;6.2;545;1990
Lunes de fiel;Romance, Thriller, Drama;7.2;44591;1990
Léolo;Comedy, Drama, Fantasy;7.4;7492;1990
Les mambo kings;Music, Drama;6.4;6141;1990
Coeur de métisse;Romance, Adventure, Drama, War;7.0;3511;1990
The Perfect Husband;Drama;6.0;214;1990
Max & Jérémie;Comedy, Thriller, Drama, Crime;6.0;842;1990
Les Aventures d'un homme invisible;Comedy, Romance, ScienceFiction, Sci-Fi;6.0;28075;1990
October 32nd;Fantasy, Adventure, Action;3.6;228;1990
Le mirage;Romance, Drama;7.0;110;1990
Noël chez les Muppets;Music, Family, Comedy, Drama, Fantasy;7.8;76395;1990
Les nuits fauves;Drama, Crime, Biography;6.8;2520;1990
L'oeil qui ment;Comedy, Fantasy;6.5;156;1990
Mariage blanc;Romance, Drama;5.7;150;1990
La peste;Drama, Action;5.6;1004;1990
Les amis de Peter;Comedy, Romance, Drama;7.0;12530;1990
Le petit prince a dit;Drama;6.9;500;1990
La petite amie d'Antonio;Romance, Drama;7.8;60;1990
The Playboys;Romance, Drama;6.2;1358;1990
La puissance de l'ange;Drama, Sport;7.1;11041;1990
Promenades d'été;Drama;6.1;43;1990
Moscou Parade;Drama, History;6.5;234;1990
Quartier Mozart;Comedy;6.3;106;1990
Quelque part vers Conakry;Adventure, Drama, Family;6.5;55;1990
The Railway Station Man;Romance, Drama, TVMovie;6.0;419;1990
Rebecca's Daughters;Comedy, Drama;6.6;195;1990
Le retour de Casanova;Comedy, Romance, Drama;5.8;620;1990
Le retour des Charlots;Comedy;2.9;102;1990
Ruby;Thriller, Biography, Crime, Action, Drama;5.5;1729;1990
The Runner;Thriller, Action;4.5;110;1990
Les vaisseaux du coeur;Romance, Drama;6.1;1280;1990
Une vie indépendante;Drama;6.5;219;1990
Sarafina!;Music, Musical, Drama, Family;6.3;2380;1990
L'ombre du doute;Thriller, Drama;6.2;183;1990
La sentinelle;Thriller, Drama, Mystery;6.5;929;1990
Sexes faibles!;Comedy;3.6;131;1990
Agaguk;Thriller, Adventure, Drama;5.8;1113;1990
Une lueur dans la nuit;Romance, Thriller, Drama, War;6.4;11195;1990
Mon dieu, on a tué ma femme;Comedy, Thriller;5.2;700;1990
Simple Men;Romance, Drama, Crime;7.1;4981;1990
Siméon;Fantasy, Music;7.2;53;1990
Le souper;Drama, History;7.4;662;1990
Killer Instinct;Action, Crime, Horror;6.0;17611;1990
Sup de fric;Comedy;3.8;76;1990
Sur la terre comme au ciel;Drama;6.1;106;1990
Les Enfants du dimanche;Adventure, Drama, Biography;6.9;918;1990
Tableau d'honneur;Comedy, Family;4.4;152;1990
Vampire;Romance, Drama, Horror;5.2;840;1990
Une passion d'été;Romance, Drama;6.6;3350;1990
Toutes peines confondues;Comedy, Thriller, Drama, Crime;5.9;438;1990
Une belle emmerdeuse;Comedy, Action, Crime;5.5;1070;1990
Le tour d'écrou;Thriller, Drama, Horror;5.4;634;1990
Tous les hommes de Sara;, Thriller;4.5;47;1990
Twin Peaks;Drama, Mystery, Horror;7.3;112711;1990
Les yeux bleus de Yonta;Drama;6.5;162;1990
Un cœur en hiver;Music, Romance, Drama;7.6;11171;1990
Piège en haute mer;Thriller, Action;6.5;99125;1990
Faute de preuves;Thriller, Drama, Crime, Mystery;6.4;5465;1990
Une journée chez ma mère;Comedy;4.1;78;1990
Utz, la passion de l'art;Adventure, Drama;6.5;260;1990
Le voyage;Adventure, Drama;7.1;864;1990
La vie de bohème;Comedy, Romance, Drama;7.6;6881;1990
Vieille canaille;Comedy, Thriller, Crime;6.1;354;1990
Ville à vendre;Comedy, Crime;5.9;154;1990
Virgina;Drama;7.6;613;1990
Warszawa. Année 5703;Romance, Drama, War;6.4;197;1990
The Washing Machine;Thriller, Drama, Crime, Horror;5.3;944;1990
Waterland;Drama, Mystery;6.5;2543;1990
Wild West;Comedy, Adventure;5.7;182;1990
Hors saison;Comedy, Drama;6.5;191;1990
Le zèbre;Comedy, Romance;5.8;668;1990
Le dernier plongeon;Drama;7.0;362;1990
Action mutante;ScienceFiction, Action, Comedy, Fantasy, Sci-Fi;6.4;6080;1990
L'affaire;Thriller, Drama;3.8;57;1990
El aliento del diablo;Adventure, Drama;6.1;52;1990
Anchoress;Drama;6.4;520;1990
Un'anima divisa in due;Romance, Drama;7.1;172;1990
Ici sur la terre;Drama, Crime, Mystery;5.9;62;1990
L'arbre, le maire et la médiathèque;Comedy, Drama;6.9;1818;1990
Arizona Dream;Comedy, Romance, Drama, Fantasy;7.2;46870;1990
As an Eilean;Comedy, Drama;6.2;54;1990
Aux petits bonheurs;Comedy, Romance, Drama;6.9;238;1990
The Baby of Mâcon;Drama, History;6.9;5217;1990
Backbeat, 5 garçons dans le vent;Music, Drama, Biography;6.7;6814;1990
Bad Behaviour;Comedy, Romance, Drama;5.8;237;1990
Les mille et une vies d'Hector;Comedy, Drama, Fantasy;5.3;4362;1990
Beyond Bedlam;Comedy, Mystery, Horror;3.2;563;1990
Bhaji, une balade à Blackpool;Comedy, Adventure, Drama;6.4;1278;1990
Blue;Drama, Biography;7.3;3002;1990
Cement Garden;Drama;7.0;5614;1990
Century;Romance, Drama;6.2;432;1990
Chasse gardée;Drama;6.8;23;1990
Cible émouvante;Comedy, Drama, Crime;6.9;917;1990
Cliffhanger : Traque au sommet;Thriller, Adventure, Action;6.5;144625;1990
Cuisine et Dépendances;Comedy, Drama;7.1;2104;1990
Deadly Advice;Comedy, Drama;6.1;353;1990
Dollar Mambo;Music, Romance, Drama;6.7;46;1990
En compagnie d'Antonin Artaud;Drama, Biography;6.9;177;1990
L'enfant lion;Adventure, Family;6.2;332;1990
Les veufs;Thriller, Drama, Crime;4.0;525;1990
Ethan Frome;Romance, Drama;6.3;2348;1990
Fausse note pour un mariage;Comedy, Drama;4.7;457;1990
Fatal Inheritance;Thriller, Drama, Action;4.3;51;1990
Fausto;Comedy;5.7;216;1990
Fear of a Black Hat;Comedy, Music;7.2;4739;1990
Killing Car;Thriller, Drama, Action, Crime;4.2;309;1990
Le fils du requin;Drama, Crime;6.7;358;1990
Le fil de l'Horizon;Thriller, Drama, Mystery;6.4;124;1990
Fiorile;Romance, Drama;6.8;1215;1990
Sauvez Willy;Adventure, Drama, Family;6.0;86112;1990
Genghis Cohn;Comedy, Drama;6.8;207;1990
Les gens normaux n'ont rien d'exceptionnel;Comedy, Drama;6.8;371;1990
La grande citrouille;Comedy, Drama, Family;6.8;591;1990
L'envol de Gabrielle;Comedy, Romance, Drama, Mystery;6.0;378;1990
The Hawk;Thriller, Drama, TVMovie;5.3;523;1990
Entre ciel et terre;Biography, Action, War, Drama, History;6.8;15549;1990
Les histoires d'amour finissent mal... en général;Comedy;5.6;47;1990
L'homme sur les quais;Drama, War, History;6.5;139;1990
L'heure du cochon;Thriller, Mystery, Crime, Romance, Comedy, Drama, History;6.6;2261;1990
La maison aux esprits;Romance, Drama;6.9;25762;1990
Pan Yuliang artiste peintre;Romance, Drama, Biography;6.6;516;1990
Macho;Comedy, Drama;6.1;4025;1990
Hélas pour moi;Comedy, Drama, Fantasy;6.1;1622;1990
In Custody;Comedy, Drama;7.1;408;1990
Au nom du père;Drama, Crime, Biography;8.1;195920;1990
Jacques le fataliste;Unknown, Drama;6.1;13;1990
Jeanne la Pucelle I - Les batailles;Drama, War, History, Biography;7.2;907;1990
Jeanne la Pucelle II - Les prisons;Drama, War, History, Biography;7.3;770;1990
Le jeune Werther;Drama;6.5;219;1990
Années d'enfance;Drama, History;6.7;476;1990
The Diary of Lady M;Drama;5.2;243;1990
Justinien Trouvé, ou le bâtard de Dieu;Comedy, Drama, History;6.4;204;1990
Katia Ismaïlova;Drama;6.3;445;1990
Kika;Comedy, Drama;6.5;15608;1990
The Last Border;ScienceFiction, Adventure, Drama, Action;4.5;527;1990
Les Leningrad Cowboys rencontrent Moïse;Comedy, Adventure, Music;5.6;1915;1990
Libera me;Drama;6.7;180;1990
Little Buddha;Drama, History;6.1;18596;1990
Louis, enfant roi;Drama, War, History, Biography;6.1;316;1990
Le long silence;Drama;6.6;128;1990
Ma saison préférée;Romance, Drama;6.9;2289;1990
Madregilda;Drama;6.0;222;1990
Mario, Maria e Mario;Comedy, Romance, Drama;5.8;161;1990
Les marmottes;Comedy, Romance, Drama;5.1;441;1990
Mazeppa;Drama;7.2;294;1990
Mécaniques célestes;Comedy, Drama;6.7;399;1990
My Crazy Life;Drama, Crime;6.5;2541;1990
Moi Ivan, toi Abraham;Drama;6.7;292;1990
Beaucoup de bruit pour rien;Comedy, Romance, Drama;7.3;54016;1990
L'Odeur de la papaye verte;Music, Romance, Drama;7.3;10609;1990
A Wall of Silence;Drama;6.7;277;1990
Métisse;Comedy, Romance;6.1;1204;1990
La naissance de l'amour;Drama;6.9;508;1990
Naked;Comedy, Drama;7.7;46511;1990
L'inondation;Drama, Crime, Mystery;6.6;158;1990
Les gens de la rizière;Drama;7.1;327;1990
Necronomicon;Horror;5.8;7273;1990
Nexus 2.431;ScienceFiction, Adventure, Romance, Fantasy, Sci-Fi;2.7;100;1990
No Worries;Drama, Family;6.7;61;1990
La nuit sacrée;Drama;5.7;35;1990
Le voyage d'Edgar dans la forêt magique;Adventure, Drama, Family, Animation;6.5;6282;1990
Only the Strong, la loi du plus fort;Drama, Action;6.5;7249;1990
Orlando;Fantasy, Drama, Biography;7.1;19839;1990
Pétain;War, Drama, Crime, History;6.0;319;1990
La Leçon de piano;Music, Romance, Drama;7.5;98379;1990
La place d'un autre;Drama;6.1;25;1990
La revanche de Jessie Lee;Western, Adventure, Action;5.5;5144;1990
La Princesse et la Forêt magique;Animation, Adventure, Family, Comedy, Fantasy;6.7;3353;1990
Tendre galère;Drama;6.2;85;1990
Raining Stones;Comedy, Drama;7.3;5108;1990
Les vestiges du jour;Romance, Drama;7.8;88712;1990
Sacré Robin des Bois;Comedy, Adventure, Musical;6.7;141531;1990
Romeo Is Bleeding;Romance, Drama, Crime;6.5;15839;1990
Émile des Roses;Romance, Drama, War;7.5;31;1990
Deception;Thriller, Mystery;5.0;2675;1990
Rupture(s);Comedy, Drama;5.5;48;1990
Samba Traoré;Drama;6.9;264;1990
Sankofa;Fantasy, ScienceFiction, Drama, History;7.0;872;1990
Le jardin secret;Fantasy, Drama, Family;7.3;46700;1990
The Secret Rapture;Romance, Thriller, Drama;5.7;141;1990
Les ombres du coeur;Romance, Drama, Biography;7.3;21037;1990
Shepherd on the Rock;Drama;5.8;103;2010
Le gardien des esprits;Western, Drama, Horror;5.2;1359;1990
Last Dance;Thriller, Drama;5.1;837;1990
La Soif de l'or;Comedy, Adventure, Crime;4.7;1162;1990
Sommersby;Romance, Thriller, Drama, Mystery;6.3;23995;1990
Le fils de la panthère rose;Comedy, Crime;3.9;6230;1990
Grandeur et descendance;Comedy, Crime;5.5;4734;1990
Strange Horizons;ScienceFiction, Sci-Fi;3.3;135;1990
Strelets neprikayannyy;Romance, Drama, Comedy, Fantasy;6.9;171;1990
Super Mario Bros.;ScienceFiction, Adventure, Family, Comedy, Fantasy;4.2;65618;1990
Deux doigts de meurtre;Comedy, Thriller, Drama, Crime;5.2;130;1990
Tango;Comedy, Crime;6.2;1407;1990
Taxi de nuit;Comedy, Drama;5.8;36;1990
Tom est tout seul;Comedy;5.3;51;1990
Va-nu-pieds;Comedy, Drama;6.2;296;1990
Tout le monde n'a pas eu la chance d'avoir des parents communistes;Comedy, Fantasy;5.6;341;1990
Tout ça... pour ça!;Comedy, Romance, Crime;6.0;877;1990
Toxic Affair;Comedy, Drama;4.6;322;1990
Trahir;Drama, History;7.1;134;1990
Trois couleurs: Bleu;Music, Drama, Mystery;7.8;115140;1990
True Romance;Romance, Drama, Crime, Action;7.9;252376;1990
Un, deux, trois, soleil;Comedy, Drama;6.3;956;1990
Une nouvelle vie;Drama;6.4;219;1990
Val Abraham;Drama;7.3;1635;1990
Vent d'est;Drama;6.8;266;1990
Les Visiteurs;Comedy, Fantasy;7.0;39582;1990
Wittgenstein;Comedy, Drama, History, Biography;6.9;3064;1990
Les jeunes américains;Thriller, Drama, Crime;5.7;2859;1990
À cause d'elle;Romance, , Drama;6.1;106;1990
À la belle étoile;Romance, , Drama;6.4;43;1990
Les dimanches de permission;Comedy, Drama;7.9;1196;1990
L'écrivain public;Comedy, Drama;4.4;14;1990
Amateur;Comedy, Thriller, Drama, Crime;6.7;7295;1990
Les amoureux;Romance, Drama;6.3;173;1990
L'ange noir;Thriller, Drama, Crime;5.8;569;1990
L'année Juliette;Comedy;6.1;238;1990
Astérix et les Indiens;Comedy, Adventure, Family, Animation;5.9;8755;1990
Le ballon d'or;Comedy, Drama, Family;6.3;460;1990
La Reine des bandits;Drama, Crime, Action, Biography;7.5;5601;1990
Brainscan;Horror, Sci-Fi;6.0;13714;1990
Les Braqueuses;Comedy, Action, Crime;4.6;238;1990
D'une femme à l'autre;Comedy, Romance;5.5;512;1990
Magic Hunter;Fantasy, Drama;6.2;293;1990
Cache Cash;Comedy, Adventure, Crime;6.4;132;1990
Passion sous surveillance;Thriller, Mystery, Crime, Romance, Drama;6.2;2592;1990
Journal intime;Comedy, Drama, Biography;7.2;9684;1990
Down to Earth;Drama;6.9;1141;1990
Casque bleu;Comedy, Drama;5.3;603;1990
La Cité de la peur;Comedy, Horror;7.5;10991;1990
Le colonel Chabert;Romance, Drama, History;6.9;2140;1990
Con gli occhi chiusi;Romance, Drama;5.6;172;1990
Le cri du coeur;, Drama;6.2;78;1990
Dallas Doll;Comedy;5.0;181;1990
Dark Waters;Drama, Mystery, Horror;6.0;3340;1990
Wonder Boy - De sueur et de sang;Thriller, Crime;6.1;47;1990
Death Machine;Thriller, ScienceFiction, Horror, Action, Sci-Fi;5.6;5182;1990
La jeune fille et la mort;Thriller, Drama, Mystery;7.2;27998;1990
Decadence;Comedy, Drama;4.4;122;1990
Dellamorte Dellamore;Comedy, Drama, Fantasy, Horror;7.0;25046;1990
Demonsoul;Comedy, Horror;2.0;459;1990
Les derniers jours d'Emmanuel Kant;Drama, History, Biography;6.8;118;1990
The Airship;Comedy, Drama, Crime, History;6.4;93;1990
L'eau froide;Drama;7.0;2385;1990
Elles n'oublient jamais;Thriller, Drama;5.8;444;1990
Elles ne pensent qu'à ça...;Comedy;4.1;89;1990
Emmène-moi;Romance, Drama;6.9;60;1990
L'enfer;Thriller, Drama, Crime;7.0;6857;1990
La stratégie de l'escargot;Comedy, Drama;7.7;2951;1990
Terror Clinic;Thriller, ScienceFiction, Horror;4.8;816;1990
Fado majeur et mineur;Drama;6.4;62;1990
Farinelli;Music, Drama, History, Biography;6.8;7643;1990
Fast;Comedy, Romance;6.0;57;1990
Les faussaires;Comedy;5.0;102;1990
La Leçon Faust;Comedy, Drama, Fantasy, Animation;7.4;4489;1990
A Feast at Midnight;Comedy, Drama, Family;6.6;554;1990
La Fille de d'Artagnan;Comedy, Adventure, Action;5.8;3666;1990
4 mariages et 1 enterrement;Comedy, Romance, Drama;7.1;173991;1990
Frankenstein;Romance, ScienceFiction, Drama, Horror;6.3;60954;1990
Fresh;Thriller, Drama, Crime;7.5;15531;1990
Fresh Kill;ScienceFiction, Drama, Sci-Fi;6.0;263;1990
Giorgino;Adventure, Drama, Horror;7.3;1150;1990
The Glass Shield;Thriller, Drama, Crime, Action;6.1;3627;1990
Le grand blanc de Lambaréné;Drama, History, Biography;6.7;76;1990
Grosse Fatigue;Comedy;6.4;2221;1990
Henri le Vert;Romance, Drama;5.7;165;1990
Couvre feu;Drama;6.1;113;1990
Highlander III;Fantasy, Romance, Action;4.5;22687;1990
Les hirondelles ne meurent pas à Jerusalem;Drama;5.7;9;1990
Stories from the Kronen;Drama, Action;6.1;1567;1990
Le grand saut;Comedy, Drama, Fantasy;7.2;88030;1990
The Cold Light of Day;Thriller, Drama;6.2;1042;1990
Iron Horsemen;Comedy, Thriller, Action;4.5;160;1990
L'irrésolu;Comedy, Drama;4.9;67;1990
Confidences à un inconnu;Drama, Crime, History;5.3;147;1990
J'ai pas sommeil;Romance, Thriller, Drama, Mystery;6.8;1441;1990
Le jardin de l'Eden;Drama;6.5;97;1990
Kabloonak;, Adventure, Drama;7.2;129;1990
Il était une fois Beyrouth - histoire d'une star;Drama;7.0;65;1990
Keïta! L'héritage du griot;Fantasy, Drama, Family;6.4;186;1990
Bulletproof Heart;Romance, Thriller, Drama, Crime;5.9;810;1990
Killer Kid;, Drama, War;7.1;244;1990
Killing Zoe;Thriller, Drama, Crime, Action;6.4;22013;1990
Riaba ma poule;Comedy;6.4;478;1990
Ladybird;Drama;7.4;3971;1990
Lamerica;Comedy, Drama;7.4;2441;1990
Last Seduction;Romance, Thriller, Drama, Crime;7.0;27280;1990
Les Milles;Comedy, Drama, War;6.4;343;1990
Les aventures d'Ivan Tchonkine;Comedy, Romance, War;7.0;623;1990
Loaded;Thriller, Drama, Mystery;4.5;590;1990
Léon;Drama, Action, Crime;8.5;1302523;1990
Ma soeur chinoise;Unknown, Drama;6.3;17;1990
La machine;Thriller, ScienceFiction, Horror, Sci-Fi;5.4;764;1990
La folie du roi George;Comedy, Drama, History, Biography;7.2;19390;1990
Un homme sans importance;Comedy, Drama;6.7;1250;1990
Marie;Drama;6.7;120;1990
Marie-Louise ou la permission;Comedy, Romance, Drama;5.9;144;1990
Mario et le Magicien;Drama;5.4;209;1990
Mesmer;Drama, Biography;5.8;1188;1990
Mina Tannenbaum;Comedy, Drama;7.1;1081;1990
L'émigré;Drama, History;6.5;1184;1990
Mon amie Max;Drama;7.3;219;1990
Montparnasse-Pondichéry;Romance, Comedy;5.5;126;1990
Le monstre;Comedy, Crime, Mystery;7.3;11854;1990
Mouvements du désir;Romance, Drama;6.7;168;1990
Muriel;Comedy, Romance, Drama;7.2;43836;1990
Témoin muet;Thriller, Crime, Horror;6.7;7633;1990
Nestore l'ultima corsa;Comedy, Drama;5.6;210;1990
Neuf Mois;Comedy;5.7;659;1990
In the Middle of Nowhere;Drama;7.5;1239;1990
La nuit et le moment;Drama;5.3;359;1990
Nostradamus;Drama, History, Biography;5.8;3237;1990
Los Náufragos;Drama;6.4;43;1990
Salades russes;Comedy, Drama, Fantasy;7.3;1689;1990
Oleanna;Thriller, Drama;6.5;3740;1990
L'ours en peluche;Romance, Thriller, Drama;5.1;374;1990
Oublie-moi;Drama;6.3;305;1990
Le parfum d'Yvonne;Romance, Drama;6.3;1241;1990
Pas très catholique;Comedy, Drama, Crime;6.4;237;1990
Les patriotes;Thriller, Drama, Crime;7.3;1653;1990
Personne ne m'aime;Comedy, Drama;6.5;137;1990
Petits arrangements avec les morts;Drama;6.7;249;1990
Pevnost;Drama;6.7;38;1990
The Phoenix and the Magic Carpet;Fantasy, Adventure, Family;5.0;167;1990
Pigalle;Music, Drama, Crime;5.4;196;1990
Postcards from America;Drama;6.0;265;1990
Le facteur;Comedy, Romance, Drama, Biography;7.8;40264;1990
Poussières de vie;Drama;6.4;161;1990
Pred dozhdot;Romance, Drama, War;7.8;16333;1990
La prédiction;Romance, Thriller, Mystery;6.2;312;1990
Prêtre;Romance, Drama;7.1;11405;1990
Priez pour nous;Comedy, Drama, Family;5.3;113;1990
Le prince de Jutland;Adventure, Drama;5.4;2609;1990
Princesse Caraboo;Comedy, Drama, Mystery, History;6.0;3112;1990
Profil bas;Drama, Action, Crime;5.5;313;1990
Une pure formalité;Thriller, Drama, Crime, Mystery;7.5;13119;1990
Les années lycée: péril jeune - 1975;Comedy, Romance, Drama;7.2;3423;1990
Quand j'avais 5 ans je m'ai tué;Drama;6.3;154;1990
Regarde les hommes tomber;Thriller, Drama, Crime;6.5;1440;1990
Les roseaux sauvages;Romance, Drama;7.3;6975;1990
Les silences du palais;Drama;7.3;1170;1990
Le deuxième père;Drama;6.8;2039;1990
Petits meurtres entre amis;Thriller, Drama, Crime;7.2;68468;1990
Mad Dogs and Englishmen;Thriller, Mystery, Crime, Romance, Drama;3.9;706;1990
Shopping;Thriller, ScienceFiction, Adventure, Crime, Action, Drama;5.4;3203;1990
Sirènes;Comedy, Romance, Drama;5.9;11872;1990
Sister My Sister;Thriller, Drama;6.5;3836;1990
The Butterfly's Dream;Romance, Drama;5.9;124;1990
Le sourire;Comedy, Drama;5.6;755;1990
The Knickerbocker Gang: The Talking Grave;Crime, Family, Mystery;4.6;69;1990
Staggered;Comedy;5.8;826;1990
Stargate : La Porte des étoiles;Adventure, ScienceFiction, Action, Sci-Fi;7.0;212202;1990
The Steal;Comedy, Thriller;4.8;459;1990
La séparation;Romance, Drama;6.9;1178;1990
A Terceira Margem do Rio;Fantasy, Drama;5.6;158;1990
La lune et le téton;Comedy, Romance, Drama;6.3;3535;1990
Heaven's a Drag;Comedy, Romance, Drama, Fantasy;5.6;484;1990
Tom & Viv;Romance, Drama, Biography;6.2;1933;1990
Trois couleurs: Rouge;Romance, Drama, Mystery;8.1;113805;1990
Bonheur;Comedy, Drama, Crime;6.9;81;1990
Trois couleurs: Blanc;Comedy, Romance, Drama, Mystery;7.6;82954;1990
The Turnaround;Drama, Crime, TVMovie;7.2;104;1990
Un indien dans la ville;Adventure, Romance, Family, Comedy, Drama;5.7;4878;1990
Un été inoubliable;Romance, Drama, War;7.3;1145;1990
Qui a tué le chevalier?;Thriller, Mystery;5.7;2837;1990
Soleil trompeur;Drama, War;7.8;16806;1990
Vanya, 42e rue;Comedy, Romance, Drama;7.3;5456;1990
La vengeance d'une blonde;Comedy;4.0;635;1990
Le Vent du Wyoming;Comedy, Drama;6.5;205;1990
Les Années du mur;Romance, Drama;6.7;942;1990
Waati;Drama;7.1;67;1990
Welcome II the Terrordome;ScienceFiction, Drama, Sci-Fi;6.0;375;1990
Parfum de scandale;Thriller, Mystery, Crime, Romance, Comedy, Drama;6.6;1999;1990
Winterreise;Music;8.0;22;1990
The Castle;Drama;6.9;998;1990
Au travers des oliviers;Drama;7.7;10913;1990
Alice et Elsa;Comedy, Thriller, Drama, Mystery;5.5;492;1990
Adultère (mode d'emploi);Comedy, Romance, Drama;5.7;266;1990
Adam et Eve;Drama;5.8;493;1990
Ainsi soient-elles;Comedy, Drama;4.9;132;1990
Des anges et des insectes;Romance, Drama;6.8;4979;1990
Les Anges gardiens;Comedy, Action, Crime;5.9;3704;1990
Antonia et ses filles;Comedy, Drama;7.4;9750;1990
Les apprentis;Comedy, Drama;6.9;1228;1990
L'appât;Drama, Crime;6.8;2482;1990
Le voleur et le cordonnier;Animation, Adventure, Action, Family, Fantasy;7.1;4976;1990
Assassins;Thriller, Action, Crime, Adventure;6.3;90357;1990
Au petit Marguery;Comedy, Romance, Drama;6.8;361;1990
An Awfully Big Adventure;Comedy, Romance, Drama;5.8;3136;1990
Li;Drama;7.3;546;1990
The Bishop's Story;Romance, Drama;6.8;20;1990
Blue Juice;Comedy, Romance, Drama;5.1;3062;1990
Le bonheur est dans le pré;Comedy;7.0;3104;1990
Avec ou sans hommes;Comedy, Drama;6.5;14718;1990
Brothers in Trouble;Comedy, Drama;6.5;150;1990
Butterfly Kiss;Thriller, Crime, Romance, Comedy, Drama;6.3;2141;1990
Carrington;Romance, Drama, History, Biography;6.8;5976;1990
Casino;Drama, Crime, History;8.2;592328;1990
Les cent et une nuits;Comedy, Romance, History;6.5;2039;1990
Le cercle des amies;Romance, Drama;6.6;9501;1990
La Cité des enfants perdus;Fantasy, Adventure, ScienceFiction, Drama;7.4;73389;1990
Clockwork Mice;Drama, Sport;6.3;352;1990
La comédie de Dieu;Comedy, Drama;7.2;1473;1990
Le couvent;Drama, Mystery;5.9;1109;1990
La croisade d'Anne Buridan;Comedy;6.1;19;1990
Crying Freeman;Thriller, Action, Crime;6.4;14023;1990
L'Île aux pirates;Comedy, Adventure, Action;5.7;31935;1990
Cyclo;Drama, Crime;7.1;5759;1990
La cérémonie;Thriller, Drama, Crime;7.5;14634;1990
La dernière marche;Drama, Crime;7.5;104996;1990
Les deux orphelines vampires;Fantasy, Drama, Horror;5.1;994;1990
Dieu, l'amant de ma mère et le fils du charcutier;Comedy, , Romance;5.5;72;1990
Dis-moi oui...;Comedy, Romance, Drama;5.9;328;1990
Doom Generation;Crime, Romance, Action, Comedy, Drama;6.2;18949;1990
Dr. Jekyll et Ms. Hyde;Comedy, Romance, Sci-Fi;4.5;3088;1990
Dracula mort et heureux de l'être;Comedy, Fantasy, Horror;5.8;47140;1990
La geôlière;Romance, Thriller, Drama;5.4;621;1990
L'effet papillon;Comedy, Romance;5.6;461;1990
Élisa;Drama;6.5;2247;1990
En mai, fais ce qu'il te plaît;, Drama;6.0;58;1990
L'enfant noir;Drama, Biography;6.5;45;1990
L'Anglais qui gravit une colline et descendit une montagne;Comedy, Romance, Drama;6.6;19229;1990
Feast of July;Drama, Crime, Mystery;6.2;630;1990
Fiesta;Drama;6.9;329;1990
La fille seule;Drama;6.7;2043;1990
Le fils de Gascogne;Comedy, Romance, Drama, Music;6.3;162;1990
La fleur de mon secret;Comedy, Romance, Drama;7.0;13371;1990
Foreign Moon;Drama;6.9;100;1990
Frankie Starlight;Romance, Drama, War;6.5;954;1990
Sauvez Willy 2;Adventure, Drama, Family;5.1;20146;1990
French Kiss;Comedy, Romance, Drama;6.6;55151;1990
Runaways;Music, Drama;6.1;64;1990
Le garçu;Drama;6.6;662;1990
Gazon maudit;Comedy, Romance, Drama;6.4;5496;1990
Georgia;Music, Drama;6.5;3424;1990
GoldenEye;Thriller, Adventure, Action;7.2;277450;1990
Dingo et Max;Animation, Adventure, Romance, Family, Comedy;6.9;66798;1990
Grim;Horror;2.4;1231;1990
The Grotesque;Comedy, Thriller, Drama, Horror;5.5;701;1990
La Haine;Drama, Crime;8.1;211684;1990
Les péchés mortels;Thriller, Drama, Mystery;4.5;1178;1990
Haunted;Drama, Mystery, Horror;6.2;7653;1990
Haut bas fragile;Music, Mystery, Musical, Romance, Comedy;7.2;775;1990
Hotel Sorrento;Drama;6.5;353;1990
Le hussard sur le toit;Romance, Adventure, Drama;7.0;6530;1990
Hooligans;Drama, Crime;7.3;7735;1990
Au beau milieu de l'hiver;Comedy;7.2;2846;1990
Témoin innocent;Thriller, Drama, Crime;5.4;381;1990
Institut Benjamenta (Ce qu'on appelle la vie humaine);Drama, Animation;7.0;2126;1990
Jack et Sarah;Comedy, Romance, Drama;6.6;5685;1990
Jefferson à Paris;Romance, Drama, History, Biography;5.7;3283;1990
Justine: A Private Affair;Comedy, Adventure, Crime;4.0;127;1990
Justine: Exotic Liaisons;Romance, Adventure, Comedy;3.9;139;1990
Ghost in the Shell;ScienceFiction, Action, Crime, Animation;7.9;165212;1990
Leaving Las Vegas;Romance, Drama;7.5;140568;1990
Letters from the East;Drama, Mystery;6.6;58;1990
Loch Ness;Fantasy, Adventure, Drama, Family;5.5;5117;1990
Le montreur de boxe;, Drama;5.6;41;1990
La presseuse diabolique;Drama, Mystery, Horror;4.4;10377;1990
Margaret's Museum;Drama;7.2;1420;1990
Amours et jalousies;Comedy, Romance, Drama;6.2;2713;1990
Moondance;Romance, Drama;5.9;314;1990
Moonlight et Valentino;Comedy, Romance, Drama;5.7;4325;1990
Meurtre à Alcatraz;Thriller, Drama, Crime;7.3;31898;1990
Muriel fait le désespoir de ses parents;Comedy, Drama, TVMovie;6.6;92;1990
N'oublie pas que tu vas mourir;Drama;6.4;606;1990
Nelly et Mr. Arnaud;Romance, Drama;7.2;5260;1990
La Bible de néon;Drama;6.2;1122;1990
Nothing Personal;Drama;6.8;541;1990
Le nouveau monde;Drama;5.8;336;1990
Panther;Drama;6.4;2775;1990
Par-delà les nuages;Romance, Drama;6.4;6379;1990
Pasolini, mort d'un poète;Drama, Crime;6.9;663;1990
Darkly Noon - Le jour du châtiment;Thriller, Horror, Drama, Mystery;5.8;4407;1990
Le cri de la lavande dans le champ de sauterelles;Comedy;6.2;115;1990
The Pillow Book;Romance, Drama;6.5;13970;1990
Proteus;Thriller, ScienceFiction, Horror, Sci-Fi;4.1;1308;1990
Prowokator;Drama, Crime;6.0;164;1990
Rai;Drama;5.1;257;1990
Rainbow Kids;Comedy, Family, Fantasy;4.5;380;1990
Les rendez-vous de Paris;Comedy, Romance, Drama;7.2;2636;1990
Rob Roy;Biography, Adventure, Action, War, Drama, History;6.9;47676;1990
Le roman d'un jeune homme pauvre;Drama, Crime;6.5;333;1990
Rosine;Comedy, Drama;7.0;57;1990
Miss Shumway jette un sort;Comedy, Romance, Drama, Fantasy;5.4;2198;1990
Safe;Drama;7.1;18406;1990
Savage Hearts;Thriller;4.8;206;1990
Le monde est un grand chelm;Comedy, Adventure, Family, Animation;5.1;196;1990
La journée des cancres;Comedy, Drama;7.0;1048;1990
La seconde fois;Drama;6.9;651;1990
Raison et sentiments;Romance, Drama;7.7;131565;1990
Showgirls;Drama;5.1;78307;1990
Small Faces;Drama;6.8;1688;1990
L'Amérique des autres;Comedy, Drama;6.9;762;1990
Stonewall;Comedy, Romance, Drama, History;7.1;1789;1990
Suite 16;Romance, Thriller, Drama;5.7;677;1990
Grand Nord;Western, Adventure, Crime, Action, Drama;4.9;1398;1990
Land and Freedom;Romance, Drama, War, History;7.5;12500;1990
Prête à tout;Comedy, Drama, Crime;6.8;56630;1990
Eclipse totale;Romance, Drama, Biography;6.4;17304;1990
Les Trois Frères;Comedy;7.2;7778;1990
Les truffes;Comedy;5.0;334;1990
Un bruit qui rend fou;Drama, Crime, Mystery;6.6;1532;1990
Un été à La Goulette;Comedy, Drama;6.3;931;1990
Une femme française;Romance, Drama;6.2;1430;1990
Tragédie burlesque;Comedy, Drama, Fantasy;7.2;729;1990
Le regard d'Ulysse;Drama, War, History;7.6;7712;1990
Jimmy;Drama, Sport;6.0;2604;1990
L'impossible rançon;Thriller, Drama;5.3;5289;1990
Wild Side;Thriller, Romance, Action, Comedy, Drama;5.6;2495;1990
Shanghai Triad;Drama, Crime, History;7.1;6217;1990
Le manuel d'un jeune empoisonneur;Comedy, Drama, Crime;7.0;3916;1990
À cran;Romance, Drama, Comedy;5.4;32;1990
À la vie, à la mort!;Comedy, Drama;7.1;211;1990
État des lieux;Comedy, , Drama;5.6;177;1990
Les 101 Dalmatiens;Comedy, Adventure, Crime, Family;5.8;121132;1990
Pinocchio;Fantasy, Adventure, Drama, Family;5.2;6489;1990
Les Affinités électives;Comedy, Romance, Drama;6.1;689;1990
Pereira prétend;Drama;7.1;1525;1990
The Lambs;Drama;6.5;22;1990
Airbag;Comedy, Action, Crime;6.7;5206;1990
American Buffalo;Drama;5.8;4147;1990
L'amour nuit gravement à la santé;Comedy, Romance;6.5;1830;1990
Anna Oz;Thriller, Drama, Mystery;6.0;200;1990
L'appartement;Romance, Drama, Mystery;7.3;16498;1990
Arlette;Comedy, Romance, Crime;5.2;821;1990
Asphalt Tango;Comedy, Drama;8.0;1957;1990
August;Comedy, Romance, Drama;5.8;900;1990
Beaumarchais l'insolent;Comedy, Adventure, Romance, History;6.7;1515;1990
Beautiful Thing;Comedy, Romance, Drama;7.6;26623;1990
Le bel été 1914;Drama;6.2;145;1990
La belle verte;Comedy, Sci-Fi;7.1;5839;1990
Bernie;Comedy, Drama;7.1;4157;1990
Les Bidochon;Comedy;3.3;152;1990
Blood & Wine;Thriller, Drama, Crime;6.0;11206;1990
Boyfriends;Comedy, Romance, Drama;5.7;438;1990
Les Virtuoses;Comedy, Romance, Drama, Music;7.2;21577;1990
Breaking the Waves;Romance, Drama;7.8;73913;1990
Brigands, chapitre VII;Comedy, Drama;7.0;383;1990
La buena vida;Comedy, Drama;6.6;823;1990
Bambola;Romance, Drama, Comedy;4.5;1626;1990
C'est la tangente que je préfère;Romance, Drama;5.9;295;1990
Capitaine Conan;Drama, War;7.2;2556;1990
Les caprices d'un fleuve;Adventure, Drama;6.7;353;1990
Carla's Song;Romance, Drama, War;6.7;3621;1990
Chacun cherche son chat;Comedy, Romance;6.9;3680;1990
Chamane;Adventure, Drama;7.1;308;1990
Chronique d'une disparition;Drama;7.0;930;1990
La cible;Comedy, Crime;5.6;57;1990
Le coeur fantôme;Drama;7.0;207;1990
Embrasse-moi Pasqualino!;Comedy, Drama;5.8;344;1990
Comment je me suis disputé... (ma vie sexuelle);Comedy, Romance, Drama;6.7;1774;1990
Conte d'été;Comedy, Romance, Drama;7.6;11042;1990
Crash;Drama;6.4;69593;1990
Le Cri de la soie;Romance, Drama;6.7;187;1990
Crime Time;Thriller, Drama, Crime, Horror;4.6;934;1990
Danish Girls Show Everything;Drama;6.0;93;1990
Des nouvelles du bon Dieu;Comedy, ;7.1;514;1990
Désiré;Comedy, Romance;6.0;239;1990
Les 2 papas et la maman;Comedy;3.2;308;1990
Different for Girls;Comedy, Romance, Drama;7.0;2085;1990
La disparition de Kevin Johnson;Comedy;5.3;297;1990
Oedipus Mayor;Drama, War;6.0;361;1990
Le patient anglais;Romance, Drama, War;7.4;208701;1990
L'exil du roi Behanzin;Drama, History;6.2;21;1990
Fallait pas!..;Comedy;5.3;466;1990
Deux fantômes en colère;Comedy, Adventure, Fantasy;5.0;814;1990
Fargo;Thriller, Drama, Crime;8.1;756288;1990
Felix;Drama;4.9;20;1990
Few of Us;Drama;7.1;697;1990
For Ever Mozart;Comedy, Drama, War;6.1;1208;1990
Fourbi;Drama;6.2;203;1990
Gabbeh;Romance, Drama, Mystery;6.9;3827;1990
Getting Away with Murder;Comedy;4.7;1507;1990
Gold in the Streets;Romance, Drama, Comedy;5.3;124;1990
Golden Boy;Comedy;4.1;104;1990
Les grands ducs;Comedy;5.9;1111;1990
Guiltrip;Thriller;7.1;84;1990
Vengeance froide;Thriller, Drama, Mystery;5.8;6000;1990
Hercule & Sherlock;Comedy, Crime;4.5;681;1990
Hommes, femmes, mode d'emploi;Comedy, Drama;6.1;773;1990
Le huitième jour;Comedy, Drama;7.5;10426;1990
I Love You, I Love You Not;Romance, Drama, Family;5.3;2954;1990
I Shot Andy Warhol;Drama, Biography;6.6;7300;1990
De particulier à particulière;Comedy, Drama;6.2;864;1990
Irma Vep;Comedy, Drama;7.0;10278;1990
Le Jaguar;Comedy, Adventure;6.0;5030;1990
Jude;Romance, Drama;6.9;11493;1990
Kama Sutra, une histoire d'amour;Romance, Drama, Crime, History;6.0;11640;1990
Au loin s'en vont les nuages;Comedy, Drama;7.6;9974;1990
La langue tueuse;Comedy, ScienceFiction, Horror, Sci-Fi;4.5;1391;1990
Kolya;Comedy, Drama, Music;7.7;16590;1990
Le dernier des grands rois;Comedy, Drama;6.1;2011;1990
The Leading Man;Romance, Thriller, Drama;5.6;1678;1990
Ligne de vie;Thriller, Adventure, Crime, Romance, Drama;5.6;125;1990
Lost Highway;Thriller, Drama, Mystery;7.6;163196;1990
Love, etc.;Comedy, Romance, Drama;6.2;776;1990
Malena est un nom de tango;Romance, Drama;6.0;347;1990
La vie silencieuse de Marianna Ucria;Drama, History;6.0;199;1990
Le temps d'un été;Drama, Family;6.6;317;1990
Les menteurs;Romance, Drama;5.4;117;1990
Michael Collins;Thriller, Biography, War, Drama, History;7.1;35092;1990
Les mille et une recettes du cuisinier amoureux;Comedy, Romance, Drama;6.6;854;1990
Mon homme;Comedy, Romance, Drama;6.2;1815;1990
Mondo;Drama;7.3;627;1990
Monk Dawson;Drama;6.0;187;1990
Death in Granada;, Drama, Mystery, Biography;6.1;1031;1990
L'île au trésor des Muppets;Music, Adventure, Romance, Action, Family, Comedy;6.9;27935;1990
My Mother's Courage;Drama, War, History;6.8;212;1990
Never Ever;Drama;4.5;164;1990
Nitrate d'argent;Comedy, Drama, Documentary, History;6.7;154;1990
No Way Home;Thriller, Drama, Crime;6.7;1910;1990
Un instant d'innocence;Comedy, Drama;7.7;4710;1990
The Disappearance of Finbar;Drama, Mystery;6.3;670;1990
Nénette et Boni;Drama;6.9;1939;1990
Parfait amour!;Romance, Drama;6.2;602;1990
Party;Comedy, , Drama;6.4;366;1990
Neutralité malveillante;Thriller;5.8;304;1990
Clubbed to Death (Lola);Drama;5.5;573;1990
La plante humaine;Animation;7.8;33;1990
Le Gaulois;Comedy, Drama;5.8;1281;1990
L'arbre aux âmes;Drama;6.7;102;1990
The Pompatus of Love;Comedy, Romance, Drama;5.3;639;1990
Ponette;Drama;7.5;4878;1990
Portrait de femme;Romance, Drama;6.2;13218;1990
Portraits chinois;Comedy, Romance, Drama;5.8;515;1990
Carmin profond;Romance, Drama, Crime;7.2;2229;1990
La promesse;Drama;7.7;8745;1990
La propriétaire;Drama;5.7;262;1990
Pédale douce;Comedy;5.8;2006;1990
La chambre tranquille;Drama;6.7;607;1990
Chasse au rhinocéros à Budapest;Thriller, Drama;6.2;141;1990
Ridicule;Comedy, Romance, Drama, History;7.3;8406;1990
Salut cousin!;Comedy;5.8;318;1990
Le cercle parfait;Drama, War;8.1;2512;1990
L'agent secret;Thriller, Drama;5.6;2711;1990
Secrets et Mensonges;Comedy, Drama;8.0;49627;1990
Le silence des fusils;Drama;6.1;28;1990
Assassin Warrior;Thriller, Drama, Action;5.3;4661;1990
Some Mother's Son;Drama, History;7.2;3092;1990
Les hurlus;Comedy, Drama, War;6.8;35;1990
Les conspirateurs du plaisir;Comedy, Drama, Animation;7.3;3826;1990
Beauté volée;Romance, Drama, Mystery;6.5;31545;1990
De la part de Stella;Drama;6.3;687;1990
Les Stupides;Comedy, Adventure, Family;4.3;7398;1990
Sweet Angel Mine;Thriller;5.8;384;1990
Chamanka;Drama, Mystery, Horror;5.8;1804;1990
Sélect Hôtel;Drama;6.4;155;1990
Taxandria;Fantasy, Adventure, Animation;6.4;488;1990
Tieta do Brasil;Comedy, Romance, Drama;6.6;1103;1990
Tonka;Comedy, Drama;6.8;94;1990
Trainspotting;Drama, Crime;8.1;749348;1990
La trêve;Drama, War, History;6.6;1915;1990
Trois vies et une seule mort;Comedy, Crime, Fantasy;6.8;1635;1990
Trojan Eddie;Romance, Drama, Crime;6.1;336;1990
True Blue;Drama, Sport;6.2;455;1990
La nuit des rois;Comedy, Romance, Drama;7.1;6607;1990
Two Deaths;Drama, War;6.4;536;1990
Tykho Moon;ScienceFiction, Sci-Fi;5.9;851;1990
Un air de famille;Comedy, Drama;7.4;5709;1990
Un divan à New York;Comedy, Romance;5.9;2484;1990
Un héros très discret;Comedy, Drama, War;7.2;3444;1990
Le roi des aulnes;Drama, War;6.8;2750;1990
Décroche les étoiles;Romance, Drama;6.5;2431;1990
The Van;Comedy, Drama;6.7;4995;1990
Vesna Goes Fast;Drama;6.3;325;1990
Le Jour du chien;, Drama, Crime;5.6;193;1990
Les voleurs;Romance, Drama, Crime;6.7;2345;1990
Va où ton coeur te porte;Romance, Drama;5.4;238;1990
Mariage ou célibat;Comedy, Romance, Drama;6.7;4155;1990
Du vent dans les saules;Comedy, Adventure, Family, Fantasy;6.2;3544;1990
Wirus;Thriller, Action;2.9;234;1990
Y aura-t-il de la neige à Noël?;Drama;7.0;907;1990
À toute vitesse;Romance, Drama;6.2;905;1990
Droit de garde;Comedy, Drama;4.7;53;1990
L'élève;, Drama;5.9;221;1990
8 têtes dans un sac;Comedy, Adventure, Crime;5.4;11466;1990
La place du mort;Comedy, Thriller, Drama, Crime;5.2;107;1990
Le loup-garou de Paris;Comedy, Fantasy, Horror;5.1;28201;1990
Alors voilà,;Comedy;5.5;58;1990
Aprile;Comedy, Biography;6.9;3765;1990
Un élève doué;Thriller, Drama, Crime;6.7;42962;1990
Assassin(s);Drama, Crime;6.4;2289;1990
The Assistant;Romance, , Drama, Crime;5.8;186;1990
Georges Montero;Drama;6.0;95;1990
Babel;Fantasy, Adventure, Family, ;3.6;218;1990
Bandits;Music, Drama, Action;6.4;3331;1990
Barracuda;Thriller, Drama;6.6;584;1990
Basil;Romance, Drama;5.8;2208;1990
Le bassin de John Wayne;Comedy;5.8;252;1990
Bean;Comedy, Adventure, Family;6.5;113780;1990
In the Mood for Love;Romance, Drama;8.1;177103;2000
Bent;Romance, Drama, History;7.1;9109;1990
The Big Lebowski;Comedy, Crime;8.1;890401;1990
The big swap - Libre-échange;Romance, Drama;5.1;491;1990
The Blackout;Thriller, Drama, Mystery;5.4;2981;1990
Le Monde des Borrowers;Adventure, Action, Family, Comedy, Fantasy;5.9;24330;1990
Le Bossu;Adventure, Drama;6.9;3974;1990
Glória;Drama;5.8;229;1990
Bring Me the Head of Mavis Davis;Comedy, Music, Crime;5.2;584;1990
La bonne étoile;Drama;7.0;2816;1990
Vigo, histoire d'une passion;Drama;6.1;283;1990
C'est pour la bonne cause!;Comedy;3.8;31;1990
Deux filles d'aujourd'hui;Comedy, Drama;7.1;6495;1990
En chair et en os;Romance, Thriller, Drama;7.3;34770;1990
Ceux qui m'aiment prendront le train;Romance, Drama;6.3;2055;1990
Chat noir, chat blanc;Comedy, Romance, Crime;8.0;57684;1990
Chinese Box;Romance, Drama;6.3;3696;1990
Clockwatchers;Comedy, Drama;6.6;7096;1990
Comme des rois;Comedy;6.5;185;1990
Les Couleurs du diable;Thriller, Drama;5.1;54;1990
Cousine Bette;Comedy, Romance, Drama;6.2;2934;1990
Le Cousin;Thriller, Drama, Crime;6.6;1189;1990
Crossmaheart;Thriller, Mystery, Adventure, Action, Drama;5.2;62;1990
Dad Savage;Thriller, Crime;5.8;445;1990
Dakan;Romance, Drama;6.2;212;1990
The Designated Mourner;Drama;6.3;377;1990
Didier;Comedy, Fantasy, Sport;6.3;5053;1990
Versailles-Chantiers;Comedy, Romance;6.9;647;1990
La divine poursuite;Comedy, Mystery;5.0;152;1990
Dobermann;Comedy, Action, Crime;6.5;19276;1990
Docteur Chance;Drama, Mystery, Crime, Horror;5.5;213;1990
Downtime;Romance, Thriller, ;4.5;278;1990
Les Démons de Jésus;Comedy;6.8;824;1990
Le déménagement;Comedy;4.7;351;1990
Le Dîner de cons;Comedy;7.6;46128;1990
Elles;Comedy, Romance, Drama;6.5;320;1990
The End of Violence;Thriller, Drama;5.6;5435;1990
Onegin;Romance, Drama;6.8;8631;1990
Event Horizon : Le Vaisseau de l'au-delà;Thriller, ScienceFiction, Mystery, Horror, Sci-Fi;6.6;206007;1990
Face;Thriller, Drama, Crime;6.6;4975;1990
Le mystère des fées - Une histoire vraie;Fantasy, Drama, Family, Mystery;6.5;6541;1990
La Femme du cosmonaute;Comedy, Drama;4.5;191;1990
La femme défendue;Romance, Drama, Comedy;7.2;795;1990
Carton jaune;Comedy, Romance, Drama;6.7;12034;1990
Créatures féroces;Comedy, Romance;6.4;26172;1990
Le Cinquième Élément;Thriller, ScienceFiction, Adventure, Action, Fantasy, Sci-Fi;7.6;527183;1990
Firelight - Le lien secret;Romance, Drama;7.2;4990;1990
Les Raisons du coeur;Drama;6.2;89;1990
Food of Love;Comedy, Romance;4.7;108;1990
Fred;Thriller, Drama, Crime;6.2;325;1990
The Full Monty: Le grand jeu;Comedy, Drama;7.2;117072;1990
Girls' Night;Comedy, Romance, Drama;6.6;709;1990
Généalogies d'un crime;Thriller, Drama, Crime;6.4;973;1990
Une chance sur deux;Comedy, Adventure, Action;5.8;3068;1990
La dame de Windsor;Romance, Drama, History, Biography;7.2;16094;1990
L'homme est une femme comme les autres;Comedy, Romance, Music;6.1;823;1990
House of America;Drama;6.3;136;1990
Play-Back;Music, Drama, Comedy;5.6;527;1990
I Want You;Music, Thriller, Crime, Romance, Drama;6.0;3246;1990
Ice Storm;Drama;7.3;62072;1990
L'étoile de Robinson;Drama, War, Biography;7.1;2124;1990
J'ai horreur de l'amour;Comedy, Romance, Drama;6.7;236;1990
J'irai au paradis car l'enfer est ici;Thriller, Drama, Crime;6.7;192;1990
Le chacal;Thriller, Adventure, Crime, Action, Drama;6.4;128917;1990
The James Gang;Comedy, Crime;5.0;161;1990
Je ne vois pas ce qu'on me trouve;Comedy, Drama;6.0;85;1990
Les noces de Dieu;Comedy;7.2;808;1990
Le jour et la nuit;Drama;1.9;1209;1990
Un Indien à New York;Comedy, Family;5.2;26720;1990
K;Thriller, Crime;6.2;570;1990
A Merry War;Comedy, Romance, Drama;6.3;1604;1990
Kini et Adams;Drama;7.1;103;1990
Trois Anglaises en campagne;Romance, Drama, War;6.2;2247;1990
Lawn Dogs;Drama;7.4;8953;1990
À la recherche du passé;Drama;7.2;3047;1990
Lettres à un tueur;Thriller, Drama, Crime, Mystery;5.4;2574;1990
Une vie moins ordinaire;Comedy, Romance, Crime, Fantasy;6.3;37779;1990
I Love L.A.;Comedy, Romance, Drama;6.0;2758;1990
Ruffiano and Sweeteeth;Comedy, Family, Fantasy;7.2;605;1990
Long Island Place;Comedy, Romance, Drama;6.9;4237;1990
Love in Paris;Romance, Drama;3.0;4902;1990
Love Is the Devil;Romance, Drama, Biography;6.5;4217;1990
Lucie Aubrac;Drama, War, Biography;6.6;1520;1990
Le masque de cire;Thriller, Horror;5.8;2636;1990
Ma 6-T va crack-er;Drama, Crime;5.7;873;1990
Ma vie en rose;Comedy, Drama;7.5;9139;1990
Mange ta soupe;Comedy, Drama;6.0;78;1990
Marianne;Drama, TVMovie;5.2;79;1990
Marius et Jeannette;Comedy, Romance, Drama;6.9;1785;1990
Marquise;Comedy, Drama, History;5.9;1566;1990
Masterminds;Comedy, Thriller, Action, Adventure;5.2;3884;1990
Mauvais genre;Comedy;5.2;219;1990
Messieurs les enfants;Comedy;5.3;65;1990
Metroland;Comedy, Drama;6.3;3758;1990
Ghost planet - Les mille merveilles de l'univers;Fantasy, ScienceFiction, Drama, Sci-Fi;5.2;279;1990
Mojo;Drama, Crime;5.4;268;1990
Mrs Dalloway;Romance, Drama;6.5;4396;1990
Murder in Mind;Thriller, Drama, Crime;5.2;668;1990
My Son the Fanatic;Comedy, Romance, Drama;6.8;1691;1990
Nettoyage à sec;Drama;6.8;1195;1990
Ni d'Ève, ni d'Adam;Drama;5.8;73;1990
Ne pas avaler;Drama;7.3;10607;1990
Nirvana;Thriller, ScienceFiction, Action, Drama, Sci-Fi;6.1;7294;1990
We're Still Here;Comedy, Romance, Drama;7.3;75;1990
Nowhere;Comedy, ScienceFiction, Drama, Sci-Fi;6.5;11304;1990
On connaît la chanson;Comedy, Musical, Romance, Drama;7.3;4563;1990
Orphans;Comedy, Drama;7.0;1868;1990
Oscar et Lucinda;Romance, Drama;6.5;7334;1990
Owd Bob;Drama, Family;6.3;503;1990
Un air si pur...;Comedy, , Drama;5.8;150;1990
Les palmes de M. Schutz;Comedy, Drama, Biography;6.8;486;1990
Le Pari;Comedy;6.3;4533;1990
Waps, le chien qui parle;Fantasy, Adventure, Family;4.7;850;1990
Peggy Su!;Comedy, Romance;7.1;70;1990
Forever;Fantasy, Drama, Mystery;6.7;2969;1990
Place Vendôme;Drama, Crime;6.2;2758;1990
Porto Santo;Drama, Mystery;5.2;49;1990
Post coïtum animal triste;Romance, Drama;5.7;685;1990
Pour rire!;Comedy, Romance, Drama;6.4;275;1990
Preaching to the Perverted;Comedy, Drama;5.8;1429;1990
Primary Colors;Comedy, Drama;6.7;30820;1990
Prince Vaillant;Fantasy, Adventure, Romance;5.1;2561;1990
Un ami du défunt;Comedy, Drama, Crime;6.9;417;1990
The Proposition;Romance, Adventure, Drama;4.8;316;1990
Quatre garçons pleins d'avenir;Comedy;6.1;926;1990
Les randonneurs;Comedy, Romance, Drama;5.9;2138;1990
Behind the Lines;Drama, War, History, Biography;7.0;2557;1990
Relic;Thriller, Mystery, Horror, Sci-Fi;5.8;31359;1990
Remember Me?;Comedy;5.4;184;1990
Amour, vengeance et trahison;Comedy, Romance, Crime;6.1;1894;1990
Saint-Ex;Fantasy, Drama, Biography;5.0;237;1990
Chaussures noires;Thriller, Drama, Crime;5.6;269;1990
Secrets du coeur;Drama;7.0;2099;1990
Le baiser du serpent;Comedy, Romance, Drama;5.6;1877;1990
Sept ans au Tibet;Adventure, Drama, History, Biography;7.1;161801;1990
She's So Lovely;Romance, Thriller, Drama;5.9;8938;1990
Shooting Fish;Comedy, Romance, Crime;6.5;7954;1990
Le barbier de Sibérie;Comedy, Romance, Drama, History;7.6;13110;1990
Pile & face;Comedy, Romance, Drama, Fantasy;6.7;73455;1990
Les soeurs Soleil;Comedy;3.6;418;1990
Something to Believe In;Drama;6.1;206;1990
L'Apprenti sorcier;Fantasy, Adventure, Family;4.2;764;2000
Spice World;Music, Adventure, Family, Comedy, Drama, Fantasy;3.7;38677;1990
Space Truckers;Thriller, ScienceFiction, Adventure, Comedy, Sci-Fi;5.4;9286;1990
Séquences et conséquences;Comedy, Drama;6.7;23121;2000
Stiff Upper Lips;Comedy;6.2;1172;1990
The Stringer;Romance, , Drama, Action;6.2;577;1990
Au coeur de la tourmente;Romance, Drama, Mystery;6.7;3710;1990
Le goût de la cerise;Drama;7.7;39902;1990
La leçon de tango;Music, Romance, Drama;6.7;2515;1990
Tenue correcte exigée;Comedy, Crime;6.2;451;1990
Territoire Comanche;Drama, War;6.4;406;1990
Tiré à part;Thriller, Drama;6.5;212;1990
Demain ne meurt jamais;Thriller, Adventure, Action;6.5;209855;1990
Tout doit disparaître;Comedy;4.4;440;1990
Trop tard;Thriller, Drama;7.7;739;1990
24 heures sur 24;Comedy, Romance, Drama;7.0;2770;1990
Twin Town;Comedy, Drama;6.7;6609;1990
U Turn - Ici commence l'enfer;Thriller, Drama, Crime;6.7;56335;1990
Un amour de sorcière;Comedy, Adventure, Romance, Fantasy;5.1;1634;1990
Un frère...;Comedy, Thriller, Drama;6.3;109;1990
Urban Ghost Story;Thriller, Drama, Mystery, Horror;5.4;675;1990
Voyage au début du monde;Drama, Biography;7.0;869;1990
La Vie de Jésus;Romance, Drama;7.0;3643;1990
La vie rêvée des anges;Drama;7.4;7893;1990
Virus;ScienceFiction, Action, Horror, Sci-Fi;5.1;30906;1990
Vive la République!;Comedy;5.6;145;1990
La vérité si je mens!;Comedy, Romance;6.4;5098;1990
Welcome to Sarajevo;Drama, War, History;6.7;7996;1990
Western;Comedy, Romance, Drama;6.7;1184;1990
Oscar Wilde;Romance, Drama, History, Biography;6.9;18643;1990
Les ailes de la colombe;Romance, Drama;7.1;13335;1990
L'invitée de l'hiver;Drama;6.8;3854;1990
Les garçons Witman;Thriller, Drama;6.7;356;1990
The Woodlanders;Romance, Drama;6.2;767;1990
XXL;Comedy, Romance;4.1;376;1990
Ça ne se refuse pas;Drama, Crime;5.4;29;1990
Ça reste entre nous;Comedy;5.2;144;1990
B. Monkey;Romance, Drama, Crime;5.9;3639;1990
Beowulf;Fantasy, Adventure, Action;4.1;12896;1990
Black Dog;Drama, Action, Crime;5.5;10384;1990
Capitaines d'avril;Drama, War, History;7.1;3550;2000
Chicken Run;Comedy, Adventure, Family, Animation;7.1;219140;2000
...Comme elle respire;Comedy, Crime;6.3;415;1990
The Commissioner;Thriller, Drama, Crime, Action;6.1;401;1990
Les moissons d'Irlande;Romance, Drama;6.3;4296;1990
On the Run;Comedy, Crime;6.1;333;1990
Endurance;Drama, Documentary, Sport, Biography;6.3;460;1990
Voyeur;Thriller, Drama, Mystery;5.0;16387;1990
Eyes Wide Shut;Thriller, Drama, Mystery;7.5;399338;1990
Secret défense;Thriller, Drama, Crime, Action;7.0;1014;1990
Coeur allumé;Drama;6.4;342;1990
From Hell;Thriller, Mystery, Crime, Horror;6.7;168322;2000
Ni dieux ni démons;Drama, Biography;7.3;33541;1990
The Governess;Romance, Drama;6.2;3285;1990
Pluie d'enfer;Thriller, Drama, Action, Crime;5.9;38353;1990
The Hi-Lo Country;Romance, Drama, Western;6.1;4659;1990
Le général;Drama, Crime, History, Biography;7.2;9506;1990
Inquiétude;Drama;7.0;417;1990
Jakob le menteur;Comedy, Drama, War, History;6.5;18384;1990
Arnaques, crimes et botanique;Comedy, Crime;8.1;635078;1990
Martha, Frank, Daniel et Lawrence;Comedy, Romance;6.4;4823;1990
The Million Dollar Hotel;Thriller, Drama, Mystery;5.7;22890;2000
Les folies de Margaret;Comedy, Romance;5.1;681;1990
Os Mutantes;Drama;7.2;673;1990
La patinoire;Comedy, Romance;6.3;239;1990
Sonia Horowitz, l'insoumise;Romance, Drama;6.5;3015;1990
Que la lumière soit !;Comedy, Fantasy;6.4;161;1990
Le violon rouge;Music, Thriller, Mystery, Romance, Drama;7.6;35132;1990
Resident Evil;ScienceFiction, Action, Horror, Sci-Fi;6.6;299399;2000
Le fleuve d'or;Drama;6.6;213;1990
La fille d'un soldat ne pleure jamais;Drama;6.7;2533;1990
La voie est libre;Comedy;5.8;74;1990
Un thé avec Mussolini;Comedy, Drama, War;6.9;14673;1990
Envole-moi;Comedy, Romance, Drama;6.5;2768;1990
Titus;Thriller, Drama, History;7.0;21896;1990
Amour sous influence;Comedy, Romance, Sport;5.4;434;1990
Velvet Goldmine;Music, Drama;6.9;39384;1990
Les Couloirs du temps : Les Visiteurs II;Comedy, Fantasy;6.1;13896;1990
Pleine lune;Thriller, Drama, Mystery;6.0;181;1990
La sagesse des crocodiles;Mystery, Crime, Horror, Romance, Drama, Fantasy;6.2;6340;1990
My Life So Far;Comedy, Drama, Biography;6.5;3211;1990
The Real Howard Spitz;Comedy, Family;5.6;332;1990
eXistenZ;Thriller, ScienceFiction, Mystery, Horror, Action, Sci-Fi;6.8;110416;1990
Gadjo dilo;Comedy, Romance, Drama, Music;7.6;8602;1990
Transatlantique;Comedy, Drama;5.6;21;1990
Acid House;Comedy, Drama;6.2;8204;1990
Ronin;Thriller, Action, Crime;7.2;201547;1990
La révolte des enfants;Drama;6.5;85;1990
Les géants;Comedy, Romance;5.9;1004;1990
The Ark of the Desert;Drama;6.2;61;1990
Fools;, Drama;6.8;49;1990
Michael Kael contre la World News Company;Comedy;4.4;276;1990
Parting Shots;Comedy, Romance, Crime;5.1;1129;1990
Gary & Linda;Comedy, Romance, Drama;5.6;2066;1990
Alegría;Fantasy, Romance, Drama;6.5;596;1990
Artemisia;Drama, History, Biography;6.7;2282;1990
Wild Games;Thriller, Drama;6.3;246;1990
Don Juan;Comedy, Romance;4.8;534;1990
Jeanne et le garçon formidable;Romance, Musical, Drama;6.4;803;1990
Lautrec;Comedy, Drama, Biography;6.6;724;1990
Loin des yeux;Drama;6.7;58;1990
Le secret de Polichinelle;Comedy;4.7;12;1990
Under the Skin;Drama;6.5;1656;1990
The Hanging Garden;Romance, Drama;6.8;3130;1990
Coup de foudre à Notting Hill;Comedy, Romance, Drama;7.2;365117;1990
Ouvre les yeux;Thriller, ScienceFiction, Mystery, Drama, Sci-Fi;7.7;75253;1990
La Nuit du cimetière;Fantasy, Drama, Horror;6.0;2423;1970
What Rats Won't Do;Comedy, Romance;6.1;812;1990
Clando;Drama;6.8;46;1990
Irish Crime;Comedy, Action, Crime;6.8;2370;1990
Esperanza et ses saints;Comedy, Romance, Drama;6.6;586;1990
À la place du coeur;Comedy, Romance, Drama;6.6;448;1990
À vendre;Romance, Drama, Mystery;6.4;603;1990
Des chambres et des couloirs;Comedy, Romance, Drama;6.6;3586;1990
La fin de l'innocence sexuelle;Drama;5.3;3448;1990
Splendeur;Comedy, Romance;6.0;3765;1990
Titanic Town;Drama;6.4;466;1990
Un jour sans soleil;Drama;6.3;233;1990
Bingo!;Comedy;2.6;26;1990
Darklands - L'ultime sacrifice;Thriller, Drama, Horror;4.8;557;1990
Divorcing Jack;Comedy, Thriller, Romance;6.6;2223;1990
Hölderlin, le cavalier de feu;Drama;5.9;88;1990
Si je t'aime, prends garde à toi;Drama;5.7;127;1990
TGV;Comedy, Drama;6.8;195;1990
La malédiction de la momie;Fantasy, Adventure, Horror;4.0;3619;1990
The Tichborne Claimant;Drama;6.1;233;1990
Unmade Beds;Comedy, Drama;6.6;342;1990
Wind Over the City;Drama;7.6;26;1990
Grey Owl, celui qui rêvait d'être indien;Western, Biography, Action, Romance, Drama;6.0;4162;1990
Vorace;Western, Adventure, Drama, Horror;6.9;44954;1990
B & B;Comedy, Drama;7.0;85;1990
Brute;Drama;6.4;1079;1990
Cuisine américaine;Comedy;6.1;961;1990
Déjà mort;Drama, Crime;5.7;784;1990
La femme de chambre du Titanic;Romance, Drama;6.6;1502;1990
Mickey les yeux bleus;Comedy, Romance, Crime;5.9;38981;1990
Mots d'amour;Comedy, Romance, Drama;6.7;263;1990
Pervirella;Comedy, Adventure, ScienceFiction, Fantasy;4.2;305;1990
The Harpist;Drama;5.4;47;1990
Mort clinique;Thriller, Drama;6.4;720;1990
A Fistful of Fingers;Comedy, Western;5.8;1120;1990
Trader;Drama, Crime, History;6.4;11037;1990
The Secret Laughter of Women;Comedy, Romance, Drama;6.0;768;1990
L'homme qui parlait aux lions;Adventure, Drama, Biography;6.7;947;1990
Pas de lettre pour le colonel;Drama;6.6;1318;1990
Shadow Run;Thriller, Crime;4.3;574;1990
Paparazzi;Comedy, Romance;5.4;1112;1990
Les amants du cercle polaire;Romance, Drama, Mystery;7.6;20553;1990
Astérix & Obélix contre César;Comedy, Adventure, Family, Fantasy;6.0;46949;1990
Guns 1748;Comedy, Adventure, Drama, Action;6.3;10646;1990
Devarim;Drama;5.4;103;1990
Dieu vomit les tièdes;Comedy, , Drama;6.6;61;1990
Dominator;Comedy, Sci-Fi, Horror, Animation;4.1;182;2000
Marrakech express;Romance, Adventure, Drama;6.0;7093;1990
Rudolph, le petit renne au nez rouge: Le film;Music, Adventure, Family, Animation;5.9;3373;1990
L'annonce faite à Marie;Romance, Drama;7.0;96;1990
Conte d'automne;Comedy, Romance, Drama;7.4;6649;1990
Haute Voltige;Mystery, Crime, Action, Romance, Drama;6.3;127001;1990
Shakespeare in Love;Comedy, Romance, Drama, History;7.1;238837;1990
Tableau ferraille;, Drama;7.0;75;1990
Comic Act;Comedy;4.9;52;1990
If Only...;Comedy, Romance, Drama, Fantasy;6.1;2859;1990
Droit dans le mur;Comedy;4.2;133;1990
Le gone du Chaâba;Comedy, Drama;6.7;181;1990
Le phare de l'angoisse;Thriller, Horror;4.8;1351;1990
Un grand cri d'amour;Comedy;5.4;247;1990
Le bar des amants;Comedy, Unknown, Drama;4.0;13;1990
Resurrection Man;Thriller, Drama, Crime;5.3;860;1990
Le dîner;Comedy, Drama;6.9;1414;1990
Les saisons de l'amour;Romance, Drama;6.6;122;1990
Central do Brasil;Drama;8.0;47872;1990
U-571;Thriller, Drama, Action, War;6.6;89803;2000
The War Zone;Thriller, Drama;7.2;11629;1990
La neuvième porte;Thriller, Horror, Mystery;6.7;204475;1990
Adieu Philippine;Romance, Drama;6.9;1218;1960
Le monde ne suffit pas;Thriller, Adventure, Action;6.4;214838;1990
Comme une bête;Comedy;6.3;162;1990
Je règle mon pas sur le pas de mon père;Comedy;6.5;446;1990
Les kidnappeurs;Crime, Romance, Action, Comedy, Drama;5.3;280;1990
American Virgin;Comedy;3.5;1713;1990
Marie Baie des Anges;Romance, Drama;5.9;628;1990
Les silencieuses;Comedy, Drama, Crime;7.4;1617;1990
La cerisaie;Comedy, Drama;6.4;728;1990
Dick - Les coulisses de la présidence;Comedy;6.2;22142;1990
Dreaming of Joseph Lees;Romance, Drama;6.3;978;1990
La fille sur le pont;Comedy, Romance, Drama;7.5;14672;1990
The Lost Son;Romance, Thriller, Drama, Crime;6.4;2167;1990
St. Ives;Romance, Drama;6.5;857;1990
Sudden Fury;Drama, Action, Crime;4.6;216;1990
Ava et Gabriel;Drama;6.9;51;1990
Highlander: Endgame;Fantasy, Adventure, Action;4.6;21756;2000
Les cendres d'Angela;Drama, Biography;7.3;23951;1990
Lucky Luke;Comedy, Adventure, Western, Animation;6.9;2167;1970
Respect;, Thriller, Drama, Crime;5.9;17;1990
La chambre de l'évèque;Comedy, Drama, Crime;6.4;1166;1970
Tom's Midnight Garden;Fantasy, Adventure, Family, Mystery;6.5;954;1990
Lara Croft: Tomb Raider;Fantasy, Adventure, Action, Thriller;5.8;225169;2000
Urban Legend;Thriller, Mystery, Horror;5.6;75076;1990
Valkanizater;Comedy, Drama;6.8;963;1990
Haute fidélité;Comedy, Romance, Drama, Music;7.4;195039;2000
Like It Is;Romance, Drama, Sport;6.4;1827;1990
Little Voice;Comedy, Drama, Music;7.0;17514;1990
Emporte-moi;Romance, Drama;6.9;1117;1990
Still Crazy: De retour pour mettre le feu;Comedy, Drama, Music;7.0;9164;1990
En toute complicité;Comedy, Drama, Crime;6.3;6622;2000
Appetite;Thriller, Horror, Mystery;4.4;309;1990
Shanduraï;Romance, Drama;6.8;5349;1990
Claire Dolan;Drama;6.7;1451;1990
G-Men;Drama, Crime, Action;5.3;768;1990
Gregory's Two Girls;Comedy;5.1;664;1990
Hilary and Jackie;Music, Drama, Biography;7.3;10970;1990
Jeanne d'Arc;Biography, Adventure, Action, War, Drama, History;6.4;71356;1990
Terminus paradis;Romance, Drama, Crime;7.8;2502;1990
Topsy-Turvy;Music, Biography, Comedy, Drama, History;7.3;13899;1990
My Name Is Joe;Romance, Drama, Crime;7.4;9151;1990
Pola X;Romance, Drama;5.7;5497;1990
Restons groupés;Comedy;5.2;527;1990
Rewind;Thriller, ScienceFiction, Sci-Fi;5.1;89;1990
Le silence;Music, Drama;6.9;1957;1990
Taxi;Comedy, Adventure, Action, Crime;7.0;92919;1990
Mariage à l'anglaise;Comedy, Romance, Drama;6.3;1744;1990
Il suffit d'une nuit;Romance, Drama;6.0;2909;2000
Folle d'elle;Comedy, Romance;3.9;347;1990
Les idiots;Comedy, Drama;6.7;35083;1990
8 femmes et demie;Comedy, Drama;5.6;4274;1990
Following - Le suiveur;Thriller, Drama, Crime, Mystery;7.4;105989;1990
Serial Lover;Comedy, Crime;6.7;1557;1990
Docteur Akagi;Comedy, Drama, History;7.2;1654;1990
Rossini! Rossini!;Music, Drama, Biography;5.9;134;1990
L'arrière pays;Drama;6.8;106;1990
La classe de neige;Drama, Mystery;6.8;1657;1990
Khroustaliov, ma voiture!;Comedy, Drama;7.3;2420;1990
Last Night;Comedy, Romance, Drama;7.1;10348;1990
Louise (Take 2);Drama;6.6;293;1990
L'éternité et un jour;Drama;7.9;15325;1990
La pomme;Drama;7.2;2825;1990
Seul contre tous;Thriller, Drama, Crime;7.3;26802;1990
The Shoe;Comedy, Drama;6.8;204;1990
Sitcom;Comedy, Thriller, Romance, Drama;6.6;5720;1990
Tokyo Eyes;Thriller, Crime, Romance, Comedy, Drama;6.6;1448;1990
Un soir après la guerre;Drama, War;6.9;155;1990
La vie sur terre;Comedy, Drama;6.8;427;1990
West Beyrouth;Comedy, Romance, Drama;7.6;5027;1990
L'école de la chair;Romance, Drama, Mystery;6.5;1610;1990
Justine: Crazy Love;Comedy, Adventure;4.5;127;1990
Nora;Drama, Biography;5.9;1914;2000
La lettre;Music, Drama;6.2;796;1990
Shit Happens;Comedy, Drama;5.4;762;2000
Juha;Comedy, Romance, Drama;6.8;3251;1990
Justine: Wild Nights;Comedy, Adventure;5.2;104;1990
Miss Monday;, Thriller, Drama;5.9;215;1990
La groupie;Comedy, Drama;5.5;119;1990
Beautiful People;Comedy, Drama, War;6.7;2593;1990
Retour à Cold Mountain;Adventure, War, Romance, Drama, History;7.2;160625;2000
Cotton Mary;Drama;5.3;551;1990
The Criminal;Thriller, Drama, Action;5.4;383;1990
Croupier;Thriller, Drama, Crime;7.0;24239;1990
The Debt Collector;Thriller, Action, Crime;6.5;1226;1990
Razor Blade Smile;Thriller, Horror;4.6;1679;1990
Rivers of Babylon;Comedy, Drama;5.6;102;1990
Emmanuelle au 7ème ciel;Fantasy, Romance, Drama;3.6;591;1990
Menteurs;Thriller;5.6;264;2000
With or Without You;Romance, Drama;6.1;917;1990
Ordinary Decent Criminal;Comedy, Thriller, Crime;6.3;14614;2000
Les cicatrices du coeur;Drama;5.5;22;1990
La tranchée;Drama, War, History;5.9;4500;1990
I'm Thinking of You;Drama;6.1;169;1990
Simon le magicien;Fantasy, Drama, Mystery;6.9;629;1990
A Very Unlucky Leprechaun;Fantasy, Family;2.7;746;1990
Deadly Instincts;ScienceFiction, Horror, Sci-Fi;3.2;1442;1990
Ghost World;Comedy, Drama;7.3;129771;2000
Le poulpe;Comedy, Thriller, Crime;6.4;826;1990
Pourquoi pas moi?;Comedy, Romance;6.3;886;1990
The Tribe;Drama;5.8;685;1990
L'empereur et l'assassin;Romance, Drama, History;7.2;6575;1990
Les années volées;Comedy, Adventure, Drama;6.4;590;1990
Final Cut;Thriller, Drama;5.9;2130;1990
Comme un garçon;Comedy, Romance, Drama;7.5;14922;1990
Captain Jack;, Drama;6.1;362;1990
Le piège (Il faut tuer Sekal);Drama;7.3;1066;1990
La parenthèse enchantée;Comedy, Romance;5.9;364;2000
Quasimodo d'El Paris;Comedy, Crime;5.3;930;1990
Le prix du doute;Thriller, Drama;5.1;620;1990
Az alkimista és a szüz;Drama;5.9;150;1990
La Plage;Romance, Adventure, Drama, Thriller;6.6;261113;2000
Comme un poisson dans l'eau;Comedy, Thriller, Crime;5.7;601;1990
Virtual Sexuality;Comedy, Romance, Drama, ScienceFiction;5.1;3102;1990
Au coeur du mensonge;Comedy, Drama, Crime;6.6;2620;1990
The Last Yellow;Comedy, ;5.8;248;1990
Le radeau de la Méduse;Adventure, Drama, History;5.7;239;1990
Sex et perestroïka;Comedy;4.3;216;1990
Vidocq;Thriller, ScienceFiction, Mystery, Crime, Action, Fantasy;6.4;23595;2000
Chubby Goes Down Under and Other Sticky Regions;Comedy;6.1;70;1990
The March;Drama, TVMovie;6.1;174;1990
Le match du siècle;Comedy, Romance, Sport;6.2;1442;1990
Robin des mers;, Unknown;5.0;36;1990
Le voyage de Felicia;Thriller, Drama;7.0;8586;1990
Ghost Dog, la voie du samouraï;Drama, Crime;7.5;100635;1990
Hanuman: Entrez dans la Légende du Dieu Singe;Romance, Adventure, Family;5.8;353;1990
When the Sky Falls;Drama, Crime, Biography;6.3;802;2000
Babar, roi des éléphants;Family, Animation;6.0;618;1990
The Darkest Light;Drama;5.9;197;1990
Fish and chips;Comedy, Drama;6.9;20504;1990
Franck Spadone;Thriller, Drama;4.3;431;1990
Le plaisir (et ses petits tracas);Comedy, Drama;5.0;336;1990
À la santé de Ned !;Comedy;7.3;29014;1990
Le fils adoptif;Drama;6.9;662;1990
Fögi Is a Bastard;Music, Romance, Drama;6.5;2588;1990
Hors jeu;Comedy, Drama;5.4;88;1990
The Health Journey;Comedy;4.3;3935;1990
Le premier jour;Drama, Crime;6.8;811;1990
Sombre;Drama, Horror;5.9;1971;1990
A Star for Two;Romance, Drama;5.9;292;1990
Mulholland Drive;Thriller, Drama, Mystery;7.9;407004;2000
The Book of Life;Comedy, Fantasy;6.4;2177;1990
The Protagonists;Thriller, Crime;5.3;883;1990
La fille du capitaine;Romance, Drama, History;6.5;381;2000
Three Businessmen;Comedy, Drama;6.8;558;1990
Thunderbirds : Les Sentinelles de l'air;ScienceFiction, Adventure, Action, Family, Comedy, Fantasy;4.3;14807;2000
Les collègues;Comedy, Sport;5.0;269;1990
Le démon dans la chair;Drama, Horror;7.2;1481;1960
Fin août, début septembre;Romance, Drama;6.8;2035;1990
Les enfants du marais;Comedy, Drama;7.4;3237;1990
Néfertiti, la fille du soleil;Romance, Drama, History;5.2;90;1990
Vassiliki;Drama;6.5;211;1990
Zonzon;Comedy, Drama;5.6;375;1990
Aberdeen;Comedy, Drama;7.1;3575;2000
Le nuage;Drama;6.5;285;1990
Dancer in the Dark;Musical, Drama, Crime;7.9;120610;2000
L'ennui;Romance, Drama;6.0;2370;1990
Frontera Sur;Drama;5.3;116;1990
Gloups! Je suis un poisson;Comedy, Adventure, Family, Animation;6.0;7730;2000
J'aimerais pas crever un dimanche;Drama;5.2;565;1990
Lucia;Music, Romance, Drama, Mystery;7.1;69;1990
Pièces d'identités;Comedy, Drama, Crime;6.2;181;1990
Baril de poudre;Comedy, Thriller, Drama;7.7;5846;1990
The Secret Life of Algernon;Comedy, Drama;5.8;145;1990
Speak Like a Child;Drama;7.2;97;1990
Dérapages;Drama;5.8;91;1990
Le vent en emporte autant;Comedy, Drama;6.4;641;1990
History Is Made at Night;Comedy, Romance, Action;4.5;949;1990
Luna Papa;Comedy, Drama;7.2;3368;1990
Pan Tadeusz - Quand Napoléon traversait le Niemen;Romance, Drama, History;6.1;3850;1990
Train de vie;Comedy, Drama, War;7.6;9788;1990
Ratcatcher;Drama;7.5;12424;1990
Stringer;Thriller;4.4;236;1990
Wonderland;Drama;7.1;4281;1990
Gladiator;Adventure, Drama, Action;8.5;1759137;2000
The Higher Mortals;Unknown, Drama;7.5;22;1990
L'oeil écarlate;Thriller, Crime;5.6;54;1990
Sugar Town;Comedy, Music;6.0;951;1990
Cecil B. Demented;Comedy, Thriller, Crime;6.3;17469;2000
The Magic of Marciano;Drama;6.3;695;2000
Mirka;Drama;6.4;367;2000
Simpatico;Comedy, Drama, Crime;4.7;3788;1990
Vénus beauté (institut);Comedy, Romance, Drama;6.3;4500;1990
Shiloh 2: Shiloh Season;Thriller, Drama, Family;6.0;1061;1990
La Comédie de Terracina;Comedy, Drama;6.8;227;1990
La revanche de Lucy;Comedy, Unknown;6.4;23;1990
Tube Tales;Drama;6.1;1498;1990
Alice et Martin;Romance, Drama;6.2;1936;1990
Le dossier 51;Drama, Crime;7.3;1089;1970
The Wolves of Kromer;Horror, Romance, Comedy, Drama, Fantasy;5.8;804;1990
The Lost Lover;Drama;5.4;175;1990
Clara;Music, Drama, Biography;5.5;311;2000
Company Man;Comedy;5.2;2209;2000
Les enfants du siècle;Romance, Drama, Biography;6.5;2081;1990
Entre les jambes;Romance, Thriller, Drama, Mystery;6.2;3167;1990
Hotel Splendide;Comedy;6.2;1558;2000
The Last Seduction II;Romance, Thriller, Drama, Crime;4.3;584;1990
New Blood;Thriller, Action, Crime;5.3;829;1990
Behind Schedule;Comedy, Music;5.6;51;1990
Exit;Thriller, ScienceFiction, Crime, Sci-Fi;4.6;335;2000
A Kind of Hush;Drama;4.6;203;1990
Mansfield Park;Comedy, Romance, Drama;7.0;26752;1990
Rhythm & Blues;Comedy;5.3;75;2000
Whiteboys;Comedy, Drama, Music;5.4;2087;1990
You're Dead...;Comedy, Thriller, Crime;5.6;510;1990
Les amants éternels;Romance, Thriller, Drama, Crime;5.3;2877;1990
Les cachetonneurs;Comedy, Drama, Music;6.9;60;1990
La Guerre dans le Haut Pays;Romance, Drama, War;5.5;111;1990
Mektoub;Thriller, Drama, Crime;6.0;133;1990
Beyond Mozambique;Comedy;5.1;75;2000
Greenwich Mean Time;Music, Drama, Crime;6.6;698;1990
Le dernier harem;Drama, History;6.1;3277;1990
Quills, la plume et le sang;Drama, Biography;7.2;58088;2000
The Last September;Romance, Drama, History;6.0;979;1990
Odmazda;Drama, War;7.0;171;2000
Mes amis;Comedy, Crime;5.3;235;1990
Belle maman;Comedy, Romance;5.5;1063;1990
Best;Drama, Biography;5.6;857;2000
Les caméléons;Comedy, ;4.3;197;1990
Deadly Run;Thriller;3.4;81;1990
[Est]Ouest;Romance, Adventure, Drama, History;7.4;5267;1990
Les frères Soeur;Comedy;4.4;110;2000
Furia;Thriller, ScienceFiction, Romance, Drama, Sci-Fi;5.3;744;1990
Hold Back the Night;Drama;6.3;224;1990
Kirikou et la Sorcière;Fantasy, Adventure, Family, Animation;7.5;11311;1990
Mookie;Comedy;4.2;387;1990
Terminator 3 : Le Soulèvement des machines;Thriller, ScienceFiction, Action, Sci-Fi;6.3;428332;2000
Victor... pendant qu'il est trop tard;Drama;6.2;139;1990
À mort la mort!;Drama;5.5;130;1990
Éloge de l'amour;Drama;6.3;3091;2000
Après la pluie;Drama;7.6;4660;1990
Bimboland;Comedy, Romance;4.7;1108;1990
Peines d'amour perdues;Comedy, Musical, Romance, Music;5.9;5014;2000
Les parasites;Comedy, Romance, Drama;5.6;468;1990
Esther Kahn;Romance, Drama;6.7;1205;2000
Gunblast Vodka;Comedy, Thriller;2.5;263;2000
Me Myself I (La chance de ma vie);Comedy, Romance;6.6;2700;1990
Mission to Mars;Thriller, Adventure, ScienceFiction, Sci-Fi;5.7;78015;2000
Rock 'n' Roll Frankenstein;Comedy, Music, Horror;4.2;364;1990
Taxi 2;Comedy, Action, Crime;6.5;61143;2000
Le petit voleur;Drama, Crime;7.0;726;1990
Petits frères;Comedy, Drama;6.4;453;1990
Les sanguinaires;, Drama;6.3;170;1990
Wonder Boys;Comedy, Drama;7.2;67854;2000
Tout sur ma mère;Comedy, Romance, Drama;7.8;106736;1990
La capitale du monde;Drama;6.3;87;2000
Fantômes de Tanger;, Unknown;7.5;16;1990
Terreur à Achill Island;Romance, Thriller, Drama, Mystery;5.1;539;1990
Un été pour tout vivre;Drama;6.2;450;2000
La nouvelle Ève;Comedy, Romance, Drama;5.9;737;1990
L'odyssée du capitaine Blood;Adventure, Action;7.0;230;1990
Ça commence aujourd'hui;Drama;7.4;3023;1990
Les galettes de Pont-Aven;Comedy, Romance, Drama;6.5;1160;1970
Les grandes bouches;Comedy;4.9;203;1990
Karnaval;Comedy, Drama;6.9;402;1990
Méditerranées;Drama, Crime, Action;4.6;541;1990
Rien sur Robert;Comedy, Drama;6.3;1116;1990
Saint-Cyr;Romance, Drama, History;6.0;725;2000
She Gets What She Wants;Comedy, Romance;5.1;5894;2000
Une journée de merde!;Comedy;5.3;197;1990
Le vent de la nuit;Drama;6.2;739;1990
Mauvaise passe;Drama;6.2;1357;1990
Beefcake;Drama, Documentary, History;6.7;1100;1990
Fin d'été;Comedy, Romance, Drama;5.8;30;1990
Annie-Mary à la folie!;Comedy, Musical;6.6;1369;2000
Le septième juré;Drama, Crime;7.5;1044;1960
Trafic d'influence;Comedy;4.5;599;1990
Nadia;Comedy, Thriller, Crime;6.0;26768;2000
Le château des singes;Adventure, Family, Animation;5.8;563;1990
Complicity;Romance, Thriller, Drama;5.8;958;2000
Elephant Juice;Romance, Drama;4.8;428;1990
Human Traffic;Comedy, Drama, Music;7.1;28332;1990
Simon le mage;Romance, Drama, Fantasy;7.1;888;1990
Le temps retrouvé, d'après l'oeuvre de Marcel Proust;Romance, Drama, War;6.7;2907;1990
Les Visiteurs en Amérique;Comedy, Adventure, ScienceFiction, Fantasy;5.7;20692;2000
Le derrière;Comedy;5.7;596;1990
Kadosh;Comedy, Romance, Drama;6.9;2025;1990
Mademoiselle Julie;Drama;6.1;1657;1990
Peut-être;Comedy, ScienceFiction, Drama, Sci-Fi;5.8;1751;1990
Le portrait de crystal;Romance, Mystery, Horror;4.4;179;1990
La racine du coeur;Drama;5.6;106;2000
L'Ombre du vampire;Drama, Horror;6.9;46639;2000
Blood;Horror;5.0;246;2000
O' Brother;Comedy, Adventure, Crime;7.7;341421;2000
La position de l'escargot;Comedy, Drama;5.3;76;1990
Vatel;Romance, Drama, History, Biography;6.6;8420;2000
Wild Animals;Comedy, Drama, Crime;6.1;956;1990
Circus;Thriller, Drama, Crime;5.5;2415;2000
La veuve de Saint-Pierre;Romance, Drama, History;7.1;5803;2000
Alien Blood;Fantasy, ScienceFiction, Horror, Sci-Fi;2.2;440;1990
The White Suit;Comedy, Romance, Drama;5.8;1085;1990
Mafia Story;Thriller, Drama, Action, Crime;6.0;4428;2000
Un homme qui dort;Drama;7.9;5094;1970
Married to Malcolm;Comedy;4.2;129;2000
Stardom;Comedy, Drama;5.6;1867;2000
Le Retour de Merlin;Fantasy, Adventure, ScienceFiction, Family;3.0;925;2000
Accelerator;Comedy, Action;6.1;522;2000
Cour interdite;Drama;4.6;10;1990
Un but pour la gloire;Drama, Sport;6.2;2558;2000
Fait d'hiver;Drama;5.7;121;1990
Romance;Romance, Drama;5.2;12709;1990
Whatever Happened to Harold Smith?;Comedy;6.4;1293;1990
Le double de ma moitié;Comedy;5.3;145;1990
Osmose;Comedy, Romance, Drama;5.9;103;2000
Saving Grace;Comedy, Crime;6.9;19703;2000
Crazy Killer;Crime;4.9;33;1990
Au feu!;Drama;6.4;44;1990
Samsara;Romance, Adventure, Drama;7.7;8365;2000
L'autre;Romance, Drama;6.0;1121;1990
C'est pas ma faute !;Comedy, Adventure, Family;5.4;240;1990
Hubert, son altesse caninissime;Comedy, Drama, Family;4.4;592;1990
What's Cooking?;Comedy, Romance, Drama;6.8;3034;2000
L'humanité;Drama, Mystery;6.8;5263;1990
Nos vies heureuses;Romance, Drama;6.5;260;1990
Paranoïd;Thriller, Crime, Horror;4.0;2454;2000
Le tronc;Comedy;3.9;64;1990
La légende;Comedy, Unknown, Drama;5.0;14;1990
Je préfère le bruit de la mer;Drama;6.4;338;2000
Adam Serial Lover;Comedy, Romance;5.8;6885;2000
Vercingétorix, la légende du druide roi;Adventure, Drama, Action, Biography;2.7;5490;2000
In the Cut;Thriller, Drama, Mystery;5.4;27210;2000
Gangsters, sex & karaoké;Comedy, Thriller, Action, Crime;6.4;5907;2000
Rosetta;Drama;7.4;16325;1990
Le schpountz;Comedy, Romance;3.1;238;1990
Sicily!;Drama;6.8;1354;1990
Parole et utopie;Drama, History, Biography;6.5;437;2000
Voir l'éléphant;Comedy, Unknown;3.8;13;1990
Braquage à l'anglaise;Thriller, Drama, Crime;7.2;193592;2000
Mercedes mon amour;Comedy, Drama, Action;7.8;3750;1990
La coupe d'or;Romance, Drama;5.9;4686;2000
Chez les heureux du monde;Romance, Drama;7.0;8305;2000
Qui plume la lune?;Comedy, Drama;6.2;229;1990
Le trône de la mort;Drama;6.1;133;1990
Le bleu des villes;Comedy, Drama, Music;6.4;256;1990
Les convoyeurs attendent;Comedy, Drama;6.8;1365;1990
Garage Olimpo;Drama;7.3;2968;1990
La genèse;Drama;6.7;246;1990
Nadia et les hippopotames;Drama;5.4;114;1990
Les passagers;Romance, Drama;6.1;234;1990
Vanaprastham - La dernière danse;Drama;8.1;2049;1990
Carnivale;Animation;5.7;196;1990
Hôtel Paradiso, une maison sérieuse;Comedy, Thriller;6.1;10913;1990
Kennedy et moi;Comedy;6.6;765;1990
A Room for Romeo Brass;Comedy, Drama;7.5;6330;1990
Jusqu'au bout de la nuit;Drama, Crime;6.4;39;1990
Peau neuve;Drama;6.5;184;1990
Inferno;Thriller, Action, Mystery;5.5;927;2000
Sexy Beast;Comedy, Thriller, Drama, Crime;7.3;72727;2000
Love, Money, Love;Romance, Drama;5.3;576;2000
La ville des prodiges;Romance, Drama;5.1;225;1990
Le créateur;Comedy;6.8;1163;1990
Jardinage à l'anglaise;Crime, Romance, Action, Comedy, Drama;6.8;6772;2000
Faites comme si je n'étais pas là;Drama;6.5;437;2000
Home Sweet Hoboken;Comedy;7.4;38;2000
Wings of Velvet;Romance, Thriller, Drama, Horror;5.9;10127;2000
Une liaison pornographique;Romance, Drama;6.9;5837;1990
La Fidélité;Drama;5.6;2096;2000
Being Considered;Comedy;5.5;99;2000
La Dilettante;Comedy;6.4;744;1990
Icarus Descending;Unknown, Mystery;8.1;31;1990
Kevin & Perry;Comedy, Music;5.7;14990;2000
Monsieur Naphtali;Comedy;4.7;71;1990
Paddy;Drama;5.5;26;1990
Le sourire du clown;Romance, Thriller, Drama, ;5.5;103;1990
Thomas et le Chemin de fer magique;Animation, Adventure, Family, Comedy, Drama;4.2;5031;2000
Adieu, plancher des vaches!;Comedy, Romance, Drama;7.1;1067;1990
Les amants criminels;Thriller, Crime, Horror, Romance, Drama;6.4;4650;1990
Mon père, ma mère, mes frères et mes soeurs;Comedy, Family;5.2;325;1990
Les Fils de l'homme;Thriller, ScienceFiction, Action, Drama, Sci-Fi;7.9;547555;2000
Fast Food, Fast Women;Comedy, Romance;6.4;2170;2000
Le roi des voleurs;Drama, Crime;7.1;425;2000
The man who cried - Les larmes d'un homme;Music, Romance, Drama, War;6.1;16839;2000
Maybe Baby ou Comment les Anglais se reproduisent;Comedy, Romance;5.6;6222;2000
1999 Madeleine;Comedy, Romance;5.7;184;1990
Snatch : Tu braques ou tu raques;Comedy, Crime;8.2;946027;2000
Il était une fois Jésus;Biography, Animation, Family, Drama, History;7.1;1909;1990
Peau d'homme coeur de bête;Thriller, Drama, Mystery;6.2;302;1990
Ginostra;Thriller, Drama, Crime;4.6;821;2000
La vie ne me fait pas peur;Comedy;6.9;290;1990
3;Thriller;5.0;407;2000
Augustin, roi du kung-fu;Comedy;6.4;455;1990
Manipulations;Thriller, Drama;6.9;25575;2000
Les infortunes de la beauté;Comedy;5.6;46;1990
Innocent;Drama;6.4;25;1990
Janice l'intérimaire;Comedy;6.0;380;1990
Fourplay;Comedy, Romance;4.8;719;2000
Pas de scandale;Drama;6.0;614;1990
Rien à faire;Romance, Drama;6.8;350;1990
Le vent nous emportera;Drama;7.4;13086;1990
Beau Travail;Drama, War;7.3;16784;1990
Gangster Number One;Thriller, Drama, Crime, Action;6.7;15289;2000
Ma petite entreprise;Comedy, Drama;6.4;816;1990
Pandemonium;Drama, Biography;6.4;902;2000
Petits miracles;Drama, Family;6.5;270;2000
Le poids de l'eau;Thriller, Drama, Crime, Mystery;5.8;10257;2000
Wisconsin Death Trip;Documentary, Drama, Crime, Biography;6.6;1660;1990
L'enthousiasme;Drama;5.8;175;1990
Himalaya : L'Enfance d'un chef;Adventure, Drama;7.4;5869;1990
Mémoires d'un zombie;Drama, Horror;5.3;811;1990
So British!;Comedy, Romance;6.4;2710;2000
La bûche;Comedy, Drama;6.3;1909;1990
Chili con carne;Comedy;4.1;176;1990
La débandade;Comedy, Romance;5.2;285;1990
Extension du domaine de la lutte;Drama;6.9;912;1990
Le fils du Français;Comedy, Adventure, Family;5.1;372;1990
Gouttes d'eau sur pierres brûlantes;Comedy, Romance, Drama;6.7;7137;2000
Haut les coeurs!;Romance, Drama;7.3;462;1990
Je suis né d'une cigogne;Comedy, Adventure, Drama, Crime;6.4;484;1990
Julie and the Cadillacs;Music, Romance;5.4;67;1990
Mauvaises fréquentations;Romance, Drama;6.5;779;1990
Love me;Drama;5.5;200;2000
Une pour toutes;Comedy, Romance;4.9;386;1990
Vengo del Moro;Music, Musical, Drama, Biography;7.2;3048;2000
Du jour au lendemain;Comedy, Music;7.4;181;1990
Les acteurs;Comedy;5.9;1371;2000
Amélie des Abbesses;Comedy, Romance;8.3;818454;2000
Coup de peigne;Comedy, Romance, Drama;6.2;9421;2000
Soplo de vida (Souffle de vie);Thriller, Drama;6.3;196;1990
Starry Night;Comedy, Drama;4.2;394;1990
2046;Romance, ScienceFiction, Drama, Sci-Fi;7.4;63859;2000
Bread and Roses;Comedy, Drama;7.0;6274;2000
Bruiser;Thriller, Mystery, Horror;5.3;6794;2000
Hannibal;Thriller, Drama, Crime;6.8;304569;2000
Christie Malry's Own Double-Entry;Thriller, Drama;6.3;473;2000
Un crime;Thriller, Drama, Crime;5.5;492;1990
La folie des hommes;Drama;6.4;1107;2000
La Vérité si je mens ! 2;Comedy;6.3;3832;2000
Belphégor : Le Fantôme du Louvre;Fantasy, Mystery, Horror;4.5;5316;2000
Quand tu me reviendras;, Drama;6.8;462;1990
Le libertin;Comedy, History;6.2;1883;2000
Un dérangement considérable;Romance, Drama;5.5;104;1990
Stalingrad;Drama, Action, War, History;7.5;285918;2000
L'Extra-terrestre;Comedy, Romance, Sci-Fi;3.5;595;2000
I Could Read the Sky;Drama;6.4;104;1990
Wild About Harry;Comedy, Romance, Drama;6.0;565;2000
Volavérunt;Thriller, Drama;5.7;1062;1990
Deuxième vie;Comedy, Fantasy;5.1;251;2000
Les blessures assassines;Drama, Crime, Biography;6.8;1348;2000
Bob le majordome;Comedy, Family;5.5;4336;2000
La Captive;Music, Romance, Drama;6.0;2235;2000
Projet inconnu;Romance, Drama, War;7.1;15818;2000
The Day the Ponies Come Back;Drama;6.2;118;2000
Les destinées sentimentales;Romance, Drama;6.7;1407;2000
La Ferme;Thriller, Drama, Action, Crime;6.2;767;2000
Le goût des autres;Comedy, Romance, Drama;7.2;10759;2000
Les fleurs d'Harrison;Romance, Drama, War;7.0;6965;2000
Harry, un ami qui vous veut du bien;Comedy, Thriller, Drama, Mystery;7.1;12205;2000
Inséparables;Comedy, Romance;5.8;129;1990
Jet Set;Comedy;4.2;1109;2000
Machaho;Comedy, Romance, Drama;6.8;35;1990
Marie-Line;Drama;6.2;224;2000
Meilleur Espoir féminin;Comedy;6.1;1114;2000
Nasty Neighbours;Comedy;5.8;152;1990
Le prof;Comedy;4.1;121;2000
Sade;Drama, Crime, History, Biography;6.1;1886;2000
La taule;Comedy, Unknown, Drama;5.4;46;2000
Te quiero;Drama, Crime;5.0;80;2000
Toutes les nuits;Drama;7.3;324;2000
La vie moderne;Comedy, Drama;6.1;238;2000
Voyous voyelles;Comedy, Drama;6.0;401;1990
Ça ira mieux demain;Comedy, Drama;6.0;553;2000
Société secrète;Comedy, Romance, Drama;5.3;189;2000
Christmas;Thriller, Drama, Crime;5.7;1707;2000
Another Life;Romance, Drama, Crime;6.2;700;2000
Séduction à l'irlandaise;Comedy;6.2;1562;2000
Sex Files: Digital Sex;ScienceFiction, Drama, Sci-Fi;3.9;124;1990
Jonah and Lila, Till Tomorrow;, Drama;6.1;151;1990
Rédemption;Romance, Drama, Western;6.3;6949;2000
Kippour;Drama, War;6.3;1965;2000
Some Voices;Comedy, Drama;6.5;1519;2000
The Asylum;Thriller, Drama, Horror;4.2;159;2000
Péché originel;Thriller, Mystery, Crime, Romance, Drama;6.0;61864;2000
Mr. Ripley et les ombres;Thriller, Drama, Crime;5.9;2997;2000
Scandal: Célébrité Éphémère;Drama, Crime;4.7;118;2000
À visage découvert;Thriller, Drama, TVMovie;5.9;623;2000
Le bon numéro;Comedy, Crime;5.1;11153;2000
Brendan & Trudy;Comedy, , Romance;6.5;1347;2000
Anna Karamazoff;ScienceFiction, Drama;6.8;159;1990
Du bleu jusqu'en Amérique;Drama;5.3;148;1990
Ressources humaines;Comedy, Drama;7.3;2917;1990
Insomnies;Thriller, Drama, Mystery, Horror;6.2;3728;2000
Six-Pack;Thriller, Action, Crime;5.4;936;2000
Sorted;Thriller, Drama, Mystery;6.0;1305;2000
Borstal Boy;Romance, Drama;6.8;2635;2000
Contamination;Thriller, ScienceFiction, Drama;4.9;1210;2000
Crimes maquillés;Comedy, Thriller, Drama, Crime;5.8;4033;2000
Liste d'attente;Comedy, Romance, Drama;7.1;1281;2000
24 Hours in London;Thriller, Action, Crime;3.5;669;2000
Le journal d'Anne Frank;Biography, Drama, War, Animation;6.8;259;1990
Autour de la maison rose;Comedy, Romance, Drama;6.2;113;1990
Aniki, mon frère;Thriller, Drama, Crime;7.1;25313;2000
Le vieux qui lisait des romans d'amour;Adventure, Drama;6.5;1380;2000
T'aime;Drama;1.8;460;2000
À la verticale de l'été;Romance, Drama;7.2;4119;2000
Le coeur à l'ouvrage;Comedy, Drama;4.8;176;2000
Hooded Angels;Western, Drama, Action;4.7;392;2000
La mÃ©canique des femmes;Comedy, Drama;4.7;181;2000
Too Much Flesh;Drama;5.1;803;2000
The Score;Thriller, Mystery, Crime, Action, Drama;6.8;139432;2000
Chica de Río;Comedy, Drama;5.6;1025;2000
Le 51e état;Comedy, Thriller, Action, Crime;6.3;51826;2000
Drôle de Félix;Comedy, Romance, Drama;6.9;1892;2000
Jesuit Joe;Western, Adventure;6.7;76;1990
Kiss Kiss (Bang Bang);Comedy, Thriller, Action, Crime;6.2;2121;2000
Otesánek;Comedy, Drama, Horror, Animation;7.3;7156;2000
Les Rivières pourpres;Thriller, Crime, Mystery;6.9;67850;2000
Une femme d'extérieur;Drama;6.1;153;2000
Le pique-nique de Lulu Kreutz;Comedy, Drama;5.1;124;1990
Sex Files: Pleasure World;Thriller, ScienceFiction, Romance, Drama, Sci-Fi;3.7;106;1990
Princes et Princesses;Mystery, Animation, Adventure, Romance, Family, Comedy, Drama, Fantasy;7.6;2528;2000
La confusion des genres;Comedy, Romance, Drama;6.3;1140;2000
Ed Gein, le boucher;Thriller, Biography, Crime, Horror, Drama;5.5;5780;2000
Sabotage!;Comedy, ;5.1;173;2000
Scènes de crimes;Thriller, Crime;6.2;753;2000
Selon Matthieu;Drama;6.4;363;2000
Signs & Wonders;Drama;5.8;726;2000
Strong Language;Comedy, , Crime;6.2;136;2000
Que faisaient les femmes pendant que l'homme marchait sur la lune?;Comedy, Drama;6.5;163;2000
Le Comédien;Comedy, Drama;5.2;35;1990
Family Express;Comedy, Drama;4.4;27;1990
Merci pour le chocolat;Drama, Crime, Mystery;6.7;6233;2000
Shiner;Thriller, Drama, Crime, Action;5.9;2218;2000
Après la vie;Drama, Crime;7.0;952;2000
Le cercle enchanté;Adventure, Family, Animation;5.4;568;1990
La fausse suivante;Comedy, Drama;5.9;259;2000
It Was an Accident;Comedy, Drama;5.7;217;2000
Roberto Succo;Drama, Crime, Biography;6.6;1282;2000
Thomas le fauconnier;Fantasy, Adventure, Family;6.7;352;2000
Hollywood liste rouge;Drama, History;6.1;390;2000
Purab Aur Pachhim;Romance, , Drama;7.4;1045;1970
L'étrange histoire d'Hubert;Comedy, Drama, Family, Fantasy;5.9;1041;2000
Romamor;Romance, Drama;6.9;63;1990
Les savates du bon Dieu;Comedy, Romance, Drama, Crime;6.4;362;2000
Les solitaires;Drama;6.5;43;2000
Un couple épatant;Comedy, Romance, Drama;6.4;1146;2000
La ville est tranquille;Drama;7.2;1365;2000
À l'attaque!;Comedy, Drama;6.2;336;2000
Les morsures de l'aube;Romance, Thriller, Mystery, Horror;4.8;1507;2000
Les 9 vies de Tomas Katz;Comedy, Drama, Fantasy, Mystery;6.8;1234;2000
Stolen Tangos;Comedy, Musical, Romance;5.8;40;2000
Aïe;Comedy;5.8;284;2000
Better Than Sex;Comedy, Romance, Drama;6.3;2299;2000
Born Romantic;Comedy, Romance;6.4;1676;2000
Promenons-nous dans les bois;Thriller, Horror;4.1;2889;2000
Les cocotiers;Comedy, Romance;4.6;195;2000
Le Pacte des loups;Adventure, Horror, Action, Drama, History;7.0;74379;2000
Sacred Flesh;Drama, Horror;3.3;575;2000
101 Reykjavik;Comedy, Romance, Drama;6.8;10087;2000
André le magnifique;Comedy;6.2;120;2000
Capitaine Corelli;Music, Romance, Drama, War;5.9;36771;2000
In extremis;Romance, Drama;5.4;404;2000
Nobel;Drama;6.7;27;2000
Jimmy Grimble;Comedy, Drama, Sport;6.6;4270;2000
La chambre obscure;Drama;5.1;81;2000
L'Anglaise & le Duc;Romance, Drama, War, History;6.8;2931;2000
La faute à Voltaire;Drama;6.9;960;2000
The Girl Who Picks Flowers and the Girl Who Kills Insects;Drama;7.4;8;2000
Les filles ne savent pas nager;Comedy, Drama;5.9;642;2000
Mortel Transfert;Comedy, Thriller, Crime;5.9;1167;2000
Nationale 7;Comedy, Drama;6.9;549;2000
Le soleil au-dessus des nuages;Comedy, Drama;6.4;126;2000
Tosca de Giacomo Puccini;Music, Musical, Drama;7.4;466;2000
Une hirondelle a fait le printemps;Comedy, Drama;6.6;2510;2000
The Pilgrimage of Students Peter and Jacob;Drama;5.0;44;2000
Brooklyn Babylon;Music, Romance, Drama;5.9;354;2000
La Ciénaga;Comedy, Drama;7.0;8538;2000
Féroce;Drama;4.9;204;2000
Sous le sable;Drama, Mystery;7.0;11723;2000
Vanity Fair - La foire aux vanités;Romance, Drama;6.2;23875;2000
Going Off Big Time;Comedy, Thriller, Action, Crime;6.1;945;2000
Harry Potter à l'école des sorciers;Fantasy, Adventure, Family;7.7;903931;2000
The Imitators;Drama, Crime;6.0;54;1990
Bully;Drama, Crime, Biography;6.9;41925;2000
Presque rien;Romance, Drama;6.7;5506;2000
Amour interdit;Romance, Drama;6.5;9572;2000
Un aller simple;Comedy, Adventure, Drama;4.8;209;2000
Va savoir;Comedy, Drama, Crime;6.8;2564;2000
Le battement d'ailes du papillon;Comedy, Romance, Drama;6.7;3989;2000
Le Journal de Bridget Jones;Comedy, Romance, Drama;6.8;278041;2000
À ma soeur !;Drama;6.4;13434;2000
Le placard;Comedy;7.0;18701;2000
Le roman de Lulu;Romance;4.9;146;2000
Speaking of Sex;Comedy, Romance;5.6;2682;2000
Chungkai, le camp des survivants;Drama, Action, War;6.9;12003;2000
40 jours et 40 nuits;Comedy, Romance;5.6;77280;2000
Le rideau final;Comedy, Drama;5.6;623;2000
Wednesday: Nutty Day!;Comedy, Drama;6.2;433;2000
La Fiancée de Dracula;Fantasy, Horror;4.7;667;2000
Le roi danse;Music, Drama, History;6.9;2472;2000
Trahison sur mesure;Romance, Thriller, Drama;5.1;1026;2000
War Bride;Romance, Drama;6.7;1592;2000
Yi yi;Romance, Drama;8.1;30463;2000
Dark Blue World;Romance, Drama, Action, War;7.1;6246;2000
Espion en danger;Action;3.5;333;2000
Charlotte Gray;Thriller, War, Romance, Drama, History;6.4;13465;2000
Menace Mortelle;Thriller, Action, Crime;4.0;557;2000
Invincible;Drama, War;6.4;4649;2000
Le métier des armes;Drama, War, History;6.9;1988;2000
Les proies;Romance, Thriller;6.0;859;2000
Off Key;Comedy, Music;5.3;244;2000
Pasty Faces;Comedy, Crime;5.5;63;2000
Crush, le club des frustrées;Comedy, Romance, Drama;5.7;4016;2000
Une mort au paradis;Comedy;6.5;2089;2000
Choc en retour;Drama;6.9;328;2000
La moitié du ciel;Drama;4.9;17;2000
La noce;Comedy, Drama;7.0;1274;2000
Lucky Break;Comedy, Romance, Crime;6.2;2318;2000
Les portes de la gloire;Comedy, Drama;6.3;849;2000
La thérapie d'Eglantine;Comedy, Romance, Drama, Family;6.5;643;2000
L'été de mes 27 baisers;Comedy, Romance, Drama;6.6;1561;2000
Antilles sur Seine;Comedy, Crime;3.8;201;2000
Meurs un autre jour;Thriller, Adventure, Action;6.1;234612;2000
D'Artagnan;Romance, Adventure, Action, Family;4.8;15267;2000
Heaven;Romance, Thriller, Drama, Crime;6.9;26801;2000
Jojo la frite;Comedy, , Romance, Fantasy;5.3;33;2000
Le lait de la tendresse humaine;Comedy, Drama;6.3;297;2000
Lumumba, retour au Congo;Drama, History, Biography;7.2;2148;2000
Le Prince du Pacifique;Comedy, Adventure;4.7;746;2000
Newcastle Boys;Comedy, Drama;6.7;2048;2000
The Season of Men;Drama;6.5;327;2000
L'affaire Marcorelle;Fantasy, Thriller, Drama;6.1;194;2000
Tendre guerre;Drama;4.5;13;1990
Two Days, Nine Lives;Drama;4.5;105;2000
Old School;Comedy, Crime;3.4;154;2000
Large;Comedy;4.2;290;2000
Les Harmonies Werckmeister;Drama, Mystery;8.0;16937;2000
Baise-moi;Romance, Thriller, Drama, Crime;4.4;19046;2000
Billy Elliot;Music, Drama, Comedy;7.7;147996;2000
Le harem de Mme Osmane;Comedy, Drama;5.8;142;2000
Gabriel & Me;Drama;4.8;182;2000
Sans plomb;Comedy, Romance, Drama;5.3;49;2000
Astérix & Obélix : Au service de Cléopâtre;Comedy, Adventure, Family, Fantasy;6.7;60556;2000
Dis pourquoi, dis comment;Comedy;5.7;388;2000
Feu de glace;Romance, Thriller, Drama, Mystery;5.4;20229;2000
Shopping de nuit;Comedy, Romance;6.8;2363;2000
La squale;Drama;5.2;218;2000
Infidèle;Romance, Thriller, Drama;6.7;103091;2000
La vierge des tueurs;Romance, Drama, Crime;6.8;4392;2000
La découverte du ciel;Fantasy, Drama;6.7;3898;2000
L'aventurier du grand nord;Comedy, Adventure, Action, Sport;4.5;1849;2000
The Low Down;Romance, Drama, Comedy;5.7;546;2000
Long Time Dead;Thriller, Horror;4.7;6188;2000
Buffalo Soldiers;Thriller, Crime, War, Comedy, Drama;6.7;26002;2000
Combat d'amour en songe;Fantasy, Drama;7.1;403;2000
La Légende de Ghislain Lambert;Comedy, Drama, Sport;6.5;2483;2000
Rouge à lèvres (& arme à feu);Comedy, Action, Crime;6.1;3774;2000
Shadows in the Dark;, Unknown;5.7;18;1990
Last Orders;Comedy, Drama;6.9;6957;2000
Le pianiste;Music, Drama, War, Biography;8.5;967942;2000
La ville du plaisir;ScienceFiction, Horror, Sci-Fi;4.4;274;2000
Le Règne du feu;Fantasy, Adventure, Action;6.2;149269;2000
La répétition;Romance, Drama;6.0;1295;2000
The Martins;Comedy, Drama;5.4;1346;2000
Le triomphe de l'amour;Comedy, Romance, Drama;5.8;1656;2000
Le voyage étranger;Drama;4.8;12;1990
CQ;Comedy, ScienceFiction, Drama, Sci-Fi;6.2;5162;2000
Dog Eat Dog;Comedy, , Drama;4.9;246;2000
Imago;Fantasy, ;7.0;29;2000
Fils de deux mères ou Comédie de l'innocence;Fantasy, Thriller, Drama, Mystery;6.5;970;2000
Vengeance secrète;Thriller, Drama, Action, Adventure;5.3;3459;2000
Lucia et le sexe;Romance, Drama;7.0;39760;2000
The Killing Zone;Thriller, Action;5.9;278;1990
Liberté-Oléron;Comedy;6.2;629;2000
La Pianiste;Music, Romance, Drama;7.5;76110;2000
La sirène rouge;Thriller, Drama, Action, Crime;5.2;1410;2000
Le stade de Wimbledon;Drama;5.9;208;2000
Un dimanche à Paris;, Unknown;4.2;10;1990
Freedom;Drama;7.0;370;2000
Liam;Drama;6.9;2715;2000
Durian Durian;Drama;7.1;832;2000
Mon cher ennemi;Western, Drama;6.6;981;2000
Intimité;Romance, Drama, Fantasy;6.0;13653;2000
The Safety of Objects;Drama;6.5;4431;2000
Ensorcellement sensuel;Fantasy, Romance, Horror;4.5;192;2000
La jeunesse des trois mousquetaires;Romance, Adventure, Action;4.6;225;2000
Azzurro;, Drama;6.9;255;2000
La Vie comme maladie mortelle sexuellement transmissible;Drama;7.0;1553;2000
Being Light;Comedy;5.2;191;2000
Bronx-Barbès;Drama;6.6;98;2000
The Jolly Boys' Last Stand;Comedy, Drama;4.6;155;2000
Un Américain bien tranquille;Romance, Thriller, Drama;7.0;30432;2000
Terminus des anges;Drama;6.7;583;2000
County Kilburn;Comedy;6.7;65;2000
Pacte avec le diable;Thriller, Horror;3.8;828;2000
Justine: Seduction of Innocence;Romance, Adventure, Drama, Comedy;3.8;249;1990
Transit Palace;Romance, Drama;7.2;2237;2000
Platform;Drama, History;7.4;3263;2000
La Tour Montparnasse infernale;Comedy;5.8;6046;2000
Corto Maltese en Sibérie;Adventure, Drama, History, Animation;6.7;1489;2000
Grégoire Moulin contre l'humanité;Comedy, Romance;6.8;1559;2000
Moi, c'est la mémoire;Romance, Drama;7.2;1450;2000
Cercle intime;Thriller, Crime, Mystery;5.1;1682;2000
The Truth Game;Drama;5.6;58;2000
Un chant de Noël;Fantasy, Drama, Family, Animation;5.4;2286;2000
Djomeh, l'histoire du garçon qui tombait amoureux;Drama;6.8;207;2000
Félix et Lola;Romance, Drama;5.8;469;2000
Mischka;Comedy, Drama, Family;6.1;286;2000
Taking sides - Le cas Furtwängler;Music, Drama, War;7.0;4033;2000
Ali Zaoua, prince de la rue;Drama, Crime;7.3;3034;2000
Emotional Backgammon;, Drama;4.9;75;2000
Imposture;Thriller, Drama;6.4;220;2000
Adanggaman;Drama;6.9;213;2000
Sex Files: Alien Erotica II;Romance, ScienceFiction, Horror, Sci-Fi;4.2;345;2000
Gamer;Thriller, ScienceFiction, Action, Comedy, Sci-Fi;3.1;353;2000
Paria;Drama;7.1;80;2000
Passage du milieu;Drama, History;6.0;138;2000
Le pornographe;Drama;5.2;2734;2000
Thomas est amoureux;Comedy, Romance, Drama, ScienceFiction;7.0;2079;2000
Les âmes fortes;Romance, Drama;5.7;1939;2000
Les jolies choses;Drama;5.8;1123;2000
Me Without You;Drama;6.7;4935;2000
Back Door;Drama;6.3;564;2000
Trinity;Thriller, ScienceFiction, Action, Drama, Sci-Fi;4.7;108;2000
Le club des ravisseurs;Comedy, Adventure, Action, History;6.6;1818;2000
Après la réconciliation;Comedy, Drama;6.9;138;2000
L'envoûtement de Shanghaï;Drama, Mystery;5.5;572;2000
Sex Files: Erotic Possessions;Fantasy, Romance;4.0;146;2000
Monarch;Drama, History, Biography;5.8;174;2000
La Chute du faucon noir;Drama, Action, War, History;7.7;439838;2000
Boys Life 3;Romance, , Drama;6.2;358;2000
Chaos;Comedy, Drama, Crime;7.0;2554;2000
Le mariage des moussons;Comedy, Romance, Drama;7.3;27196;2000
Ripley's Game;Thriller, Drama, Crime, Mystery;6.6;20057;2000
Séduction fatale;Romance, Thriller, Mystery;5.4;1490;2000
Un jeu d'enfants;Thriller, Mystery, Horror, Fantasy, Drama;5.3;978;2000
Voyance et manigance;Comedy;4.7;180;2000
Un parfum de meurtre;Thriller, Mystery, Crime, Romance, Drama, History;6.4;9308;2000
Crève Smoochy, crève !;Comedy, Thriller, Drama, Crime;6.3;43676;2000
Petites misères;Comedy, Drama;5.6;139;2000
Spy game - Jeu d'espions;Thriller, Action, Crime;7.1;172394;2000
Yamakasi : Les Samouraïs des temps modernes;Drama, Action, Crime;6.1;13611;2000
Dakota Bound;Adventure, ScienceFiction, Action, Sci-Fi;3.4;256;2000
K-19 : Le Piège des profondeurs;Thriller, Mystery, War, Drama, History;6.7;69733;2000
Carrément à l'Ouest;Comedy, Drama;6.0;205;2000
Tout le monde y pense;Thriller, Drama;6.9;1090;2000
The Fall of the Louse of Usher: A Gothic Tale for the 21st Century;Comedy, , Fantasy, Horror;4.2;384;2000
Little Senegal;Drama;6.9;446;2000
Ceci est mon corps;Drama;5.3;237;2000
Confession d'un dragueur;Comedy;4.7;223;2000
De l'amour;Drama;5.4;475;2000
La fille de son père;Drama;6.2;60;2000
Au coeur du rock;Comedy, Drama, Music;6.0;1759;2000
Betty Fisher et autres histoires;Comedy, Thriller, Drama, Crime;6.8;1677;2000
Laissez-passer;Drama, War, History, Biography;6.9;1669;2000
Ma femme est une actrice;Comedy, Romance, Drama;6.4;3801;2000
Et là-bas, quelle heure est-il ?;Romance, Drama;7.3;5479;2000
Même pas mal;Comedy, Drama;6.4;551;2000
Dôlé (L'argent);Drama, Crime;6.5;82;2000
Dr. Babasaheb Ambedkar;History, Biography;8.8;2886;2000
Les trois Eve;Comedy, Romance, Drama, ScienceFiction;5.3;1994;2000
Les p'tits genies 2;Comedy, Family, Sci-Fi;1.5;31988;2000
Plain Jane;Romance, Drama, War;4.6;299;2000
Le Baiser du dragon;Thriller, Action, Crime;6.6;68165;2000
Un tueur aux trousses;Thriller, Drama, Crime, Action;5.3;2881;2000
18 ans après;Comedy, Romance, Drama;4.6;683;2000
Les enfants des photos;Comedy, Drama;6.1;139;2000
Happy Now;Comedy, Thriller;5.9;601;2000
National Security;Comedy, Action, Crime;5.6;56294;2000
15 août;Comedy;5.6;997;2000
Absolument fabuleux;Comedy;4.6;1049;2000
Le fossé des générations est un lit douillet;Comedy, Romance;6.5;110;2000
K-PAX - L'homme qui vient de loin;ScienceFiction, Drama, Mystery, Sci-Fi;7.4;197424;2000
The Spring to Come;Drama;4.7;555;2000
Kurtz;Comedy, Romance;4.6;456;2000
L'adversaire;Drama, Crime, Mystery;6.7;4149;2000
La chambre des officiers;Romance, Drama, War;7.4;1771;2000
Mariage et conséquences;Comedy, Romance, Drama;7.1;1504;2000
Ararat;Drama, War, History;6.3;14932;2000
Distant Shadow;, Thriller, Mystery, Horror;5.0;207;2000
It's all about love;Thriller, ScienceFiction, Romance, Drama, Sci-Fi;5.3;9980;2000
Pas d'histoires!;Comedy, Drama, Animation;6.5;52;2000
My Brother Tom;Drama;6.8;1017;2000
Sur mes lèvres;Romance, Thriller, Drama, Crime;7.3;16945;2000
Tanguy, 28 ans, habite encore chez ses parents;Comedy;6.4;7563;2000
Johnny English;Comedy, Adventure, Action;6.3;180145;2000
Un moment de bonheur;Drama;6.2;122;2000
Vera;Horror, ScienceFiction, Drama, Mystery;5.9;130;2000
24 Hour Party People;Comedy, Drama, Music, Biography;7.3;40819;2000
Callas Forever;Music, Romance, Drama, Biography;6.4;2583;2000
Intervention divine;Comedy, Romance, Drama;6.6;4109;2000
Club Le Monde;Comedy, Romance, Drama;5.6;157;2000
Le doux amour des hommes;Drama;6.5;159;2000
South Kensington;Comedy, Romance;4.6;714;2000
Where Eskimos Live;Drama, Action;6.7;492;2000
Cyberflic;Comedy, Crime, Sci-Fi;4.4;553;1990
Au bonheur des hommes;Comedy, Romance;4.8;194;2000
Rue des plaisirs;Romance, Drama;5.3;828;2000
Betelnut Beauty;Romance, Drama;6.4;466;2000
Mafia Love;Comedy, Action, Crime;5.1;10429;2000
Out of Bounds;Romance, Thriller, Drama;4.5;363;2000
Fogbound;Thriller, Drama;4.9;218;2000
Lawless Heart;Comedy, Romance, Drama;6.6;1458;2000
Puckoon;Comedy;5.7;400;2000
Beijing Bicycle;Drama;7.2;4828;2000
Pour un garçon;Comedy, Romance, Drama;7.1;196086;2000
Blueberry : L'Expérience secrète;Fantasy, Adventure, Western;5.2;12531;2000
Café de la plage;Comedy, Drama;6.0;125;2000
Cum to Live;Comedy, Thriller;5.6;89;2000
Daresalam;Drama, War;7.0;72;2000
Dogville;Thriller, Drama, Crime;8.0;164060;2000
All Night Bodega;Drama;6.8;91;2000
Les Rebelles de la ferme;Comedy, Family;4.9;97;2000
Jurassic Trash;Comedy, Fantasy, Horror, Sci-Fi;5.3;70;1990
L'ange de goudron;Drama;6.8;284;2000
Hotel;Comedy;4.1;2196;2000
Revelation;ScienceFiction, Adventure, Horror, Fantasy, Drama;4.6;1704;2000
Spider;Thriller, Drama, Mystery;6.7;42362;2000
L'emploi du temps;Drama;7.3;5140;2000
Justine: In the Heat of Passion;Romance, Adventure, Comedy;4.1;170;1990
Night of Vampyrmania;Comedy, Horror;5.6;15;1990
Dark Blue;Thriller, Drama, Crime, Action;6.6;24892;2000
Time Demon;ScienceFiction, Horror, Action, Comedy, Sci-Fi;4.9;58;1990
Anne Frendo;Romance, , Drama;5.4;95;2000
The Navigators;Comedy, Drama;6.9;3218;2000
The Barber;Mystery, Crime, Horror;5.7;1387;2000
Twentyman;Comedy, Action, Crime;6.0;3935;2000
Bloody Sunday;Drama, War, History;7.6;26223;2000
Carnages;Comedy, Romance, Drama;6.1;756;2000
Dog Soldiers;Thriller, Action, Horror;6.8;68617;2000
Le Vicaire;Drama, Crime, History, Biography;7.2;15337;2000
Femme fatale;Thriller, Mystery, Crime, Romance, Drama;6.2;38568;2000
Le gourou et les femmes;Comedy, Romance, Music;5.4;15659;2000
Iris;Romance, Drama, Biography;7.0;19501;2000
Le loup de la côte Ouest;Drama, Crime, Mystery;5.7;93;2000
Killing Angel;Thriller, Crime, Horror, Action, Romance;6.2;795;2000
My Little Eye;Thriller, Mystery, Horror;5.5;13263;2000
Nid de guêpes;Thriller, Action, Crime;6.7;5863;2000
Pesvebi;Drama;8.8;1212;1980
Le Raid;Adventure, Action, Family, Comedy, Drama;3.5;1029;2000
La petite moutarde qui monte au nez;Comedy, Drama, Action, Crime;6.6;44347;2000
Dina;Drama;6.5;5805;2000
Les marins perdus;Adventure, Drama;5.3;239;2000
Sexy Boys;Comedy;4.5;782;2000
Vivante;Drama;6.1;227;2000
Gangsters;Drama, Action, Crime;6.4;947;2000
The Ghost of Greville Lodge;Family, Mystery;5.7;403;2000
Riders;Thriller, Action, Crime;5.4;6237;2000
Autour de Lucy;Comedy, Romance;5.9;3626;2000
Mike Bassett: England Manager;Comedy, Sport;6.8;7380;2000
The Emperor's New Clothes;Comedy, Romance, Drama;6.8;2816;2000
The Mystic Masseur;Comedy, Drama, Biography;5.8;481;2000
Plein gaz;Comedy, ScienceFiction, Family, Sci-Fi;3.8;6318;2000
The eXtremists;Thriller, Adventure, Action;4.4;5808;2000
Millennium Mambo;Romance, Drama;7.0;7565;2000
Gypsy Woman;Romance;5.8;283;2000
Je rentre à la maison;Comedy, Drama;6.8;1938;2000
Kandahar;Drama;6.8;7183;2000
No Man's Land;Action, War, Comedy, Drama, History;7.9;49731;2000
Mr Garden;Comedy, Crime;6.3;7296;2000
Pau et son frère;Drama;6.2;244;2000
La repentie;Drama, Crime;5.3;468;2000
8 femmes;Thriller, Mystery, Crime, Musical, Comedy;7.0;35347;2000
And Now... Ladies and Gentlemen...;Romance, Thriller, Drama, Crime;6.1;2439;2000
L'auberge espagnole;Comedy, Romance, Drama;7.3;43454;2000
Le baiser de l'ours;Fantasy, Romance, Drama;5.9;994;2000
Le boulet;Comedy, Adventure, Action;6.0;5553;2000
Butterfly Man;Romance, Drama;4.9;285;2000
Demonlover;Thriller, Drama, Mystery;5.9;6789;2000
Couac, le vilain petit canard;Comedy, Music, Family, Animation;6.3;32;2000
Fleurs de sang;Drama;5.3;91;2000
Gagner la vie;Drama;6.6;177;2000
Lundi matin;Comedy, Romance, Drama;6.8;1146;2000
Martha... Martha;Drama;6.8;205;2000
Petit Potam;Animation;6.5;26;2000
Samouraïs;ScienceFiction, Action;3.4;765;2000
Sans nouvelles de Dieu;Comedy, Drama, Crime;6.3;5801;2000
Mauvais genres;Thriller, Drama, Crime, Horror;5.6;410;2000
WiseGirls;Thriller, Crime, Action, Comedy, Drama;5.8;3244;2000
Ali G;Comedy;6.2;97970;2000
Clément;Romance, Drama;6.0;645;2000
Effroyables Jardins;Comedy, Drama, War;7.0;1705;2000
Flyfishing;Comedy;6.2;325;2000
J'ai faim!!!;Comedy;4.5;337;2000
Mister Cash;Thriller, Drama, Crime;7.0;15477;2000
Queenie in Love;Comedy, Romance;6.7;330;2000
Quelqu'un de bien;Comedy, Drama;5.1;411;2000
Les rois mages;Comedy, Adventure, Fantasy;5.6;2541;2000
Les triplettes de Belleville;Animation, Adventure, Family, Comedy, Drama;7.7;58297;2000
All or Nothing;Comedy, Drama;7.5;11859;2000
La tranchée;Thriller, Drama, War, Horror;5.9;13688;2000
La bande du drugstore;Romance, Drama;6.0;277;2000
Joue-la comme Beckham;Comedy, Romance, Drama;6.7;119447;2000
Respiro;Comedy, Drama;7.0;4957;2000
Hypnotic;Thriller, Mystery, Crime, Horror;6.1;3283;2000
Requiem;Thriller, Action, Crime, Horror;5.0;584;2000
Revengers Tragedy;Comedy, ScienceFiction, Drama;6.5;891;2000
Cette sale terre;Drama, Horror;6.2;205;2000
La chatte à deux têtes;Drama;6.1;948;2000
Les femmes... ou les enfants d'abord...;Drama;6.8;270;2000
Le frère du guerrier;Adventure, Drama, History;6.0;620;2000
Mariage tardif;Comedy, Romance, Drama;7.1;3619;2000
Gauguin;Drama, Biography;5.7;695;2000
Slogans;Comedy, Drama;7.3;470;2000
Choses secrètes;Comedy, Drama, Fantasy;6.0;5561;2000
Dieu est grand, je suis toute petite;Comedy, Romance;5.2;2551;2000
Like Father;Drama;6.6;27;2000
Le petit garçon;Comedy, Drama;6.4;101;1990
Tom et Thomas;Drama, Family;6.6;1107;2000
Une affaire privée;Thriller, Crime, Mystery;6.2;1013;2000
Arthur's Dyke;Comedy, Drama;6.2;317;2000
La guerre à Paris;Drama;5.8;105;2000
28 Jours plus tard;Thriller, ScienceFiction, Horror, Drama, Sci-Fi;7.5;475190;2000
The Children's Midsummer Night's Dream;Fantasy, , Drama;5.6;32;2000
Les Supers Nanas : The Powerpuff Girls, le film;Adventure, Action, Family, Animation;6.5;11391;2000
Young Adam;Romance, Thriller, Drama, Crime;6.3;15004;2000
Dragon rouge;Thriller, Drama, Crime;7.2;302748;2000
Inside Job;Thriller, Horror, Mystery;6.0;8617;2000
La Vie de David Gale;Thriller, Drama, Crime, Mystery;7.5;129484;2000
Max;Drama, War;6.4;8877;2000
L'après-midi d'un tortionnaire;Comedy, Drama, Biography;7.5;802;2000
Au plus près du paradis;Romance, Drama;5.3;593;2000
Entre chiens et loups;Thriller, Drama, Action;5.4;456;2000
Irréversible;Thriller, Drama, Crime, Mystery;7.3;155168;2000
Mille millièmes;Comedy, Drama;5.4;210;2000
Sauvage innocence;Comedy, Drama;7.0;549;2000
Sia, le rêve du python;Drama;6.7;165;2000
Voyage à Ouaga;Thriller, Drama;8.4;9;2000
Voyez comme on danse;Comedy, Romance, Drama;6.5;2661;2000
Avril brisé;Drama;7.6;7644;2000
Balzac et la petite tailleuse chinoise;Romance, Drama, Biography;7.2;4643;2000
E_mail;Comedy, Romance;4.5;266;2000
L'idole;Romance, Drama;5.9;633;2000
Ma femme...;Comedy;3.9;836;2000
Carton rouge;Comedy, Drama, Crime;6.4;42938;2000
Novo;Comedy, Romance, Drama;5.6;2737;2000
Monsieur Batignole;Comedy, Drama, War;7.0;3537;2000
À la dérive;Comedy, Romance;3.6;18348;2000
Une femme de ménage;Comedy, Romance, Drama;6.3;1974;2000
Le Ventre de Juliette;Comedy, Drama;6.7;96;2000
À la folie... pas du tout;Romance, Thriller, Drama;7.1;19867;2000
Fish People;Comedy;4.7;432;2000
La maîtresse en maillot de bain;Drama, Crime;6.1;54;2000
Cercle vicieux;Thriller, Drama, Crime;5.6;492;2000
Superstition;Thriller, Horror, Drama, Mystery;5.1;609;2000
La turbulence des fluides;Comedy, Romance, Drama, Mystery;6.8;1030;2000
L'afrance;Romance, Drama;6.8;154;2000
Beginner's Luck;Comedy, , Drama;4.9;202;2000
Dark Blood;Thriller;6.3;1492;2010
The Dervish;Drama, History;5.9;942;2000
Décalage horaire;Comedy, Romance, Drama;6.1;6194;2000
Marie-Jo et ses 2 amours;Romance, Drama;6.5;888;2000
The Piano Player;Thriller, Drama, Action, Crime;4.3;967;2000
Le Transporteur;Thriller, Action, Crime;6.8;330404;2000
Les côtelettes;Comedy, Drama;5.1;494;2000
Aime ton père;Drama;6.2;645;2000
Ceux d'en face;Drama;6.6;31;2000
Les témoins;Thriller, Horror;5.6;9216;2000
La vie promise;Drama;6.0;771;2000
Deux;Drama;6.1;323;2000
Terreur;Thriller, Crime, Horror;3.4;23349;2000
Harry Potter et la Chambre des secrets;Fantasy, Adventure, Family;7.4;729203;2000
Heartlands;Comedy, Drama;6.8;1364;2000
Tirana, année zéro;Comedy, Romance, Drama;6.4;177;2000
The Warrior;Adventure, Drama;6.6;2834;2000
Taxi 3;Comedy, Action, Crime;5.8;47254;2000
Vendredi soir;Romance, Drama;6.7;2198;2000
Aparição;Drama;6.6;47;1990
Chris Quatermain et le trésor perdu;Fantasy, Adventure, Action;3.3;236;2000
Inch'Allah dimanche;Drama, Family, Biography;6.6;585;2000
My Voice;Comedy, Musical, Drama;6.4;223;2000
Le souffle;Drama;6.6;442;2000
Le chignon d'Olga;Comedy, Romance, Drama;6.7;453;2000
Des plumes dans la tête;Drama, Mystery;6.3;199;2000
Dix-sept fois Cécile Cassard;Drama;5.8;560;2000
Les enfants de la pluie;Fantasy, Adventure, Animation;6.8;865;2000
Fais-moi des vacances;Comedy, Drama;6.1;165;2000
Irène;Comedy, Romance, Drama;6.2;651;2000
Là-haut, un roi au-dessus des nuages;Thriller, Drama;6.1;78;2000
Les naufragés de la D17;Comedy;6.0;111;2000
Porto de mon enfance;Drama, Documentary, Biography;7.1;574;2000
Profession profiler;Thriller, Mystery, Crime, Horror;6.3;65935;2000
Sur le bout des doigts;Music, Drama;6.4;76;2000
Le nouveau Jean-Claude;Comedy;5.4;227;2000
South West 9;Drama;5.7;418;2000
Gaïna;Adventure, Family, Animation;6.0;4280;2000
The Big Finish;Horror;5.3;135;2000
Ghost Rig;Thriller, Drama, Mystery, Horror;4.4;718;2000
Loin du paradis;Romance, Drama;7.3;50457;2000
Ni pour, ni contre (bien au contraire);Drama, Crime;6.4;1973;2000
Bord de mer;Drama;5.6;330;2000
Strass;Comedy, Drama;6.6;151;2000
Libérez Jimmy;Comedy, Animation;5.9;7048;2000
L'amour, six pieds sous terre;Comedy, Romance;6.5;5361;2000
Le galop de la liberté;Drama, Family;6.5;525;2000
Heidi;Comedy, Family, Animation;6.3;121;2000
Bloody Mallory;Thriller, ScienceFiction, Horror, Action, Comedy, Fantasy;4.4;1342;2000
Brève traversée;Comedy, Romance, Drama;6.7;2116;2000
Bécassine: Le Trésor viking;Fantasy, Family, Animation;5.6;137;2000
Dead Room;Horror;4.6;37;2000
Reconnu coupable;Thriller, Drama, Action, Crime;6.1;1747;2000
Rose & Cassandra;Romance, Drama;6.8;8203;2000
The Last Great Wilderness;Comedy, Thriller, Drama, Mystery;5.6;530;2000
Le voyage de Morvern Callar;Drama;6.8;11544;2000
Satin Rouge;Romance, Musical, Drama, Music;6.7;900;2000
Sueurs;Thriller, Adventure, Action, Crime;5.5;776;2000
Tristan et Iseut;Romance, Adventure, Family, Animation;4.8;205;2000
Absolon;Thriller, ScienceFiction, Action, Sci-Fi;4.2;3416;2000
Comme un avion;Drama, Biography;4.8;65;2000
Dirty Pretty Things : Loin de chez eux;Thriller, Drama, Crime;7.2;44830;2000
The Heart of Me;Romance, Drama;6.5;2789;2000
L'homme du train;Thriller, Drama, Crime;7.1;7694;2000
La route;Drama;6.8;147;2000
Love's Brother;Comedy, Romance, Drama;6.2;1155;2000
Once Upon a Time in the Midlands;Comedy, Romance, Drama;6.1;4837;2000
Le pharmacien de garde;Drama, Crime, Horror;5.2;706;2000
The Principles of Lust;Drama;4.9;1392;2000
C'est le bouquet!;Comedy;6.0;407;2000
La mort d'un roi;Biography, Adventure, Action, Drama, History;6.2;3505;2000
Bijou de famille;Drama;6.7;450;2000
Le vent de la Toussaint;Drama;4.1;16;1990
Britney, Baby, One More Time;Comedy;5.4;243;2000
Anita & Me;Comedy, Drama, Family;6.4;1842;2000
French Lolita;Romance, Drama;7.5;61;1990
Harry Potter et le Prisonnier d'Azkaban;Fantasy, Adventure, Family;7.9;729185;2000
Kedma;Drama, War, History;6.0;811;2000
Levity;Drama, Crime;6.3;6868;2000
Ma vraie vie à Rouen;Comedy, Drama, Sport;6.5;875;2000
La mentale;Thriller, Drama, Action, Crime;5.4;1136;2000
Petites coupures;Drama;5.7;792;2000
Quand tu descendras du ciel;Comedy, Drama;6.3;70;2000
Scènes intimes;Comedy, Romance, Drama;5.7;3150;2000
Le Chemin de l'amour;Drama;6.5;413;2000
Ten Minutes Older: The Trumpet;Drama, Documentary;7.1;3739;2000
Two Men Went to War;Comedy, Drama, War;6.6;1025;2000
Vivre me tue;Drama;6.5;215;2000
Cravate club;Comedy, Drama;5.4;273;2000
Fanfan la Tulipe;Comedy, Adventure, Romance;5.7;5695;2000
La felicità, le bonheur ne coûte rien;Drama;5.3;149;2000
La femme à abattre;, Thriller, Drama;7.0;16;1990
Mrs Caldicot's Cabbage War;Comedy, Drama;6.4;914;2000
Le prix du pardon;Drama;7.1;139;2000
Ouvriers, paysans;Drama;5.9;200;2000
Saltimbank;Comedy, Drama;6.6;77;2000
Stratosphere Girl;Thriller, Drama, Mystery;6.3;1424;2000
Une affaire qui roule;Comedy, Drama;5.7;140;2000
Alexandria;Drama;6.6;105;2000
Le divorce;Comedy, Romance, Drama;4.9;12375;2000
Georges et le Dragon;Comedy, Adventure, Action;5.6;4553;2000
Michel Vaillant;Drama, Action, Sport;5.3;4554;2000
Portrait craché;Thriller, ScienceFiction, Drama, Sci-Fi;4.7;634;2000
Swing;Comedy, Drama, Music;7.2;1092;2000
Tempo;Romance, Thriller, Crime;4.6;1141;2000
The Tulse Luper Suitcases, Part 1: The Moab Story;Thriller, Biography, Adventure, War, Romance, Drama, History;6.7;1283;2000
Abouna;Drama;6.6;760;2000
Les acteurs;Comedy, Crime;5.9;2002;2000
Conspiracy of Silence;Thriller, Drama, Crime, Mystery;6.5;447;2000
Corps à corps;Thriller;6.0;809;2000
Dead End;Thriller, Adventure, Mystery, Horror;6.5;33956;2000
Cendrillon et le prince (pas trop) charmant;Animation, Adventure, Family, Comedy, Fantasy;4.5;11391;2000
En attendant le bonheur;Music, Drama;6.6;1126;2000
La couleur du mensonge;Romance, Thriller, Drama;6.2;33066;2000
Leo;Drama;6.5;1083;2000
Monsieur N.;Thriller, Drama, Mystery, Biography;6.5;1102;2000
Neverland;Drama, Family, Biography;7.6;214816;2000
Un nouveau Russe;Thriller, Drama, Crime, Action;6.7;2124;2000
Pure;Drama;6.8;2846;2000
Fausses apparences;Comedy, Romance, Drama;6.6;12030;2000
Thelma;Drama;6.8;54;2000
Bridget;Drama;5.8;324;2000
Devil's Gate;Thriller;5.8;114;2000
Madame Brouette;Comedy, Romance, Drama;6.4;259;2000
Jeunesse dorée;Drama;6.2;58;2000
Maléfique;Fantasy, Mystery, Horror;6.2;4712;2000
Mon idole;Comedy, Thriller, Drama, Crime;6.1;1753;2000
Nothing More;Comedy, Romance, Drama;6.4;362;2000
Nicholas Nickleby;Adventure, Action, Family, Romance, Drama;7.1;14339;2000
Innocents: The Dreamers;Romance, Drama;7.1;137674;2000
In this World;Drama;7.3;4486;2000
Snowboarder;Drama, Crime, Sport;3.5;725;2000
Les Tourtereaux;Comedy, Crime;7.1;31656;2000
This Is Not a Love Song;Thriller, Mystery;6.5;339;2000
Bon voyage;Comedy, Drama, Mystery;6.7;5257;2000
Wanted;Comedy, Action, Crime;6.4;5773;2000
La Ligue des gentlemen extraordinaires;Thriller, ScienceFiction, Adventure, Action, Fantasy;5.8;188204;2000
L'homme sans passé;Comedy, Romance, Drama;7.6;27783;2000
Les Petites Couleurs;Comedy, Drama;6.0;169;2000
Garder les frontières;Thriller, Drama, Mystery, Horror;5.8;455;2000
Wallace et Gromit : Le Mystère du lapin-garou;Comedy, Adventure, Family, Animation;7.5;153308;2000
Wesh wesh, qu'est-ce qui se passe?;Drama, Crime;6.6;371;2000
Veronica Guerin;Thriller, Drama, Crime, Biography;6.8;22583;2000
Des chiens dans la neige;Thriller, Mystery, Crime, Action, Drama;6.0;205;2000
La fille de Keltoum;Drama;7.4;300;2000
Lighthouse Hill;Comedy, Adventure, Romance;5.6;139;2000
Baltic Storm;Thriller, Drama, Mystery;4.0;1175;2000
Le Déserteur;Drama, War;5.3;1482;2000
Sweet Sixteen;Drama, Crime;7.4;16147;2000
La vie et tout le reste;Comedy, Romance;6.3;33489;2000
DJ - Le défi;Comedy, Musical, Drama, Music;5.4;165;2000
Immortel;Thriller, ScienceFiction, Action, Drama, Sci-Fi;5.9;22089;2000
Philanthropique;Comedy, Drama;8.4;14278;2000
Hoodlum & Son;Comedy, Crime;4.8;173;2000
Disparitions;Romance, Thriller, Drama;6.1;3613;2000
Love Actually;Comedy, Romance, Drama;7.6;558654;2000
Moi César, 10 ans et demi, 1m39;Comedy, Drama, Family;6.1;1545;2000
Mystics;Comedy;5.7;266;2000
Hope Springs;Comedy, Romance;5.4;8150;2000
Twentynine Palms;Thriller, Drama, Horror;5.1;5287;2000
Ah ! Si j'étais riche;Comedy;5.9;1460;2000
Day of the Sirens;Thriller, Action;4.2;375;2000
El bonaerense;Drama, Crime;6.8;2263;2000
Mutanten;ScienceFiction, Drama, Sci-Fi;6.7;95;2000
Open Range;Western, Adventure, Action, Romance, Drama;7.4;81388;2000
Peter Pan;Fantasy, Adventure, Family;6.8;82690;2000
A+ Pollux;Comedy, Romance, Drama;6.3;263;2000
Blissfully Yours;Romance, Drama;6.9;2778;2000
Bridget Jones: L'âge de raison;Comedy, Romance, Drama;6.0;129170;2000
Brocéliande;Thriller, Horror;3.4;748;2000
La cité de Dieu;Drama, Crime;8.6;837198;2000
La pleureuse;Comedy, Drama;7.0;190;2000
La dernière lettre;Drama;6.8;191;2000
Le faucon islandais;Drama;5.9;400;2000
L'ange de l'épaule droite;Comedy, Drama, Fantasy;6.7;475;2000
Fureur;Romance, Drama;4.7;267;2000
Femmes en miroir;Drama;7.2;256;2000
Madame Satã;Biography, Crime, Romance, Drama, History;7.0;3288;2000
Une part du ciel;Drama;5.2;122;2000
Plaisirs inconnus;Comedy, Drama;6.8;2694;2000
Royal Bonbon;Comedy, Drama, Fantasy;6.8;64;2000
Un coup de tonnerre;Thriller, ScienceFiction, Adventure, Horror, Action;4.2;21210;2000
Terra incognita;Comedy, Drama;7.3;97;2000
Lady Chance;Romance, Drama;6.9;36390;2000
The Magdalene Sisters;Drama, History;7.7;29294;2000
Carnets de voyage;Adventure, Drama, Biography;7.7;106956;2000
L'ours rouge;Thriller, Drama, Crime, Action;7.2;2580;2000
Resident Evil: Apocalypse;ScienceFiction, Action, Horror, Sci-Fi;6.1;215902;2000
Stupeur et tremblements;Comedy, Drama;7.0;4922;2000
Ten Minutes Older: The Cello;Music, ScienceFiction, Musical, Romance, Drama;6.6;1907;2000
Tristan;Thriller;5.2;294;2000
Un monde presque paisible;Comedy, Romance, Drama;6.5;409;2000
Sexes très opposés;Comedy, Romance, Drama;5.6;158;2000
Between Two Women;Romance, Drama;6.3;811;2000
Seule la mort peut m'arrêter;Thriller, Mystery, Crime, Action, Drama;5.8;9228;2000
The Last Horror Movie;Thriller, Horror;5.5;4145;2000
Sindromul Timisoara;Drama, History;6.8;46;2000
Maria;Comedy, Drama;7.0;330;2000
Masked and Anonymous;Comedy, Drama, Music;5.3;5170;2000
All the Way;Comedy, Drama, Biography;5.8;1043;2000
Kingdom of Heaven;Adventure, Action, War, Drama, History;7.3;333591;2000
Bienvenue chez les Rozes;Comedy;6.1;1196;2000
Bollywood Queen;Romance, Musical, Drama, Music;4.7;528;2000
Cheeky;Comedy, Drama;5.8;233;2000
Dragon rouge;Drama;4.4;337;2000
L'enfant qui voulait être un ours;Adventure, Family, Animation;6.9;525;2000
Fallen Angels;Thriller, Horror;4.1;331;2000
La fleur du mal;Thriller, Drama;6.4;3751;2000
La vie est un miracle!;Comedy, Romance, Drama, Music;7.5;13664;2000
L'embaumeur;Romance, Drama;7.0;3119;2000
Les cinéastes;Comedy;5.4;291;2000
Une affaire de coeur;Comedy, Romance;5.9;25248;2000
Living in Hope;Comedy;4.9;77;2000
Octane;Thriller, Mystery, Horror;4.3;3332;2000
Nemesis Game;Thriller, Drama, Mystery;5.3;2428;2000
The Wicker Tree;Thriller, Drama, Mystery, Horror;3.8;3067;2010
Suspect Zero;Thriller, Mystery, Crime, Horror;5.8;21853;2000
Swimming Pool;Thriller, Drama, Crime, Mystery;6.7;50006;2000
Le temps du loup;Drama;6.4;11927;2000
Une souris verte;Thriller, Crime;4.3;1230;2000
American Cousins;Drama, Crime;6.1;720;2000
Arrivederci amore, ciao;Thriller, Drama, Crime;6.9;1412;2000
Le paradis sur terre;Comedy, Adventure, Drama;5.7;916;2000
Sylvia;Romance, Drama, Biography;6.3;11459;2000
Bright Young Things;Comedy, Drama, War;6.5;6585;2000
Star de père en fille;Musical, Romance, Family, Comedy, Drama;6.4;2197;2000
Memories;Thriller, ScienceFiction, Mystery, Drama, Sci-Fi;6.0;11597;2000
Lara Croft Tomb Raider: Le berceau de la vie;Fantasy, Adventure, Action, Thriller;5.5;148528;2000
A Thousand Months;Drama;6.1;266;2000
Le pacte du silence;Romance, Thriller, Drama, Mystery;5.7;1082;2000
Fuis, Bambi, fuis;Thriller, Drama;6.1;1440;2000
Stander;Drama, Action, Crime, Biography;7.0;9463;2000
Secrets d'état;Romance, Thriller, Drama;4.9;1608;2000
Attraction fatale;Romance, Thriller, Drama, Comedy;6.7;9025;2000
Io non ho paura;Thriller, Drama, Crime, Mystery;7.4;17257;2000
Escapade parisienne;Comedy, Drama;6.3;162;2000
À la petite semaine;Comedy, Drama;6.4;435;2000
Le Tour du monde en 80 jours;Comedy, Adventure, Action;5.9;97405;2000
En chantant derrière les paravents;Music, Drama, History;6.3;597;2000
Ella au pays enchanté;Comedy, Family, Fantasy;6.3;78091;2000
Kingdom;Fantasy, Adventure, Family;7.2;53;2000
Neil's Party;Comedy, Romance, Drama;4.8;367;2000
11'09''01: Onze minutes, neuf secondes, un cadre;Drama;6.8;6034;2000
Aide-toi, le ciel t'aidera;Comedy, Drama;4.9;87;2000
Bienvenue au gîte;Comedy, Romance, Drama;5.6;457;2000
Chouchou;Comedy;4.7;2498;2000
Demain on déménage;Comedy, Drama;5.9;552;2000
L'enfant du pays;Drama;5.1;86;2000
Folle embellie;Romance, Adventure, Drama;6.0;93;2000
Freak Out;Comedy, Action, Horror;5.1;636;2000
Les égarés;Romance, Drama, War;6.5;3471;2000
Marigold;Comedy, Romance, Music;4.8;2140;2000
Monsieur Ibrahim et les fleurs du Coran;Comedy, Drama;7.3;11808;2000
Le papillon;Comedy, Adventure, Drama, Family;7.1;3452;2000
La dernière cible;Romance, Thriller, Drama;4.3;342;2000
Mister V.;, Drama;5.9;53;2000
Les sentiments;Romance, Drama, Music;6.2;1128;2000
Un homme, un vrai;Comedy, Romance, Drama, Music;6.4;340;2000
Wilbur;Comedy, Romance, Drama;6.8;8169;2000
La bonne attitude;Comedy, Romance, Drama;5.6;186;2000
Boxed;Drama;7.0;55;2000
The Brown Bunny;Drama;4.9;17227;2000
Calcium kid;Comedy, Sport;5.5;4851;2000
Details;Drama;5.7;481;2000
Défense d'aimer;Drama;5.4;280;2000
Harry Potter et la Coupe de feu;Fantasy, Adventure, Family;7.7;717355;2000
Jack of Diamonds;Adventure, Action, Crime;4.6;50;2000
Clandestino;, Unknown;5.7;10;2000
À corps perdus;Romance, Drama;7.0;8765;2000
Robinson et compagnie;Adventure, Animation;6.1;52;1990
16 Years of Alcohol;Drama, Crime;6.2;1765;2000
La gorge du diable;Thriller, Drama, Mystery;5.0;25539;2000
The Intended;Thriller, Drama;5.7;400;2000
Si seulement...;Comedy, Romance, Drama, Fantasy;7.0;34498;2000
Happy End;Comedy, Romance, Drama;5.3;1660;2000
Opération Las Vegas;, Action;3.3;87;1990
Pinocchio le robot;Fantasy, ScienceFiction, Family, Animation;3.9;1586;2000
The Sea;Comedy, Drama;6.8;1776;2000
Troie;Adventure, Action, War, Drama, History;7.3;593401;2000
La maison de fous;Music, Romance, Drama, War;7.0;2932;2000
Intermission;Comedy, Drama, Crime;6.8;16980;2000
Blue Gate Crossing;Romance, Drama;7.4;4578;2000
Remake;Drama, War, History;7.7;1101;2000
Company;Music, Romance, Drama;6.2;6979;2000
La jeune fille à la perle;Romance, Drama, Biography;6.9;84203;2000
Lost in Translation;Comedy, Romance, Drama;7.7;510718;2000
La petite Lili;Romance, Drama;6.1;1824;2000
Depuis qu'Otar est parti...;Drama;7.5;2674;2000
Filles uniques;Comedy, Drama;6.2;525;2000
9 Dead Gay Guys;Comedy, Crime;6.2;1573;2000
Les Anges de l'apocalypse;Thriller, Action, Crime, Mystery;5.9;22239;2000
Ashes and Sand;Drama;4.2;114;2000
Darkhunters;Mystery, Horror;2.4;629;2000
Digital Reaper;Thriller, Drama, Crime;4.8;889;2000
La ballade de County Clare;Comedy, Romance, Music;6.5;1538;2000
Injection Fatale;Horror;3.9;1030;2000
El Leyton;Romance, Drama, Comedy;4.4;183;2000
Mauvais Esprit;Comedy;4.6;1074;2000
Christmas on the Nile;Comedy;4.2;1934;2000
Sur la route;Romance, Adventure, Drama;6.0;44096;2010
The Rocket Post;Drama;6.6;375;2000
Birth;Fantasy, Romance, Drama, Mystery;6.3;42980;2000
Blackball;Comedy, Drama, Sport;5.6;4563;2000
Calendar Girls;Comedy, Drama;6.9;28741;2000
Dans ma peau;Drama, Horror;6.2;5935;2000
Die Hard 4 : Retour en enfer;Thriller, Action;7.1;429004;2000
Emile;Drama;6.3;836;2000
Haute Tension;Thriller, Mystery, Horror;6.7;80548;2000
Nous étions libres;Romance, Drama, War;6.5;16107;2000
Les invasions barbares;Comedy, Drama, Crime;7.5;30573;2000
The King's Beard;Adventure, Family, Animation;6.2;140;2000
La passion de Bernadette;Drama, History, Biography;6.6;159;1990
Sumuru;ScienceFiction, Adventure, Action, Fantasy, Sci-Fi;3.6;860;2000
Deux Frères;Adventure, Drama, Family;7.0;16282;2000
Aram;Thriller, Drama, Crime, History;6.9;595;2000
Le Sang des Vikings;Thriller, Adventure, Action, Family, Fantasy, Drama;4.1;732;2000
Mais qui a tué Pamela Rose ?;Comedy;6.0;2889;2000
Errance;Drama;4.4;275;2000
L'Esquive;Comedy, Romance, Drama;6.9;3308;2000
France Boutique;Comedy;5.1;500;2000
Gladiatress;Comedy, Adventure, Drama, Action;4.2;1508;2000
Headrush;Comedy, Action, Crime;5.7;320;2000
Laisse tes mains sur mes hanches;Comedy, Romance;5.7;641;2000
Les lionceaux;Drama;4.5;35;2000
Lovely Rita;Comedy;3.9;201;2000
Pollux - Le manège enchanté;Comedy, Adventure, Family, Animation;5.2;3916;2000
Histoire de Marie et Julien;Fantasy, Romance, Drama, Mystery;6.8;1986;2000
Cadeau du ciel;Comedy, Drama, Crime;5.8;626;2000
L'Outremangeur;Drama, Crime;6.1;496;2000
7 ans de mariage;Comedy;5.9;1193;2000
Pas de repos pour les braves;Comedy, Romance, Drama;6.1;403;2000
Raja;Romance, Drama;6.3;437;2000
Mariées mais pas trop;Comedy;4.8;219;2000
Song for a Raggy Boy;Drama, History;7.5;5024;2000
Oublie tout ce que je t'ai dit;Comedy, Drama;6.8;275;2000
Grande École;Romance, Drama, Comedy;5.7;2471;2000
Janis et John;Comedy;6.1;929;2000
Crimes contre l'humanité;Thriller, Drama;6.2;5716;2000
Poupées d'argile;, Drama;7.1;77;2000
Embarquement immédiat;Comedy, Romance, Drama;5.5;204;2000
One Last Chance;Comedy, Drama;5.7;241;2000
Danny the Dog;Thriller, Action, Crime;7.0;110066;2000
Dear Wendy;Comedy, Romance, Drama, Crime;6.5;10592;2000
The Death of Klinghoffer;Music, Drama;6.6;152;2000
Manderlay;Drama;7.2;25853;2000
L'accordeur de tremblements de terre;Music, Animation, Family, Romance, Drama, Fantasy;6.2;1550;2000
La Beuze;Comedy, Crime;4.4;1546;2000
Bone Snatcher;ScienceFiction, Mystery, Horror, Sci-Fi;4.4;2938;2000
Ce jour-là;Comedy, Drama, Crime, Mystery;6.6;801;2000
Eros;Romance, Drama;5.9;7573;2000
Raisons d'état;Thriller, Drama, History;6.7;110778;2000
Je t'aime, je t'adore;Drama;5.4;24;2000
The Missing Half;Drama;6.6;71;2000
Rois et reine;Comedy, Romance, Drama;7.0;4082;2000
Toutes ces belles promesses;Romance, Drama;6.6;130;2000
Un long dimanche de fiançailles;Romance, Drama, War, Mystery;7.6;76948;2000
Fleur de peau;Comedy, Romance;6.4;3256;2000
Arthur et les Minimoys;Animation, Adventure, Family, Comedy, Fantasy;6.0;42721;2000
Code 46;Thriller, ScienceFiction, Romance, Drama, Sci-Fi;6.1;21439;2000
Les fils du vent;Adventure, Drama, Action;4.6;2589;2000
The Republic of Love;Comedy, Romance, Drama;6.0;569;2000
The Wonderland Experience;, Adventure, Drama;7.8;46;2000
Capitaine Sky et le monde de demain;Thriller, ScienceFiction, Mystery, Adventure, Action;6.1;88882;2000
Alexandre;Biography, Adventure, Action, War, Romance, Drama, History;5.6;180269;2000
Galindez;Thriller, Drama, Mystery;5.7;581;2000
Les gens honnêtes vivent en France;Comedy, Drama;4.0;52;2000
Au feu!;Comedy, Drama;7.3;2421;2000
Les gants magiques;Comedy, Drama;6.8;1132;2000
Ketchup;Thriller, Drama, Action, Crime;6.5;4591;2000
La Légende de Parva;Animation;5.8;66;2000
Les mains vides;Comedy, Drama;4.6;180;2000
Baby Blues;Comedy, Drama;6.2;442;2000
The Snow Queen's Revenge;Family, Animation;5.2;201;1990
The Snow Queen;Fantasy, Family, Animation;5.7;612;1990
Anatomie de l'enfer;Drama;4.4;6539;2000
Le Coût de la vie;Comedy;6.0;681;2000
Je reste !;Comedy, Romance;5.3;802;2000
Massaï - Les guerriers de la pluie;Adventure, Drama;6.4;240;2000
Nathalie X;Romance, Drama;6.3;5225;2000
Le rôle de sa vie;Comedy, Drama;6.3;574;2000
Le soleil assassiné;, Drama, Biography;6.5;167;2000
T'choupi;Family, Animation;6.5;94;2000
Viva Laldjérie;Drama;6.6;557;2000
Baboussia;Drama;7.4;668;2000
Le Cœur des hommes;Comedy, Romance, Drama;6.5;1944;2000
In My Country;Romance, Drama;6.0;3009;2000
Folles funérailles;Comedy, Drama;6.4;9496;2000
Le Roi Arthur;Adventure, Action, War, Drama, History;6.3;179648;2000
Regarde-moi (en face);Comedy, Romance, Unknown;5.3;34;2000
L'âme en jeu;Romance, Drama, History, Biography;6.7;1847;2000
Ripper 2: Letter from Within;Thriller, ScienceFiction, Horror, Sci-Fi;3.4;456;2000
Noi l'albinos;Comedy, Drama;7.3;9720;2000
Le silence de la forêt;Adventure, Drama;6.5;101;2000
Son frère;Romance, Drama;6.9;2018;2000
Super ripoux;Comedy, Action, Crime;5.8;1338;2000
De-Lovely;Music, Drama, Biography;6.6;12143;2000
La fenêtre d'en face;Romance, Drama;7.2;11989;2000
Gomez & Tavarès;Comedy, Action, Crime;4.6;952;2000
Moi, Peter Sellers;Comedy, Romance, Drama, Biography;6.9;15518;2000
London Voodoo;Thriller, Horror;3.9;448;2000
Mad Dogs;Thriller, ScienceFiction, Comedy, Drama, Sci-Fi;4.0;293;2000
Parasite;Adventure, Action, Horror;2.8;715;2000
Le Bison;Comedy;5.6;555;2000
Jour de colère;Thriller, Mystery, Adventure, Crime, Action, Drama;5.4;2080;2000
Léo, en jouant 'Dans la compagnie des hommes';Drama;6.2;208;2000
A Different Way;Drama;4.4;493;2000
L'été dans la vallée d'or;Drama;7.1;1227;2000
Cinq fois deux;Romance, Drama;6.6;10639;2000
Cette femme-là;Thriller, Drama, Mystery;6.1;633;2000
Dancing;Thriller, Drama, Mystery;5.5;171;2000
Devil's Harvest;Thriller, Drama, Horror;3.3;167;2000
La petite prairie aux bouleaux;Drama;6.5;263;2000
Podium;Comedy, Music;6.4;4524;2000
Process;Drama;5.5;159;2000
Père et fils;Comedy, Drama;6.6;773;2000
La science des rêves;Comedy, Drama, Fantasy;7.2;71549;2000
Les amateurs;Comedy;4.9;175;2000
Les Frères Grimm;Thriller, Adventure, Action, Comedy, Fantasy;5.9;128893;2000
The Storytellers;Drama;7.3;869;2000
25° en hiver;Comedy, Drama;6.7;391;2000
Agents secrets;Thriller, Action, Crime;5.4;4905;2000
Le pont du roi Saint-Louis;Romance, Drama, History;5.0;3772;2000
Buenos Aires 100 Km;Drama;6.5;363;2000
Cold Light of Day;Thriller, Biography, Crime, Horror, Drama;5.4;454;1990
Pas sur la bouche;Comedy, Musical, Romance;6.4;1725;2000
Pornography;Romance, Drama, War;6.2;1029;2000
RRRrrrr!!!;Comedy, Crime, Mystery;5.8;15631;2000
Le costume;Comedy, Drama;6.5;490;2000
Eau dormante;Music, Drama;7.5;1293;2000
Accords et à cris;Thriller;5.6;16;2000
Les guerriers de la beauté;Fantasy;6.5;22;2000
Hellbreeder;Mystery, Horror;2.1;602;2000
La Vie rêvée de Walter Mitty;Comedy, Adventure, Drama, Fantasy;7.3;355492;2010
Stella Street;Comedy;5.8;507;2000
Esprit libre;Comedy, Romance;6.1;41751;2000
La plus belle victoire;Comedy, Romance, Sport;6.3;68145;2000
Marseille;Drama;6.4;730;2000
Notre musique;Drama, History;6.8;3220;2000
Vaillant, pigeon de combat !;Animation, Adventure, Family, War, Comedy;5.5;25163;2000
Coup de foudre à Bollywood;Comedy, Musical, Romance, Drama;6.2;22176;2000
Falling into paradise;Comedy, War;6.1;957;2000
Les corps impatients;Drama;6.0;647;2000
Le fleuve;Drama;5.9;18;2000
Le grand voyage;Romance, Drama;7.2;2613;2000
Inglourious Basterds;Thriller, Adventure, Drama, War;8.4;1682180;2000
Malabar Princess;Drama;6.1;700;2000
Le p'tit curieux;Comedy, Unknown, Family;5.0;48;2000
Le retour de James Bataille;Comedy, Adventure, Horror;5.3;1521;2000
S Club Seeing Double;Music, ScienceFiction, Musical, Family, Comedy, Drama;4.1;1165;2000
Ne le dis à personne;Thriller, Drama, Crime, Mystery;7.5;59633;2000
Tiresia;Drama;6.2;1250;2000
Une vie à t'attendre;Romance, Drama;5.3;484;2000
Les pierres;Drama;6.8;252;2000
Sansa;Romance, Thriller, Drama;7.3;354;2000
Freeze Frame;Thriller, Drama, Crime, Mystery;6.3;2978;2000
Travail d'arabe;Comedy, Drama;7.0;147;2000
Zatoichi;Adventure, Crime, Action, Comedy, Drama;7.4;52499;2000
La triade du papillon;Drama, War, History;6.1;1368;2000
À cinq heures de l'après-midi;Drama;6.8;1611;2000
Las Vegas Boy;Music, Drama, Biography;6.7;15838;2000
Confidences trop intimes;Romance, Thriller, Drama;6.9;5359;2000
Le Monde de Narnia : Le Lion, la Sorcière blanche et l'Armoire magique;Fantasy, Adventure, Family;6.9;443933;2000
Mon père est ingénieur;Drama;5.9;233;2000
Le trésor de Blackmore;Adventure, Action, Family, Animation;6.5;250;2000
Un film parlé;Comedy, Drama, History;6.5;2198;2000
Vénus & Fleur;Comedy, Drama;6.1;537;2000
Le dernier Mitterrand;Drama, History, Biography;7.0;1083;2000
Le ravisseur;Thriller, Drama, Crime;4.7;1848;2000
Jeux d'enfants;Comedy, Romance, Drama;7.5;73475;2000
Le monde vivant;Fantasy, Drama;7.0;537;2000
Babylon A.D.;Thriller, ScienceFiction, Adventure, Action, Sci-Fi;5.5;99688;2000
Falling Angels;Comedy, Drama;6.7;1141;2000
Feux rouges;Thriller, Drama, Crime, Mystery;6.6;3139;2000
Les jours où je n'existe pas;Fantasy, Drama;6.9;254;2000
Kiss of Life;Drama;5.6;300;2000
Monster Man;Comedy, Adventure, Horror;5.6;5399;2000
La prophétie des grenouilles;Adventure, Family, Animation;6.6;1074;2000
Baron Rouge;Biography, Adventure, Action, War, Drama, History;6.3;13428;2000
Shaun of the Dead;Comedy, Horror;7.9;618992;2000
A Way of Life;Drama;6.7;687;2000
Le fils d'Elias;Comedy, Drama;6.9;3134;2000
Cinq enfants et moi;Fantasy, Adventure, Family;5.5;5622;2000
Gémeaux;Drama;5.7;1679;2000
La terre qui pleure;Romance, Drama, History;7.8;5545;2000
Mirrormask;Fantasy, Drama;6.7;24000;2000
Penetration Angst;Comedy, Horror;4.2;730;2000
L'affaire des cinq lunes;Thriller, Drama, Mystery;6.0;846;2000
Sanatorium;Fantasy, Drama, Mystery, Horror;5.0;5081;2000
Être sans destin;Romance, Drama, War;7.0;7309;2000
Le prix du désir;Romance, Drama, Mystery;6.2;986;2000
Modigliani;Drama, Biography;7.2;12825;2000
Utopía;Fantasy, Thriller, Drama, Sci-Fi;5.2;503;2000
Va et vient;Comedy, Drama;6.8;776;2000
Charlie et la Chocolaterie;Comedy, Adventure, Family, Fantasy;6.7;551163;2000
Sexy Dancing;Romance;5.4;76;2000
Hannibal Lecter : Les Origines du mal;Thriller, Adventure, Crime, Horror, Drama;6.1;119133;2000
Mes enfants ne sont pas comme les autres;Drama;5.7;120;2000
Niki et Flo;Drama;7.4;880;2000
School for Seduction;Comedy, Romance, Drama;5.1;1203;2000
Sex Lives of the Potato Men;Comedy;4.6;2625;2000
The Virgin of Liverpool;Comedy, Adventure, Family;5.4;131;2000
Albert est méchant;Comedy;4.4;440;2000
Les mariées;Romance, Drama, History;7.6;5165;2000
Stage Beauty;Comedy, Romance, Drama;7.1;10937;2000
Interstella 5555;Music, Adventure, ScienceFiction, Animation;7.8;16999;2000
La vraie vie des Dalton;Comedy, Western;3.3;3815;2000
The Fever;Drama, TVMovie;5.6;1397;2000
Le livre de Jérémie;Drama;6.2;7388;2000
I'm Not There;Music, Drama, Biography;6.8;62695;2000
The Lazarus Child;Drama, Horror;4.8;1073;2000
Ong-bak;Thriller, Action, Crime, Adventure;7.1;79904;2000
Separate Lies;Romance, Thriller, Drama, Crime;6.4;5035;2000
Bal-Can-Can;Adventure, Crime, Action, War, Comedy, Drama;7.6;2818;2000
Mar adentro;Drama, Biography;8.0;86973;2000
Alien vs. Predator;Adventure, ScienceFiction, Action, Horror;5.7;223598;2000
Elle est des nôtres;Drama;6.4;242;2000
Pour le plaisir;Comedy;5.0;161;2000
Le Furet;Comedy, Drama, Crime;4.8;192;2000
Astérix et les Vikings;Comedy, Adventure, Family, Animation;6.0;13153;2000
La Malédiction des profondeurs;Horror;3.8;2092;2000
H2G2 : Le Guide du voyageur galactique;Comedy, Adventure, ScienceFiction, Sci-Fi;6.7;212782;2000
Piccadilly Jim;Comedy, Romance;5.8;1261;2000
The Purifiers;Adventure, ScienceFiction, Action;3.3;784;2000
Qui perd gagne !;Comedy, Mystery;5.6;408;2000
Reckoning Day;Thriller, Action;3.3;142;2000
Batman Begins;Drama, Action, Crime;8.2;1646214;2000
Les Choristes;Music, Drama;7.8;69533;2000
Arsène Lupin;Mystery, Adventure, Crime, Action, Romance;5.4;7611;2000
Harry Potter et l'Ordre du Phénix;Mystery, Adventure, Action, Family, Fantasy;7.5;666323;2000
L'interprète;Thriller, Crime, Mystery;6.4;112505;2000
Nomad;Action, Drama, War, History;5.8;4042;2000
L'enfer des loups;Action, Drama, Horror;5.2;3762;2000
Le fil de la vie;Fantasy, Adventure, Drama, Animation;6.9;4446;2000
Tesseract;Thriller, Drama, Action, Crime;5.2;1359;2000
Triple agent;Thriller, Drama;6.4;1701;2000
Che - 2ème partie - Guerilla;Drama, War, History, Biography;6.8;35795;2000
Le chien, le général et les oiseaux;Animation;6.3;178;2000
Comme une image;Comedy, Drama, Music;6.8;5560;2000
Double Zéro;Comedy, Adventure, Action;4.1;2410;2000
Incident au Loch Ness;Comedy, Adventure, Fantasy, Horror;6.4;4592;2000
L'Incruste, fallait pas le laisser entrer!;Comedy;5.1;351;2000
Malice in Wonderland;Fantasy, Adventure, Drama;5.8;3453;2000
L'odeur du sang;Thriller, Drama;5.5;439;2000
San Antonio;Comedy, Action;3.5;820;2000
Sergeant Pepper;Family;5.1;166;2000
The Red Sword;Romance, Adventure, Drama, Action;6.8;55072;2000
La voix des morts;Thriller, Drama, Mystery, Horror;5.5;51704;2000
L'école;Drama, Mystery;6.8;6712;2000
AfterLife;Drama;6.5;197;2000
Animal;Drama, Crime, Mystery;5.6;352;2000
Chemins de traverse;Drama;5.3;155;2000
Enduring Love;Romance, Thriller, Drama, Mystery;6.3;11187;2000
Layer Cake;Thriller, Drama, Crime;7.2;202420;2000
Rhum Express;Comedy, Drama;6.1;109240;2010
Tellement proches!;Comedy, Romance, Drama;6.8;1817;2000
Coup de foudre en Toscane;Comedy, Romance, Drama;6.6;4898;2000
South of the Clouds;Comedy, Drama;7.2;80;2000
Closer, entre adultes consentants;Romance, Drama;7.2;244380;2000
Appelez-moi Kubrick;Comedy, Drama;6.1;7044;2000
The Name of a River;Drama;7.5;122;2000
Frozen;Thriller;5.6;635;2000
Les petites gens;Comedy;6.9;84;2000
Organisation;Comedy, Drama;6.9;615;2000
Otherworld;Fantasy, Adventure, Animation;5.8;176;2000
Mais où est passé Elvis?;Comedy, Family;5.1;3063;2000
Il était une fois Jean-Sébastien Bach;Drama;5.2;103;2000
Je suis un assassin;Thriller;5.6;352;2000
Les dames de Cornouailles;Music, Romance, Drama;7.0;13294;2000
Madame Edouard;Comedy, Crime;5.0;225;2000
One for the Road;Comedy;5.2;319;2000
Survie: les naufragés;Romance, Thriller, Drama, Mystery;4.9;10907;2000
Capital Punishment;Thriller, Crime;6.0;89;2000
Le cerf-volant;Romance, Drama;6.4;797;2000
Cowboys & Angels;Comedy, Drama, Crime;6.8;2643;2000
Dear Frankie;Romance, Drama, Family;7.7;22800;2000
Deux anges;Drama;6.2;205;2000
Don't Come Knocking;Music, Drama, Western;6.6;8097;2000
Gnomeo et Juliette;Comedy, Adventure, Family, Animation;5.9;61895;2010
L'Évangile de Jean;Drama, History, Biography;7.7;4447;2000
Mon ami Machuca;Drama, History, Biography;7.7;12940;2000
Les Revenants;Fantasy, Drama;5.8;3033;2000
Run Away Home;Romance, Drama;6.1;420;2000
Tout le plaisir est pour moi;Comedy, Romance, Drama;5.3;565;2000
Voyageurs et magiciens;Adventure, Drama;7.4;2379;2000
The First Letter;Romance, , Drama;7.0;137;2000
Blinded;Thriller, Drama;5.0;175;2000
Dead Fish;Thriller, Adventure, Crime, Action, Comedy;5.2;3550;2000
La séductrice;Comedy, Romance, Drama;6.4;14515;2000
Method;Romance, Thriller;4.4;1097;2000
The Tulse Luper Suitcases, Part 3: From Sark to the Finish;Thriller, Biography, Adventure, War, Romance, Drama;6.8;499;2000
Vodka Lemon;Comedy, Romance, Drama;6.7;2197;2000
Le marchand de Venise;Romance, Drama;7.0;39188;2000
Oyster Farmer;Comedy, Romance, Drama, Crime;6.5;1319;2000
Red Rose;Drama;4.5;131;2000
Savage Grace;Drama;5.7;12366;2000
The Woods;Thriller, Mystery, Horror;5.6;13080;2000
Charleston & Vendetta;Comedy, Drama, Fantasy;6.8;2561;2000
L'Enquête corse;Comedy, Action, Crime;5.8;4533;2000
Just a Kiss;Romance, Drama;7.1;7498;2000
Goal! - Naissance d'un prodige;Romance, Drama, Sport;6.7;67397;2000
Lovely Bones;Fantasy, Thriller, Drama;6.6;185911;2000
Le 7ème jour;Drama, Crime, Horror;6.7;1531;2000
The Ticking Man;, Thriller, Crime;5.3;102;2000
Le clan des hommes;Romance, Drama;6.3;1846;2000
Vipère au poing;Drama;6.4;1115;2000
L'américain;Comedy;2.9;322;2000
Gardien de buffles;Drama;6.9;632;2000
Casablanca Driver;Comedy, Sport;5.7;568;2000
La confiance règne;Comedy;4.8;435;2000
Ils se marièrent et eurent beaucoup d'enfants;Comedy, Romance, Drama, Music;6.4;5564;2000
La jeunesse est un risque à courir;Drama;6.2;404;2000
Le dernier signe;Thriller, Mystery, Romance, Fantasy, Drama;3.4;1855;2000
Ma mère;Romance, Drama;5.0;7938;2000
Narco;Comedy;6.2;2915;2000
Ordo;Drama;5.4;207;2000
Jet Set 2;Comedy;3.1;680;2000
Tropical Malady;Fantasy, Romance, Drama;7.1;6564;2000
Vers le sud;Romance, Drama;6.3;2919;2000
Yes;Romance, Drama;6.4;3279;2000
Creep;Thriller, Mystery, Horror;5.6;33031;2000
Fat Slags;Comedy;1.9;4028;2000
Une offrande musicale;Drama, Biography;6.0;367;2000
My Summer of Love;Romance, Drama;6.7;22329;2000
Eyes of Crystal;Thriller, Crime, Mystery;6.3;1163;2000
The Penalty King;Comedy, Drama, Horror;5.4;129;2000
Things to Do Before You're 30;Comedy, Romance, Drama;5.6;988;2000
Adieu;Comedy, Drama;6.6;114;2000
Gilles' Wife;Drama;6.7;908;2000
Ne fais pas ça!;Drama;4.9;57;2000
Mensonges et trahisons;Comedy, Romance;6.6;1792;2000
Dissonances;Drama, Crime;6.5;146;2000
Evil Aliens;Comedy, ScienceFiction, Horror, Sci-Fi;5.2;6192;2000
Mouth to mouth - Rebelle adolescence;Drama;6.2;4476;2000
Vera Drake;Drama, Crime;7.6;27852;2000
Zaman, l'homme des roseaux;Drama;6.6;111;2000
Cause toujours!;Comedy;6.2;172;2000
Les clefs de bagnole;Comedy;5.3;1580;2000
Holy Lola;Drama;6.5;777;2000
Silent Hill;Mystery, Horror;6.5;252667;2000
Hooligans;Drama, Crime, Sport;7.4;166599;2000
In My Father's Den;Thriller, Drama, Mystery;7.4;7989;2000
Man Dancin';Drama;5.7;230;2000
13 French Street;Drama, Crime;5.7;107;2000
Au secours, j'ai 30 ans!;Comedy, Drama;4.4;262;2000
Billy et Colette;Drama;6.4;622;2000
Bullet Boy;Drama, Action, Crime;6.5;2838;2000
The Football Factory;Drama, Crime, Sport;6.7;33774;2000
Jeunes, beaux... mais détraqués;Comedy, Romance;4.8;373;2000
À la croisée des mondes : La Boussole d'or;Fantasy, Adventure, Family;6.1;200537;2000
Le parfum de la dame en noir;Comedy, Crime;5.6;663;2000
Retrograde;ScienceFiction, Action, Sci-Fi;3.2;1814;2000
Haven - L'enfer au paradis;Drama, Crime;5.7;7002;2000
Battle of the Brave;Romance, Drama, War, History;5.3;1407;2000
Say It in Russian;Romance, Thriller, Drama;6.3;181;2000
Les Onze Commandements;Comedy;4.6;2683;2000
Renaissance;ScienceFiction, Action, Sci-Fi, Animation;6.6;16610;2000
Le roi du fleuve;Thriller, Drama, Mystery;5.7;4125;2000
Bienvenue en Suisse;Comedy;5.1;444;2000
Bataille dans le ciel;Drama, Crime;5.5;6782;2000
Cold and Dark;Thriller, Action, Crime, Horror;3.9;1031;2000
The Constant Gardener;Romance, Thriller, Drama, Mystery;7.3;152540;2000
Niceland (Population. 1.000.002);Drama;6.3;386;2000
One Love!;Music, Romance, Drama;6.1;527;2000
El año del diluvio;, Drama;5.7;132;2000
Benares;Unknown, Drama;6.9;24;2000
Le dahlia noir;Thriller, Drama, Crime, Mystery;5.6;78518;2000
Brodeuse;Romance, Drama;6.9;1603;2000
Caché;Thriller, Drama, Mystery;7.3;87964;2000
Le cou de la girafe;Drama;6.7;363;2000
En attendant le déluge;Drama;5.1;125;2000
Frankie Wilde;Comedy, Drama, Music, Biography;7.2;20998;2000
Mickybo and Me;Comedy, Drama;7.2;2525;2000
Mariages!;Comedy, Drama;5.6;1224;2000
Que le diable m'emporte!;Comedy, Romance;4.6;1254;2000
Mon trésor;Romance, Drama;7.0;1649;2000
La première fois que j'ai eu 20 ans;Comedy;6.3;347;2000
Red Dust;Drama;6.7;2580;2000
River Queen;Adventure, Drama, Action, War;5.9;2786;2000
Le transporteur II;Thriller, Action, Crime;6.3;221276;2000
Va, vis et deviens;Drama;7.8;6434;2000
À vot' bon coeur;Comedy;6.2;61;2000
L'équipier;Romance, Drama;7.0;1668;2000
Clean;Music, Romance, Drama;6.8;5013;2000
Nos amis les flics;Comedy, Action, Crime;5.1;432;2000
Poids léger;, Drama;6.0;86;2000
Black Book;Thriller, Drama, War;7.7;82239;2000
Critical Assignment;Drama, Action;5.1;179;2000
Gumball 3000: The Movie;Adventure, Documentary;6.3;487;2000
Mon frère est un chien!;Fantasy, Comedy, Family;5.4;91;2000
Blessed;Thriller, Drama, Mystery, Horror;4.2;2419;2000
36 Quai des Orfèvres;Thriller, Drama, Action, Crime;7.1;18866;2000
Paul s'en va;Comedy, Drama;5.3;48;2000
Le temps des porte-plumes;Drama;6.1;241;2000
La vallée des fleurs;Fantasy, Adventure, Romance, Drama;6.9;1949;2000
Hôtel Rwanda;Drama, War, History, Biography;8.1;383783;2000
Bab'Aziz: Le Prince Qui Contemplait Son Âme;Drama;7.5;3902;2000
Bye Bye Blackbird;Comedy, Drama;5.6;268;2000
L'ex-femme de ma vie;Comedy, Drama;5.0;378;2000
Le courage d'aimer;Comedy, Drama;5.6;287;2000
Le piège;Thriller, Drama, Mystery, Horror;5.3;11087;2000
Pédale dure;Comedy;2.4;411;2000
Le monde fabuleux de Gaya;Fantasy, ScienceFiction, Animation;5.2;1910;2000
Le vilain petit canard et moi;Comedy, Adventure, Family, Animation;5.4;2850;2000
Le Parfum, histoire d'un meurtrier;Fantasy, Drama, Crime;7.5;272967;2000
Pusher II - Du sang sur les mains;Thriller, Drama, Action, Crime;7.3;26966;2000
Death Row;Thriller, Drama;6.3;2605;2000
Victoire;Comedy, Thriller, Unknown;4.8;44;2000
Le Secret de Moonacre;ScienceFiction, Adventure, Romance, Family, Fantasy, Drama;6.0;11503;2000
Nanny McPhee;Comedy, Family, Fantasy;6.6;88704;2000
Le goût du sang;Fantasy, Romance, Drama, Horror;5.3;18581;2000
Deadlines - La vérité est dangereuse;Thriller, Drama, Action;6.8;84;2000
Man to Man;Drama;6.5;2167;2000
Mémoires d'une geisha;Romance, Drama, History;7.3;167109;2000
Travaux, on sait quand ça commence...;Comedy;5.2;804;2000
Dérapage;Thriller, Drama, Crime;6.6;77850;2000
Opération Matchbox;Adventure, Crime, Action, War, Drama, History;4.5;2678;2000
Nordeste;Drama;6.6;428;2000
Assaut sur le central 13;Thriller, Adventure, Crime, Action, Drama;6.3;83231;2000
DOA: Dead or Alive;Thriller, Adventure, Action, Mystery;4.8;47152;2000
Daniel and the Superdogs;Adventure, Drama, Family;4.7;219;2000
Je préfère qu'on reste amis;Comedy, Romance, Drama;6.0;1267;2000
Lord of War;Thriller, Drama, Crime;7.6;349033;2000
Never Play with the Dead;Mystery, Horror;2.9;285;2000
Les poils du pinceau;Comedy, Drama;6.9;761;2000
L'emprise;Romance, Drama;6.1;1843;2000
Je t'aime, un peu, beaucoup...;Comedy, Romance, Drama;4.0;174;2000
Exils;Music, Adventure, Drama;6.7;3237;2000
Le petit mathématicien;Drama, Family;6.4;668;2000
Les 3 rois mages;Fantasy, Family, Animation;5.4;498;2000
Clara et moi;Music, Romance, Drama;6.5;794;2000
Tu vas rire, mais je te quitte;Comedy;5.0;223;2000
The Witches Hammer;ScienceFiction, Action, Horror;3.1;378;2000
C.R.A.Z.Y.;Comedy, Drama;7.8;34694;2000
Le scaphandre et le papillon;Drama, History, Biography;8.0;111742;2000
Une grande année;Comedy, Romance, Drama;6.9;104456;2000
Paris je t'aime;Comedy, Romance, Drama;7.2;75550;2000
Conejo en la luna;Thriller, Crime;6.3;576;2000
La septième porte;Romance;4.7;21;2000
Bab el web;Comedy, Family;4.8;131;2000
Beowulf : La Légende Viking;Fantasy, Adventure, Drama, Action;5.8;18921;2000
Le carton;Comedy;5.6;603;2000
Chok-Dee;Thriller, Drama, Action;6.0;742;2000
Le Dernier Jour;Romance, Drama;6.0;1174;2000
L'empire des loups;Drama, Action, Crime;5.8;12362;2000
Mr. Average;Comedy, Romance;5.4;271;2000
Piccolo, Saxo & Cie;Family, Animation;5.0;137;2000
Tout pour l'oseille;Comedy;4.9;58;2000
La caméra de bois;Drama, Family;7.0;536;2000
Agata and the Storm;Comedy, Romance;6.5;1262;2000
The Garden of Earthly Delights;Romance, Drama;6.5;365;2000
Snuff-Movie;Thriller, Horror;3.8;772;2000
À ce soir;Drama;5.0;206;2000
La fraternité;ScienceFiction, Horror, Action, Fantasy, Drama;5.3;5827;2000
La femme est l'avenir de l'homme;Romance, Drama;6.4;1986;2000
Les mauvais joueurs;Thriller, Drama, Crime;5.4;200;2000
Irish Jam;Comedy;5.2;1393;2000
La Vie des autres;Thriller, Drama, Mystery;8.4;427654;2000
Southland Tales;Thriller, ScienceFiction, Mystery, Comedy, Drama;5.3;41584;2000
Aaltra;Comedy, Drama;6.9;3004;2000
La demoiselle d'honneur;Romance, Thriller, Drama;6.7;2909;2000
Shem;Drama;4.7;160;2000
Shut Up and Shoot Me;Comedy;6.1;468;2000
Les aventures extraordinaires de Michel Strogoff;Animation;6.3;55;2000
Le rivage des murmures;Drama;6.4;338;2000
Well Tempered Corpses;Comedy, Drama;7.0;558;2000
Los muertos;Drama;6.7;1242;2000
Les textiles;Comedy, Drama;4.7;713;2000
Amours & trahisons;Comedy, Romance, Drama;5.3;4549;2000
À tout de suite;Romance, Thriller, Drama, Crime;6.4;1099;2000
Le pacte;Drama, War;6.4;1314;2000
Automne;Drama, Crime;6.0;148;2000
Calvaire;Thriller, Drama, Horror;6.1;14564;2000
The Mistress of Spices;Romance, Drama, Fantasy;5.5;5719;2000
Le souffleur;Comedy, Romance;5.2;73;2000
Sweeney Todd : Le Diabolique Barbier de Fleet Street;Musical, Drama, Horror;7.3;397695;2000
The Tulse Luper Suitcases, Part 2: Vaux to the Sea;Thriller, Biography, Adventure, Romance, War, Comedy, Drama, History;6.9;691;2000
Too Loud a Solitude;Comedy, Drama;5.7;62;1990
Munich;Action, Thriller, Drama, History;7.5;247168;2000
Le 4ème morceau de la femme coupée en trois;Drama;5.9;63;2000
Guy X;Comedy, War;5.0;2108;2000
J'me sens pas belle;Comedy, Romance;6.5;604;2000
Les poupées russes;Comedy, Romance, Drama;7.0;21644;2000
Doo Wop;Romance, Drama, Action;6.0;50;2000
Espace détente;Comedy;4.6;629;2000
The Mighty Celt;Drama;6.6;991;2000
Une belle journée;Comedy, Romance, Drama;6.9;3467;2000
Oublier Cheyenne;Romance, Drama;6.4;379;2000
Le pont des Arts;Music, Drama;6.9;992;2000
Quand la mer monte...;Comedy, Romance, Drama;6.7;741;2000
Les soeurs fâchées;Comedy, Drama;6.4;1920;2000
Taxidermie;Comedy, Drama, Horror;6.8;19145;2000
Tideland;Thriller, ScienceFiction, Horror, Fantasy, Drama;6.3;35380;2000
Les enfants invisibles;Drama;7.4;4382;2000
L'annulaire;Drama;6.1;1305;2000
Anthony Zimmer;Romance, Thriller, Drama, Crime;6.5;8726;2000
Breakfast on Pluto;Comedy, Drama;7.2;25443;2000
The Dark;Thriller, Mystery, Horror, Fantasy, Drama;5.3;11681;2000
De battre mon cœur s'est arrêté;Music, Drama, Crime;7.2;21095;2000
L'Ennemi public n° 1;Thriller, Biography, Crime, Action, Drama;7.4;31843;2000
Inguélézi;Drama;6.7;93;2000
9 Songs;Music, Romance, Drama;4.8;24742;2000
Broken Flowers;Comedy, Romance, Drama, Mystery;7.1;108722;2000
Tout pour plaire;Comedy;6.0;1034;2000
L'antidote;Comedy;5.3;1064;2000
Brice de Nice;Comedy;5.1;8016;2000
Retour à Brideshead;Romance, Drama;6.6;13953;2000
CQ2 - Tout près du sol;Drama;6.3;183;2000
Half Light;Thriller, Drama, Mystery, Horror;6.0;14950;2000
Madame Henderson présente;Comedy, Drama, Music;7.0;16819;2000
Orlando Vargas;Drama;5.3;51;2000
Quartier V.I.P.;Comedy;3.8;84;2000
La terre abandonnée;Romance, Drama;6.1;485;2000
Amor en concreto;Romance, Drama;5.8;115;2000
Elizabeth - L'âge d'or;Romance, Drama, History, Biography;6.8;76861;2000
In the Name of Buddha;Unknown, Drama, War;7.5;36;2000
Orgueil et préjugés;Romance, Drama;7.8;353718;2000
Banlieue 13;Thriller, ScienceFiction, Crime, Action, Sci-Fi;7.1;75679;2000
La Boîte noire;Thriller, Mystery;5.7;1974;2000
Fated;Fantasy, Romance;6.1;752;2000
L'Homme de Londres;Drama, Crime, Mystery;7.0;4663;2000
Marock;Comedy, Romance, Drama;6.1;788;2000
Minotaur;Fantasy, Adventure, Action, Horror;3.7;5429;2000
Tempesta;, Thriller, Drama;4.6;312;2000
Boy Eats Girl;Comedy, Fantasy, Horror;4.9;4070;2000
Lemming;Thriller, Drama, Mystery;6.7;5415;2000
Dans les champs de bataille;Drama, War;6.2;238;2000
Ne quittez pas!;Comedy, Fantasy;6.4;108;2000
Semen, a Love Sample;Comedy, Romance;5.5;594;2000
Match Point;Romance, Thriller, Drama, Crime;7.6;233716;2000
Akoibon;Comedy, Adventure, Romance;4.6;336;2000
Bandidas;Comedy, Action, Crime, Western;5.7;38196;2000
Jane;Romance, Drama, Biography;7.0;66792;2000
Moolaadé;Drama;7.6;4278;2000
Les mots bleus;Romance, Drama;6.5;247;2000
Le temps qui reste;Drama;7.1;9398;2000
Unbeatable Harold;Comedy, Romance;5.0;200;2000
L'avion;Fantasy, Drama, Comedy, Mystery;5.7;432;2000
Factotum;Comedy, Romance, Drama;6.6;15308;2000
Forest of the Damned;Horror;2.9;1232;2000
Harry Potter et le Prince de sang-mêlé;Fantasy, Adventure, Action, Family;7.6;627939;2000
Rory O'Shea Was Here;Comedy, Drama;7.7;16387;2000
Klimt;Romance, Drama, Biography;5.1;3361;2000
Une fois que tu es né...;Romance, Adventure, Drama;6.7;1021;2000
Romanzo criminale;Drama, Crime;7.2;9937;2000
Tickets;Comedy, Drama;6.9;2913;2000
Jacquou le croquant;Adventure, Drama;6.4;1919;2000
Jarhead: La Fin de l'innocence;Drama, War, Biography;7.0;215638;2000
Le Territoire des morts;Thriller, ScienceFiction, Horror, Sci-Fi;6.2;103096;2000
La Maison de Nina;Drama, War, History;5.9;246;2000
Making Waves;Comedy, Romance;5.9;142;2000
Après l'océan;Drama;6.4;87;2000
Wah-Wah;Comedy, Drama;6.7;3389;2000
Trois enterrements;Western, Mystery, Adventure, Crime, Drama;7.3;42584;2000
Chromophobia;Thriller, Drama;6.1;2222;2000
Dans tes rêves;Comedy, Drama;4.3;159;2000
Doom;ScienceFiction, Action, Horror, Sci-Fi;5.2;121519;2000
Garçon stupide;Comedy, Romance, Drama;6.1;1309;2000
Fantômes;Drama;6.8;1666;2000
Okhotnik;, Drama;6.1;118;2000
La Légende de Despereaux;Comedy, Adventure, Family, Animation;6.1;40788;2000
Yasmin;Drama;6.9;799;2000
El aura;Thriller, Drama, Crime;7.1;15169;2000
Combien tu m'aimes?;Comedy, Romance, Drama;5.6;7993;2000
Terre et cendres;Drama;7.2;602;2000
Sauf le respect que je vous dois;Drama;6.2;421;2000
Shooting Dogs;Drama, War, History;7.6;12178;2000
Domino;Action, Crime, Biography;5.9;70521;2000
Mrs Palfrey at the Claremont;Comedy, Drama;7.6;4453;2000
20 centimètres;Comedy, Musical, Drama;6.6;1980;2000
Les Chevaliers du ciel;Adventure, Drama, Action;5.7;4848;2000
Imagine Me & You;Comedy, Romance, Drama;6.8;37764;2000
Le couperet;Comedy, Thriller, Drama, Crime;7.3;8660;2000
Douches froides;Drama;6.0;2497;2000
Fragile;Thriller, Mystery, Horror;6.0;18041;2000
Working Slowly (Radio Alice);Comedy, Drama, History;6.7;662;2000
Marie Antoinette;Drama, History, Biography;6.5;127330;2000
The World;Drama;7.1;3665;2000
Chiens égarés;Drama;7.1;728;2000
La fiancée syrienne;Comedy, Drama;7.4;3523;2000
Tasuma;Drama;7.2;70;2000
Tournage dans un jardin anglais;Comedy;6.7;13458;2000
Le domaine perdu;Fantasy, Drama;6.4;120;2000
L'un reste, l'autre part;Comedy, Drama;5.6;670;2000
Un vrai bonheur, le film;Comedy;4.4;65;2000
Une romance italienne;Romance, Drama;5.7;376;2000
Au suivant !;Comedy, Romance, Drama;4.5;269;2000
Boudu;Comedy;5.2;1315;2000
Souris City;Animation, Adventure, Action, Family, Comedy;6.6;144499;2000
Joyeux Noël;Music, War, Romance, Drama, History;7.6;33142;2000
Les tortues volent aussi;Drama, War;8.0;21579;2000
Lila dit ça;Romance, Drama, Crime;6.8;5134;2000
La nuit de la vérité;Romance, Drama;7.3;343;2000
Palais royal !;Comedy;5.6;2243;2000
Terre promise;Thriller, Drama;5.5;631;2000
Touristes? Oh yes!;Comedy;5.1;35;2000
Hot Fuzz;Comedy, Action, Crime, Mystery;7.8;551826;2000
The Fine Art of Love: Mine Ha-Ha;Drama, Mystery;5.4;655;2000
Like Minds;Thriller, Mystery, Crime, Horror;6.3;5954;2000
Slevin;Thriller, Drama, Crime, Mystery;7.7;332688;2000
Niagara Motel;Drama;5.7;652;2000
Cours toujours Dennis;Comedy, Romance, Sport;6.5;70547;2000
Visions of Europe;Comedy, Drama, Documentary;5.8;987;2000
Les filles du botaniste chinois;Romance, Drama;6.6;2549;2000
Stranger;Drama;5.9;257;2000
La cloche a sonné;Comedy;4.7;179;2000
Prendre femme;Romance, Drama;7.1;669;2000
Johnny Was;Drama, Action, Crime;5.5;1785;2000
Stoned;Music, Drama, Biography;5.7;4228;2000
Aux abois;Drama, Crime;4.8;98;2000
Confetti;Comedy, Romance, Music;5.7;5421;2000
Hairspray;Comedy, Musical, Romance, Drama;6.7;142545;2000
Les petits fils;Comedy, Drama;6.1;176;2000
Esprit d'équipe;Comedy, Romance, Drama;5.0;1071;2000
Thank You for Smoking;Comedy, Drama;7.5;232563;2000
C'est pas moi...;Comedy;5.6;257;2000
Camping à la ferme;Comedy;5.6;360;2000
C'est pas tout à fait la vie dont j'avais rêvé;, Drama;5.4;71;2000
Crustacés & coquillages;Comedy, Musical, Romance;6.6;2132;2000
Le démon de midi;Comedy;4.8;144;2000
Emmenez-moi;Comedy, Drama;6.3;87;2000
The Feast of the Goat;Drama, History;6.4;908;2000
Il était une fois dans l'oued;Comedy;5.0;464;2000
La moustache;Thriller, Drama, Mystery;6.6;5798;2000
Les Parrains;Comedy, Crime;5.7;510;2000
La petite Jérusalem;Drama;6.5;924;2000
Rabbit Fever;Comedy;3.8;221;2000
Edy;Comedy, Thriller, Drama;5.7;257;2000
Saint-Jacques... La Mecque;Comedy, Drama;6.3;1454;2000
Toute la beauté du monde;Comedy, Drama;4.6;299;2000
Un fil à la patte;Comedy, Romance;5.9;585;2000
Un petit jeu sans conséquence;Comedy;6.1;461;2000
La Vie est à nous!;Comedy;4.6;149;2000
Virgil;Comedy, , Drama, Sport;6.3;167;2000
Voici venu le temps;Comedy, Drama, Fantasy;5.7;186;2000
American Haunting;Thriller, Drama, Mystery, Horror;5.0;27452;2000
The Business;Thriller, Drama, Crime, Action;6.6;15763;2000
Everything;Drama, Mystery;6.3;503;2000
Le Voleur de Venise;Adventure, ScienceFiction, Drama, Family;5.9;6364;2000
Basic Instinct 2;Thriller, Drama, Crime, Mystery;4.4;42749;2000
Le Témoin du marié;Comedy, Romance;5.9;3983;2000
Lassie;Comedy, Adventure, Drama, Family;6.7;4811;2000
Metamorphosis;Fantasy, Thriller, Drama, Horror;3.6;1454;2000
L'uomo perfetto;Comedy, Romance;6.1;621;2000
Les âmes grises;Thriller, Drama;6.3;405;2000
Foon;Comedy, Music;3.6;255;2000
Giulia;Fantasy, Romance, Drama;4.6;321;1990
Il ne faut jurer de rien!;Comedy;5.5;667;2000
Peindre ou faire l'amour;Comedy, Romance, Drama;6.0;1484;2000
Le petit lieutenant;Drama, Crime;6.9;2682;2000
Resident Evil: Extinction;ScienceFiction, Action, Horror, Sci-Fi;6.2;210810;2000
Brothers of the Head;Music, Drama;6.2;1890;2000
Fog;Thriller, Mystery, Horror;3.7;40341;2000
Leningrad;Drama, War;6.0;4868;2000
Nèg maron;Thriller, Drama;5.0;83;2000
Le plus beau jour de ma vie;Comedy, Romance;5.4;293;2000
Good Night, and Good Luck;Drama, History, Biography;7.4;103007;2000
Coups d'État;Thriller, Drama;6.4;3992;2000
Wild Country;Horror;4.4;700;2000
Kinky Boots;Comedy, Drama, Music;7.1;22185;2000
V pour Vendetta;Thriller, ScienceFiction, Action, Drama, Sci-Fi;8.1;1214884;2000
Gentille;Comedy, Romance, Drama;5.9;395;2000
Trois soirées;Romance, Drama;6.2;2171;2000
The Adventures of Greyfriars Bobby;Adventure, Drama, Family, History;6.3;712;2000
Conversation(s) avec une femme;Comedy, Romance, Drama;6.9;13354;2000
The Descent;Thriller, Adventure, Horror;7.2;260081;2000
Kidulthood;Romance, Drama, Crime;6.7;20064;2000
The League of Gentlemen's Apocalypse;Comedy, Fantasy, Horror;6.1;6054;2000
Les délices de Nina;Comedy, Romance, Drama;6.3;2319;2000
Beur blanc rouge;Comedy;4.9;117;2000
Amazon Forever;Drama;6.4;68;2000
De particulier à particulier;Drama;5.2;178;2000
Gas;Drama;5.8;179;2000
Par delà le bien et le mal;Romance, Drama, War;6.2;8040;2000
Itinéraires;Unknown, Drama;7.0;50;2000
Je ne suis pas là pour être aimé;Comedy, Romance, Drama;7.1;1740;2000
Ma vie en l'air;Comedy, Romance;6.7;2476;2000
The Queen;Drama, History, Biography;7.3;117720;2000
The Silencer;Action;4.2;76;2000
La vie de Michel Muller est plus belle que la vôtre;Comedy;4.6;167;2000
Au nom de la liberté;Thriller, Biography, Action, Drama, History;6.7;11179;2000
Rollin' with the Nines;Thriller, Drama, Action, Crime;5.4;1222;2000
Toyen;, Drama, Biography;6.6;52;2000
Une vieille maîtresse;Romance, Drama;6.2;3915;2000
L'équilibre de la terreur;Thriller, Drama;6.5;93;2000
Medieval pie - Territoires vierges;Comedy, Adventure, Romance, Action;4.7;9571;2000
Terminator Renaissance;Thriller, ScienceFiction, Adventure, Action, Sci-Fi;6.5;385870;2000
Azur et Asmar;Adventure, Family, Animation;7.4;3873;2000
Al-Ghazali: The Alchemist of Happiness;Family, Documentary, History;7.2;186;2000
Des enfants qui s'aiment;Romance, Drama, Family;5.2;173;2000
Twisted Sisters;Thriller, Crime, Horror;4.4;408;2000
Le soleil;Drama, History;7.3;3032;2000
These Foolish Things;Comedy, Romance, Drama;5.5;606;2000
Le diable à quatre;Comedy, Drama, Family;6.3;298;2000
Let the Wind Blow;Drama;6.3;135;2000
1520 par le sang du glaive;Adventure, Drama, Action;6.0;1101;2000
Made in YU;Drama, Action;6.2;441;2000
La Vengeance dans la peau;Thriller, Drama, Action, Mystery;8.0;671341;2000
Habana Blues;Music, Drama;7.1;2657;2000
Game Over;Thriller, Drama, Crime, Horror;3.7;495;2000
Free Zone;Comedy, Drama;5.7;3065;2000
A Woman in Winter;Drama;5.6;264;2000
Danger close;Drama, Action, War, History;6.8;15855;2010
Enfermés dehors;Comedy;6.2;2285;2000
Les kangourous;Drama;6.3;1033;2000
Olé !;Comedy;4.3;513;2000
Ô Jérusalem;Drama, History;6.0;1011;2000
Borat : Leçons culturelles sur l'Amérique pour profit glorieuse nation Kazakhstan;Comedy;7.4;460219;2000
Par effraction;Romance, Drama, Crime;6.5;23595;2000
Gypo;Drama, Family;6.7;459;2000
L'histoire de l'amour;Romance, Drama, War;6.3;1574;2010
L'Assassinat de Jesse James par le lâche Robert Ford;Western, Biography, Crime, Action, Drama;7.5;198120;2000
The Wild Blue Yonder;Comedy, ScienceFiction, Drama, Sci-Fi;6.1;3974;2000
Les Amants réguliers;Romance, Drama;6.8;3074;2000
Au large de Bad Ragaz;Thriller, Drama;7.3;41;2000
Fauteuils d'orchestre;Comedy, Romance, Drama;6.7;4543;2000
Indigènes;Drama, War, History;7.0;15378;2000
J'ai vu tuer Ben Barka;Action, Thriller, Drama, History;5.9;321;2000
Un ticket pour l'espace;Comedy, ScienceFiction, Sci-Fi;5.3;1341;2000
Fay Grim;Comedy, Thriller, Action;6.1;5057;2000
Secrets de famille;Comedy, Crime;6.8;36857;2000
Nous, les vivants;Comedy, Drama, Music;7.4;16667;2000
Les Invisibles;Drama;5.1;166;2000
Mon petit doigt m'a dit...;Comedy, Mystery;5.8;1314;2000
Paradise Now;Thriller, Drama, Crime;7.4;24515;2000
La Saveur de la pastèque;Comedy, Musical, Romance, Drama;6.5;5826;2000
Les Bronzés 3 : Amis pour la vie;Comedy;4.0;3757;2000
Scott Pilgrim;Comedy, Romance, Action, Fantasy;7.5;481704;2010
Civic Duty;Thriller, Drama, Action, Adventure;6.2;3474;2000
Mon fils à moi;Drama;6.8;860;2000
Quelques jours en septembre;Thriller, Drama;5.2;1893;2000
Leçons de conduite;Comedy, Drama;6.6;11126;2000
Pars vite et reviens tard;Thriller, Drama, Crime;5.6;1551;2000
Isolation;Thriller, ScienceFiction, Horror, Sci-Fi;5.6;8310;2000
La ronde de nuit;Drama, History, Biography;6.5;3545;2000
Le Concile de Pierre;Thriller, Mystery, Adventure, Crime, Fantasy, Drama;4.8;2455;2000
Flying Lessons;Comedy, Drama;6.2;394;2000
Perversion;Romance, Drama;4.3;313;2000
Prédictions;Thriller, ScienceFiction, Mystery, Action, Sci-Fi;6.2;255946;2000
Bye Bye Harry!;Comedy;4.3;109;2000
Snow Cake;Romance, Drama;7.4;13599;2000
Sunshine;Thriller, ScienceFiction, Horror, Drama, Sci-Fi;7.2;276367;2000
The Maidens' Conspiracy;Romance, Adventure;4.0;1049;2000
Quatre étoiles;Comedy;5.4;1373;2000
Zozo;War, Drama, Family;6.5;3440;2000
Chicken Tikka Masala;Comedy, Romance, Drama;5.6;563;2000
Eragon;Fantasy, Adventure, Action, Family;5.1;132638;2000
London;Romance, Drama, Action;6.3;25213;2000
Camping-car;Comedy, Adventure, Family;5.6;65269;2000
P (La possédée);Drama, Horror;5.0;1331;2000
La Boulette;Comedy, Drama;6.6;11247;2000
The Dark Hunter;Comedy, Horror;5.6;32;2000
La Môme;Music, Drama, Biography;7.5;92341;2000
16 blocs;Thriller, Adventure, Crime, Action, Drama;6.6;136698;2000
GamerZ;Comedy, Romance, Fantasy;5.8;339;2000
Bébé;Comedy, Unknown, Drama;6.5;44;2000
Call Me Agostino;Comedy;4.9;31;2000
L'Entente cordiale;Comedy, Adventure, Action;4.4;628;2000
La fille de l'Est;Comedy, Romance, Drama;6.7;3248;2000
Flandres;Romance, Drama, War;6.5;3336;2000
L'homme qui rêvait d'un enfant;Comedy, Drama;6.2;23;2000
Sheitan;Comedy, Thriller, Horror;5.6;9761;2000
Zone libre;Drama;5.9;81;2000
The Sickhouse;Horror;3.7;1161;2000
Mensonges mortels;Thriller;5.5;212;2000
Nefarious;Thriller, Crime;7.2;57;2020
Camping sauvage;Romance, Drama;5.4;411;2000
Course à la mort;Thriller, ScienceFiction, Action, Sci-Fi;6.4;224053;2000
Love (et ses petits désastres);Comedy, Romance, Drama;6.1;14928;2000
Outlanders;Romance, Thriller, Drama, Crime;5.3;216;2000
Les fragments d'Antonin;Drama, War;6.9;247;2000
Dievu miskas;Drama, War, Biography;7.7;1879;2000
Les Vacances de Mr. Bean;Comedy, Family;6.4;138282;2000
Déjà vu;Thriller, ScienceFiction, Crime, Action, Sci-Fi;7.1;337394;2000
Natasha;Thriller, Drama;4.9;691;2000
Distorsion;Thriller, Drama, Action;6.5;53;2000
Fair Play;Thriller, Drama, Action;6.1;847;2000
Amazing Grace;Drama, History, Biography;7.4;26116;2000
Flyboys;Adventure, Action, War, Romance, Drama, History;6.5;45493;2000
Broken;Thriller, Horror;4.7;3053;2000
La colline a des yeux;Thriller, Horror;6.4;190218;2000
L'odyssée de Pi;Fantasy, Adventure, Drama;7.9;685077;2010
L'anniversaire;Comedy;5.2;264;2000
Célibataires;Comedy;4.3;88;2000
Kirikou et les Bêtes sauvages;Fantasy, Adventure, Family, Animation;6.6;1873;2000
Garfield 2;Comedy, Adventure, Family, Animation;5.0;49326;2000
Un Anglais à New York;Comedy, Romance, Drama, Biography;6.4;71497;2000
The Kovak Box;Thriller, ScienceFiction, Mystery, Action, Sci-Fi;5.8;4523;2000
Le Dernier Roi d'Écosse;Drama, History, Biography;7.6;201094;2000
Lost Dogs;Comedy, Drama;5.3;84;2000
Dead Man's Cards;Drama, Action, Crime;5.4;667;2000
Incontrôlable;Comedy;3.2;763;2000
La Nuit des tournesols;Thriller, Drama, Crime;7.1;3046;2000
Dikkenek;Comedy;6.8;5860;2000
L'enfant;Romance, Drama, Crime;7.4;19787;2000
Bahia, ville basse;Drama;6.5;4632;2000
Alex Rider: Stormbreaker;Adventure, Action, Family;5.1;26117;2000
Scoop;Comedy, Crime, Mystery, Fantasy;6.6;89179;2000
Provoked;Drama, Crime, Biography;6.4;2290;2000
Les lumières du faubourg;Drama, Crime;6.8;8494;2000
Le diable s'habille en Prada;Comedy, Romance, Drama;6.9;499458;2000
Up & Down;Comedy, Drama;6.3;35148;2010
The Other Half;Comedy, Romance, Drama;4.8;1054;2000
Teresa, el cuerpo de Cristo;Drama, Biography;4.8;492;2000
Don Giovanni, naissance d'un opéra;Music, Romance, Drama, History;6.7;644;2000
The Great Ecstasy of Robert Carmichael;Drama, Crime;4.9;1427;2000
Les irréductibles;Comedy, Drama;5.5;216;2000
Les petites vacances;Comedy, Drama;6.3;87;2000
Three Times;Romance, Drama;6.9;6286;2000
Kilomètre zéro;Comedy, Drama, War;6.0;516;2000
Lady Chatterley et l'homme des bois;Romance, Drama;6.7;4873;2000
La reine soleil;Animation;5.6;449;2000
Trance;Drama;6.0;601;2000
Toi et moi;Comedy, Romance, Drama, Horror;5.6;684;2000
In a Dark Place;Thriller, Horror;4.3;2833;2000
En avant, jeunesse!;Drama;6.9;1836;2000
Within;Thriller, Mystery, Horror;5.0;111;2000
Cashback;Comedy, Romance, Drama;7.1;92996;2000
Fast Food Nation;Comedy, Drama;6.3;25711;2000
Ghost Son;Thriller, Drama, Mystery, Horror;4.4;865;2000
Inland Empire;Thriller, Mystery, Horror, Fantasy, Drama;6.8;66190;2000
Isabelle ou La rencontre inattendue;Comedy, Drama;7.2;109;2000
Life and Lyrics;Music, Romance, Drama;5.3;338;2000
La Maison du bonheur;Comedy;5.6;1743;2000
The Moon and the Stars;Romance, Drama, War, History;6.1;386;2000
Lost in Love;Comedy, Romance;6.0;411;2000
Played;Thriller, Drama, Crime;4.2;1538;2000
Le vent se lève;Drama, War;7.5;56854;2000
Les états-Unis d'Albert;Comedy, Adventure, Drama;5.7;206;2000
Cut Sleeve Boys;Comedy, Romance, Drama;6.1;518;2000
Conte de cinéma;Drama;6.9;2063;2000
Napoléon (et moi);Comedy, War, History;6.2;1471;2000
Camille;Comedy, Romance, Drama, Fantasy;5.9;5053;2000
Cobrador: In God We Trust;Drama;5.6;235;2000
Le garde du corps;Drama;6.5;1001;2000
The Gigolos;Comedy;5.4;290;2000
High-Rise;Drama, Sci-Fi;5.5;46513;2010
Incubus;Thriller, Mystery, Horror;3.0;2201;2000
Joy Division;Drama, War;6.0;1018;2000
La dernière légion;Adventure, Action, War, Fantasy, History;5.4;37731;2000
Pierrepoint: The Last Hangman;Drama, Crime, History, Biography;7.4;5851;2000
Les Brigades du Tigre;Adventure, Action, Crime;5.8;1769;2000
Frankie;Drama;5.6;216;2000
L'homme de sa vie;Romance, Drama, Comedy;6.6;1147;2000
Federal;Thriller, Drama, Mystery, Action;3.3;462;2010
La personne aux deux personnes;Comedy, Music, ScienceFiction, Fantasy;5.7;1141;2000
Transylvania;Drama;6.7;2796;2000
La comédie du pouvoir;Drama;6.3;3135;2000
28 Semaines plus tard;Thriller, ScienceFiction, Horror, Sci-Fi;6.9;310001;2000
Astérix aux Jeux olympiques;Comedy, Adventure, Family, Fantasy;5.2;33888;2000
Back in Business;Comedy, Adventure, Action, Family;4.1;393;2000
Projet Lazarus;Thriller, Drama, Mystery;6.0;19727;2000
History Boys;Comedy, Romance, Drama;6.8;21930;2000
L'Hypercondriaque;Comedy;5.3;564;2000
Severance;Comedy, Thriller, Horror;6.4;41970;2000
Familles à vendre;Comedy, Drama;6.1;387;2000
Bunker paradise;Comedy, Drama;6.0;216;2000
Quand j'étais chanteur;Music, Romance, Drama;6.4;2355;2000
OSS 117 : Le Caire, nid d'espions;Comedy, Adventure, Action, Crime;7.0;24228;2000
La Californie;Drama;5.2;221;2000
Du jour au lendemain;Comedy;5.4;978;2000
Golden Door;Romance, Drama, History;6.8;5271;2000
Le dernier harnais;Romance, Drama;6.3;445;2000
Bienvenue au cottage;Comedy, Thriller, Crime, Horror;6.1;13464;2000
Four Last Songs;Comedy, Romance, Drama, Music;5.9;732;2000
Hitman;Thriller, Drama, Action, Crime;6.2;183142;2000
Igor;Animation, Horror, Family, Comedy, Fantasy;5.9;24722;2000
Chronique d'un scandale;Romance, Drama, Crime;7.4;87269;2000
Stagknight;Comedy, Horror;3.2;352;2000
Wilderness;Thriller, Action, Horror;6.1;10602;2000
Douce France;, Drama;5.3;84;2000
Folie d'été;Comedy, Romance, Drama;5.9;617;2000
The Border Post;Comedy, Drama;7.6;6905;2000
Alien Autopsy;Comedy, ScienceFiction, Sci-Fi, Biography;5.9;7789;2000
Ambition;Thriller;5.4;36;2000
My Name Is Hallam Foe;Thriller, Mystery, Comedy, Romance, Drama;6.9;13353;2000
Infinite Justice;Thriller, Drama, Action;5.3;179;2000
Deux Sœurs pour un roi;Romance, Drama, History, Biography;6.7;123651;2000
The Road to Guantanamo;Drama, War, Documentary;7.4;11596;2000
Mon nom est Tsotsi;Drama, Crime;7.2;31990;2000
The Dark Knight : Le Chevalier noir;Thriller, Drama, Action, Crime;9.0;3019825;2000
Nacido y criado;Romance, Drama;6.3;603;2000
Alan Partridge;Comedy, Action, Crime;6.9;33525;2010
Comme t'y es belle!;Comedy, Romance;5.3;875;2000
Echangé;Comedy, Romance;6.1;1203;2000
Chroniques d'Erzebeth;Fantasy, Drama, Biography;5.7;4784;2000
Dreaming Lhasa;Romance, Adventure, Drama, Mystery;6.4;270;2000
Yawmon akhar;Drama;5.9;228;2000
Le Direktør;Comedy;6.6;13110;2000
Le temps révolu;, Drama;8.0;41;2000
Frères d'exil;Drama;6.6;329;2000
Bernard et Doris;Comedy, Drama, TVMovie, Biography;6.5;4654;2000
Ex Machina;Thriller, ScienceFiction, Drama, Sci-Fi;7.7;617278;2010
Un couple parfait;Drama;6.7;365;2000
Love + Hate;Drama;6.7;705;2000
Red Road;Thriller, Drama, Mystery;6.8;14003;2000
Seven invisible men;Drama;6.7;361;2000
Au-delà de l'illusion;Romance, Drama, History;5.8;10698;2000
Penelope;Comedy, Romance, Fantasy;6.7;68049;2000
Mon frère se marie;Comedy, Drama;5.6;163;2000
Waiting;, Drama;6.2;199;2000
Le fataliste;Comedy, Romance, Drama;5.5;170;2000
The Backwoods;Action, Thriller, Drama, Horror;5.7;5964;2000
Goal 2: La consécration;Drama, Sport;5.8;34783;2000
The Heavy;Thriller, Action, Adventure;4.9;2198;2000
Jeux de pouvoir;Thriller, Drama, Crime, Mystery;7.1;163921;2000
Alerte rouge;Comedy, Romance, Drama, Fantasy;7.0;36552;2000
Aurore;Comedy, Musical, ;5.5;141;2000
Bareback ou La guerre des sens;Drama;5.8;75;2000
Camping;Comedy;5.1;4081;2000
Essaye-moi;Comedy, Romance;6.0;646;2000
En tout bien, tout bonheur;Comedy;5.3;68;2000
Le pressentiment;Drama;7.1;393;2000
L'école pour tous;Comedy;4.8;319;2000
13 Tzameti;Thriller, Drama, Crime, Action;7.3;18289;2000
Belle toujours;Music, Drama;6.3;1157;2000
Vol 93;Thriller, Crime, Action, Drama, History;7.6;113271;2000
La flûte enchantée;Music, Musical, Comedy, Romance, Drama;6.5;1332;2000
Amour & Conséquences;Comedy, Romance, Drama;5.9;6325;2000
Mi$e à prix;Comedy, Thriller, Action, Crime;6.6;155098;2000
Abandonnée;Thriller, Mystery, Horror;5.5;13514;2000
Mister Lonely;Comedy, Drama;6.4;8617;2000
When Children Play in the Sky;Drama;8.1;11;2000
Exes;Fantasy, Thriller, Horror;4.4;97;2000
The Bubble;Comedy, Romance, Drama;7.2;5776;2000
Question à 10 points;Comedy, Romance, Drama;6.7;26041;2000
Petits suicides entre amis;Comedy, Romance, Drama, Fantasy;7.2;58772;2000
Summer Rain;Romance, Drama;5.5;1273;2000
Ce que je sais de Lola;Romance, Drama;5.8;257;2000
La Nuit au musée;Adventure, Action, Family, Comedy, Fantasy;6.5;393492;2000
À travers la forêt;Fantasy, Drama;6.6;221;2000
Border Café;Romance, Drama;7.3;2211;2000
Syndromes and a Century;Romance, Drama;7.3;4757;2000
Viva Cuba;Romance, Family, Comedy, Drama, Fantasy;6.9;1110;2000
Jean-Philippe;Comedy, Music, Fantasy;6.2;2089;2000
Fade to Black;Thriller, Drama, Mystery;5.4;935;2000
Freebird;Comedy;5.4;684;2000
A New Day in Old Sana'a;Romance, Drama;6.1;212;2000
Sex o phalsapheh;Romance, Drama;5.5;785;2000
Small Town Folk;Comedy, Fantasy, Horror;3.2;1133;2000
Voodoo Lagoon;Horror;2.9;188;2000
Les aiguilles rouges;Adventure, Drama;5.7;243;2000
Avida;Comedy;5.6;685;2000
Nos jours heureux;Comedy, Family;6.8;5113;2000
Je m'appelle Elisabeth;Drama;6.9;472;2000
Michou d'Auber;Thriller, Drama;6.5;845;2000
Président;Thriller, Drama;5.7;617;2000
L'amour est un bouquet de violettes;Comedy, Romance;6.7;6753;2000
Serko;Adventure, Drama, History;6.1;194;2000
WWW: What a Wonderful World;Comedy, Thriller, Drama;5.9;271;2000
The Goal;Drama, Family, Biography;5.5;141;2000
La vie intérieure de Martin Frost;Comedy, Romance, Drama, Fantasy;5.1;746;2000
Broken Thread;, Thriller;7.0;89;2000
Promets-moi;Comedy, Romance;6.9;6995;2000
Dunia;Romance, Drama;6.2;343;2000
One Missed Call;Thriller, Mystery, Horror;4.0;34735;2000
Traque sanglante;Thriller, Drama, Crime, Horror;5.5;7644;2000
This is England;Drama, Crime;7.7;132246;2000
Displaced;Adventure, ScienceFiction, Action, Sci-Fi;2.7;806;2000
Mischief Night;Comedy, Drama, Family;6.4;792;2000
L'homme sans âge;Fantasy, Drama, Mystery;6.1;14574;2000
Hors de prix;Comedy, Romance, Drama;7.0;33777;2000
Erik Nietzsche, mes années de jeunesse;Comedy, Drama, Biography;6.2;753;2000
Kaçiklik Diplomasi;, Drama;6.5;232;1990
Gone;Thriller, Drama, Mystery, Horror;5.3;4514;2000
Toi, c'est moi;Comedy, Romance, Fantasy;6.2;43733;2000
Miss Potter;Romance, Drama, Family, Biography;7.0;33025;2000
Le Prestige;ScienceFiction, Drama, Mystery, Sci-Fi;8.5;1514342;2000
Six Bend Trap;Comedy, Crime;3.6;133;2000
Les toilettes du pape;Comedy, Drama;7.2;2924;2000
Hamaca paraguaya;Drama;6.6;563;2000
Doomsday;Thriller, ScienceFiction, Action, Sci-Fi;5.9;81344;2000
Les morts vivants;Thriller, Drama, Mystery, Horror;5.8;2508;2000
Popcorn;Comedy, Romance, Horror;5.4;1024;2000
Glue;Romance, Drama;6.3;1613;2000
The Good Night;Music, Romance, Comedy, Drama, Fantasy;5.7;8833;2000
Love Sick;Drama;6.5;3327;2000
Le Poulain;Drama, Family;5.6;61;2000
L'amour aux temps du choléra;Romance, Drama;6.4;24549;2000
Puffball: The Devil's Eyeball;Fantasy, Drama, Horror;4.3;1198;2000
U Want Me 2 Kill Him?;Thriller, Drama;6.3;3247;2010
Je vais bien, ne t'en fais pas;Drama;7.3;11553;2000
Vision des ténèbres;Romance, Thriller, Horror;4.9;2769;2000
Brendan et le secret de Kells;Fantasy, Adventure, Family, Animation;7.5;39620;2000
L'éducation d'une fée;Romance, Drama;6.2;968;2000
Le corps sublimé;Drama, Documentary, Biography;6.4;53;2000
Gradiva;Drama, Horror;5.8;738;2000
Mr. Nobody;Fantasy, Romance, Drama, ScienceFiction;7.7;252158;2000
Wind Chill;Thriller, Adventure, Drama, Horror;5.8;25906;2000
Les Aristos;Comedy;3.5;341;2000
A Life in Suitcases;Drama, History;6.1;311;2000
Le serpent;Thriller;6.5;2710;2000
Cherche fiancé tous frais payés;Comedy;4.9;184;2000
Les 4 Fantastiques et le Surfer d'argent;Fantasy, Adventure, Action, Thriller;5.6;286395;2000
Lie Still;Thriller, Horror;4.3;294;2000
Middletown;Drama;5.9;364;2000
Odette Toulemonde;Comedy, Drama;6.3;2416;2000
Sisters - Soeurs de sang;Thriller, Mystery, Crime, Horror;3.9;1679;2000
U;Music, Musical, Family, Animation;6.6;291;2000
Chacun sa nuit;Drama;5.7;1445;2000
Le héros de la famille;Drama;5.4;651;2000
Les témoins;Romance, Drama;6.9;2903;2000
L'année suivante;Drama;6.1;98;2000
Cages;Romance, Thriller, Drama;6.2;239;2000
La graine et le mulet;Drama;7.4;8094;2000
Nouvelle chance;Comedy, Drama;5.6;175;2000
La seule solution;Comedy, Adventure, ;6.4;97;2000
La tourneuse de pages;Music, Thriller, Drama;7.0;7460;2000
Truands;Thriller, Crime;5.5;1612;2000
Très bien, merci;Comedy, Drama;6.5;352;2000
Dante XXI;Adventure, ScienceFiction, Drama, Sci-Fi;4.8;6062;2000
Andalucia;Drama;5.8;135;2000
Big Nothing;Comedy, Thriller, Action, Crime;6.7;32361;2000
Small Engine Repair;Comedy, Drama;6.3;281;2000
Moscow Zero;Thriller, Drama, Action, Horror;3.0;1909;2000
War and Destiny;Romance, Drama;6.5;4992;2000
Je crois que je l'aime;Comedy, Romance, Drama;6.0;803;2000
Crimes à Oxford;Thriller, Crime, Mystery;6.1;31237;2000
Hardcore: Bare Naked Talent;Comedy;6.2;62;2000
Venus;Comedy, Romance, Drama;7.1;13672;2000
The Blue Tower;Thriller;6.2;78;2000
Le chantage;Thriller, Drama, Crime;6.6;34376;2000
Guantanamero;Fantasy, Drama, Mystery;4.8;230;2000
London to Brighton;Thriller, Drama, Crime;6.9;8853;2000
The Mutant Chronicles;ScienceFiction, Mystery, Adventure, Horror, Action;5.2;27476;2000
Un secret;Drama, War;6.8;3383;2000
Flirting with Flamenco;Comedy, Romance, Drama;5.5;99;2000
Le grand appartement;Comedy;5.4;423;2000
Manolete;Romance, Drama, Biography;5.6;3379;2000
Bienvenue à Suburbicon;Thriller, Mystery, Crime, Comedy, Drama;5.8;48695;2010
Tulip Fever;Romance, Drama, History;6.2;23803;2010
Ça brûle;Drama;6.2;130;2000
Loin d'elle;Romance, Drama;7.5;23434;2000
Le voyage en Arménie;Drama, Crime;6.7;507;2000
Poltergay;Comedy, Fantasy, Horror;5.5;1300;2000
Shrooms - Un Trip d'enfer;Comedy, Mystery, Horror;4.6;18109;2000
Un hiver à Paris;Thriller, Crime;5.7;221;2000
8;Drama;5.8;988;2000
Desperate Crossing - The True Story of the Mayflower;Documentary, History;8.1;145;2000
Boarding Gate;Thriller, Drama;5.1;4304;2000
True True Lie;Thriller, Drama;4.5;420;2000
Sixty Six;Comedy, Drama, Biography;6.7;3231;2000
Charly;Drama;6.0;175;2000
Gardens in Autumn;Comedy;6.4;637;2000
La jungle;Comedy;5.3;177;2000
Last Hour;Thriller, Drama, Action, Adventure;2.9;875;2000
L'inconnue;Thriller, Drama, Mystery;7.4;16437;2000
Soie;Romance, Drama;5.8;11905;2000
Walking on the Wild Side;Drama;6.6;116;2000
Scorpion;Thriller, Drama, Action;5.4;815;2000
La Comtesse;Drama, History, Biography;6.2;8837;2000
True North;Thriller, Drama;6.8;1148;2000
Vicky Cristina Barcelona;Comedy, Romance, Drama;7.1;274833;2000
20 nuits et un jour de pluie;Drama;4.0;173;2000
Les climats;Drama;7.1;14771;2000
Le dernier des fous;Drama;6.3;343;2000
Madame Irma;Comedy;5.6;876;2000
Mauvaise foi;Comedy, Romance, Drama;6.1;886;2000
Petites peurs partagées;Romance, Drama;6.9;4206;2000
Jonathan Toomey: Le miracle de Noël;Family;6.4;1324;2000
Trésors;Comedy, Adventure;3.8;666;2000
Jour nuit, jour nuit;Thriller, Drama, Crime;6.3;2328;2000
The Man Who Sold the World;ScienceFiction, Drama, Mystery, Horror;6.6;65;2000
Avatar;Fantasy, Adventure, ScienceFiction, Action;7.9;1430677;2000
Le Renard et l'Enfant;Adventure, Drama, Family;6.8;4496;2000
Outlaw;Thriller, Drama, Action, Crime;5.7;12938;2000
Mensonges d'état;Thriller, Drama, Action;7.0;245200;2000
Stuck : Instinct de survie;Thriller, Crime, Horror, Comedy, Drama;6.5;10496;2000
Whatever Lola Wants;Drama;6.4;1347;2000
Changement d'adresse;Comedy, Romance, Music;6.7;887;2000
Le Dragon des mers : La Dernière Légende;Fantasy, Adventure, Family;6.4;43875;2000
Irina Palm;Comedy, Drama;7.2;7935;2000
Planète 51;ScienceFiction, Animation, Adventure, Family, Comedy;6.0;60207;2000
Sucker Punch;Action;4.8;1436;2000
Pollux: édition Américaine;Animation, Adventure, Family, Comedy, Fantasy;2.8;5588;2000
The Heart of the Earth;Romance, Drama;5.5;284;2000
Lulu et Jimi;Music, Romance, Drama, Comedy;5.2;336;2000
Firestar: First Contact;ScienceFiction, Sci-Fi;4.3;41;1990
My Blueberry Nights;Romance, Drama;6.6;57727;2000
La question humaine;Music, Thriller, Drama, History;6.2;1260;2000
Qui m'aime me suive;Comedy;6.1;243;2000
Un ami parfait;Thriller, Mystery, Crime, Romance, Drama;5.5;275;2000
American Gangster;Drama, Crime, Biography;7.8;471589;2000
La bande à Baader;Thriller, Biography, Crime, Action, Drama, History;7.3;40974;2000
Les Promesses de l'ombre;Thriller, Drama, Crime, Mystery;7.6;270571;2000
Dans Paris;Romance, Drama, Comedy;6.3;4344;2000
Footsteps;Thriller, Drama, Crime;3.9;362;2000
Danse avec Raya;Drama;3.6;6797;2000
Man of Steel;Adventure, ScienceFiction, Action, Sci-Fi;7.1;833862;2010
Broken English;Comedy, Romance, Drama;6.3;7318;2000
Reverb;Horror;3.9;841;2000
Ma saison super 8;Comedy, Romance, Drama;5.8;133;2000
Someone Else;Comedy, Drama;5.8;316;2000
Hellphone;Comedy, Mystery, Fantasy, Horror;5.1;2075;2000
L'illusionniste;Drama, Animation;7.4;37087;2010
Teenage Wasteland;Drama;6.5;36;2000
Guillaume et les sortilèges;Music, Drama, Comedy;7.8;12;2000
Mon meilleur ami;Comedy;6.6;6998;2000
Le casse du siècle;Thriller, Drama, Crime;6.7;27463;2000
Bons Baisers de Bruges;Comedy, Drama, Crime;7.9;479244;2000
Ne touchez pas la hache;Music, Romance, Drama;6.5;1490;2000
Escalade;Thriller;4.6;61;2010
Voyage secret;Drama;5.8;227;2000
Ha-Sodot;Romance, Drama;7.0;2327;2000
Reviens-moi;Romance, Drama, Mystery;7.8;314133;2000
The Baker;Comedy, Thriller, Crime;6.3;4559;2000
Je te mangerais;Music, Drama;5.6;1385;2000
The Walker;Drama, Crime, Mystery;5.8;6007;2000
Angel;Romance, Drama;5.8;5725;2000
Heartbreak Hotel;Comedy, Drama, Music;5.4;1721;2000
In Tranzit;Romance, Drama, War;5.7;2817;2000
Vent mauvais;Thriller, Drama, Crime;5.8;126;2000
L'attentat;Drama, Crime, Mystery;7.1;4662;2010
Elvis and Anabelle;Romance, Drama;7.1;6292;2000
Broken Lines;, Drama;5.5;146;2000
L'Homme qui défiait l'infini;Drama, Biography;7.2;64596;2010
Terreur au 13ème Etage;Comedy, Thriller, Crime, Horror;5.6;6778;2000
Le plus vieil écolier du monde;Romance, Drama, Biography;7.4;4971;2010
Inondation;Thriller, Drama, Action;4.8;7343;2000
Sparkle;Comedy, Romance;6.0;989;2000
Un été italien;Romance, Drama, Mystery;6.0;6891;2000
I Want Candy;Comedy, Drama;5.3;7768;2000
How Is Your Fish Today?;Romance, Drama, Horror;6.2;133;2000
Les ambitieux;Comedy, Romance, Drama;6.0;489;2000
Les anges exterminateurs;Fantasy, Drama;5.4;3499;2000
Danse avec lui;Comedy, Drama;6.1;388;2000
Ensemble, c'est tout;Romance, Drama;6.7;12778;2000
La faute à Fidel!;Drama, History;7.5;5258;2000
L'invité;Comedy;5.5;1001;2000
Mia et le Migou;Family, Animation;6.6;459;2000
On ne devrait pas exister;Comedy, Drama;4.9;89;2000
Peur(s) du noir;Mystery, Horror, Animation;6.6;3277;2000
Pour aller au ciel, il faut mourir;Drama, Crime;6.3;285;2000
Tous à l'Ouest : Une aventure de Lucky Luke;Comedy, Adventure, Western, Animation;6.3;1714;2000
Les yeux bandés;Drama, Crime;5.7;69;2000
Bled Number One;Drama;6.2;208;2000
Joyeuses Funérailles;Comedy, Drama;7.3;124763;2000
Le Deuxième Souffle;Thriller, Drama, Crime, Mystery;5.7;1303;2000
Mamma Mia!;Comedy, Musical, Romance;6.5;291030;2000
Senseless;Thriller, Adventure, Crime, Horror, Action, Drama;5.7;1134;2000
Le rêve de Cassandre;Romance, Drama, Crime;6.6;54667;2000
Mientras tanto;Drama;6.0;132;2000
Barakat!;Drama;6.3;154;2000
Soyez sympas, rembobinez;Comedy, Drama;6.4;95441;2000
Protection rapprochée;Thriller, Action;4.0;1057;2000
Electroma;Music, ScienceFiction, Adventure, Drama, Sci-Fi;6.7;4583;2000
Mon colonel;War, Drama, Crime, History;7.0;569;2000
Shoot the Messenger;Drama;6.9;292;2000
Transsibérien;Thriller, Drama, Crime, Mystery;6.6;55688;2000
Cravings;Thriller, Horror;4.6;275;2000
Le mystère du loup;Adventure, Drama, Family;5.6;392;2000
Hellbride;Horror;3.2;171;2000
The Mule;Comedy, Drama;5.6;846;2010
Surviving Evil;Thriller, Action, Horror;4.2;721;2000
T4xi;Comedy, Action, Crime;5.6;31956;2000
WAZ;Thriller, Drama, Crime, Horror;5.7;9584;2000
Blood: The Last Vampire;Thriller, ScienceFiction, Adventure, Horror, Action, Fantasy;5.3;15443;2000
The Farewell Affair;Romance, Thriller, Drama;6.9;7093;2000
It's a Free World...;Drama;7.0;6439;2000
Les méduses;Romance, Drama;7.0;2781;2000
Les Deux Mondes;Comedy, Fantasy;5.6;1527;2000
The Ferryman;Fantasy, Thriller, Horror;4.7;1991;2000
Funny Games U.S.;Thriller, Drama, Crime, Horror;6.5;107462;2000
The Good Heart;Comedy, Romance, Drama;6.8;5269;2000
Largo Winch;Thriller, Drama, Action, Adventure;6.4;15281;2000
Persepolis;Biography, Drama, Animation;8.0;102909;2000
7 ans;Drama;6.0;310;2000
Sand: The Elements 1;Romance, Drama;6.7;29;2000
Dans la ville de Sylvia;Romance, Drama;6.8;2657;2000
Fantasma;Drama;6.4;434;2000
Melvil;, Unknown;5.9;24;2000
L'intouchable;Drama;5.1;346;2000
Belle du Seigneur;Romance, Drama;5.0;1530;2010
Bright Star;Romance, Drama, Biography;6.9;29241;2000
Congorama;Comedy, Drama;7.1;1230;2000
Danish Girl;Drama, Biography;7.1;203378;2010
Les faucheurs;Thriller, Horror;5.5;13798;2000
Dirt Music;Romance, Drama, Crime;5.3;1139;2010
Knife Edge;Thriller, Mystery, Horror;4.5;1173;2000
Little White Lies;Comedy, Drama;7.2;43;2000
Voiture de luxe;Drama, Action;6.5;422;2000
Nos amis les Terriens;Fantasy, Drama, Comedy, Sci-Fi;5.4;273;2000
Love Gourou;Comedy, Romance, Sport;3.8;56055;2000
Ex Drummer;Comedy, Thriller, Drama, Crime;6.9;11299;2000
9 Miles Down;Thriller, Mystery, Horror, Sci-Fi;5.3;4126;2000
Le Deal;Comedy, Crime;5.4;47;2000
Act of God;Thriller;5.4;130;2000
Héros;Thriller, Drama;5.6;274;2000
Bon week-end;Comedy;4.5;346;2000
Anna M.;Drama;6.6;870;2000
La Cour;Drama;6.7;1540;2000
Frontière(s);Action, Thriller, Drama, Horror;6.2;29853;2000
J'attends quelqu'un;Romance, Drama, Comedy;6.2;268;2000
Je pense à vous;Comedy, Drama;5.2;245;2000
Parc;Thriller, Drama, Crime;4.6;162;2000
Le prix à payer;Comedy;5.6;1240;2000
La tête de maman;Comedy, Drama;6.2;424;2000
In the Arms of My Enemy;Adventure, Drama, Action;6.6;608;2000
Le rêve de la nuit d'avant;Comedy, Drama;5.6;792;2000
Agent Crush;Adventure, Action, Animation;5.7;226;2000
Jump!;Drama, Biography;5.8;677;2000
Ruby Blue;Thriller, Drama, Mystery;6.7;242;2000
Tehilim;Drama;5.9;295;2000
Interstellar;Adventure, ScienceFiction, Drama, Sci-Fi;8.7;2343939;2010
Inju, la bête dans l'ombre;Thriller, Mystery;5.5;994;2000
The Evolved: Part One;Comedy;5.6;82;2000
The Edge of Love;Romance, Drama, History, Biography;6.1;19449;2000
La vie est un rêve;Comedy, Drama;5.3;166;2000
L'âge des ténèbres;Comedy, Drama, Fantasy;6.8;3261;2000
Rag Tag;Romance, Drama, Action;5.8;287;2000
Le soliste;Music, Drama, Biography;6.7;56111;2000
Les amours d'Astrée et de Céladon;Comedy, Romance, Drama;6.3;1773;2000
UV;Drama, Mystery;5.6;457;2000
Capitaine Achab;Adventure;5.9;196;2000
Les Femmes de l'ombre;Drama, War, History;6.7;8165;2000
Tolstoï, le dernier automne;Romance, Drama, Biography;6.9;19441;2000
Le Candidat;Drama;6.3;273;2000
Caramel;Comedy, Romance, Drama;7.1;14970;2000
Contre-enquête;Thriller, Crime;6.7;3946;2000
Saison sèche;Thriller, Drama, Action;6.9;1048;2000
Dialogue avec mon jardinier;Comedy, Drama;7.1;3877;2000
L'ennemi intime;Drama, War, History;6.9;3520;2000
J'veux pas que tu t'en ailles;Romance, Drama, Comedy;5.4;241;2000
Jean de La Fontaine - Le défi;History, Biography;4.8;157;2000
Mauvaise pente;Drama;6.4;150;2010
Sans moi;Drama;5.4;91;2000
L'étoile du soldat;Drama, War, History;6.8;142;2000
À la recherche du ballon rouge;Drama, Family;6.5;4251;2000
Mes amis, mes amours;Comedy, Romance, Drama;5.5;717;2000
J'ai toujours rêvé d'être un gangster;Comedy, Drama, Crime;7.1;2243;2000
When Did You Last See Your Father?;Drama, Biography;6.8;4756;2000
Jours d'août;, Drama;5.9;158;2000
Wishbaby;Horror;5.3;58;2000
Un coeur invaincu;Thriller, Drama, History, Biography;6.6;28529;2000
Quantum of Solace;Thriller, Mystery, Adventure, Crime, Action;6.5;482965;2000
Et toi, t'es sur qui?;Romance, Drama, Comedy;5.5;333;2000
I Can't Think Straight;Romance, Drama;6.4;9771;2000
Jetsam;Thriller;7.0;75;2000
A Fox's Tale;Adventure, Family, Animation;1.3;9110;2000
I Really Hate My Job;Comedy, Drama;5.1;1305;2000
Exodus;Drama;4.8;240;2000
1, 2, 3, Whiteout;ScienceFiction, Drama, Sci-Fi;5.9;43;2000
Un jour, peut-être...;Comedy, Romance, Drama;7.1;178518;2000
Gardens of the Night;Drama, Crime;6.8;4958;2000
Seachd: The Inaccessible Pinnacle;Drama, Family;6.6;283;2000
Nocturna, la nuit magique;Adventure, Family, Animation;7.2;2657;2000
L'heure d'été;Drama, Family;7.1;8398;2000
Arn, chevalier du temple;Romance, Adventure, Drama, Action;6.6;23705;2000
The Devil's Chair;Horror;4.8;3284;2000
Bhopal: A Prayer for Rain;Drama, History;7.1;2244;2010
Superman II: The Richard Donner Cut;Romance, Adventure, ScienceFiction, Action;7.6;20128;2000
The Town;Thriller, Drama, Crime;7.5;431173;2010
Cochochi;, Family;6.4;853;2000
Magicians;Comedy;6.0;5975;2000
Deux jours à Paris;Comedy, Romance, Drama;6.7;32376;2000
Fragile(s);Comedy, Drama;6.3;192;2000
Lumière silencieuse;Romance, Drama;7.2;7000;2000
Paranoid Park;Drama, Crime, Mystery;6.6;32419;2000
Lady Godiva;Romance, Comedy, Horror;3.7;139;2000
Le fils de Rambow;Comedy, Adventure, Action;7.0;33337;2000
Mon frère est fils unique;Comedy, Drama, Crime, History;7.0;6854;2000
Avant que j'oublie;Romance, Drama;6.0;518;2000
Demi-lune;Comedy, Drama, Music;7.2;3253;2000
Sugarhouse;Thriller, Drama, Crime;5.8;1362;2000
Summer Scars;Thriller, Drama, Horror;5.1;709;2000
Tick Tock Lullaby;Drama;4.2;141;2000
The Stone Angel;Drama;6.1;1851;2000
Ton prochain;Drama;7.3;39;2000
Mutum;Drama;7.0;594;2000
In Memory of Me;Drama;6.3;463;2000
Sir Billi;Comedy, Adventure, Animation;2.7;847;2010
Je déteste les enfants des autres;Comedy;4.8;181;2000
La mort du président;ScienceFiction, Documentary, Mystery, Crime, Drama;6.3;7066;2000
Vampire Diary;Fantasy, Drama, Horror;4.2;850;2000
Credo;Horror;4.3;850;2000
Le Mas des alouettes;Drama, History;6.5;2373;2000
Ten Dead Men;Thriller, Action, Crime;3.4;707;2000
I Don't Want to Sleep Alone;Romance, Drama;6.9;2490;2000
Je suis de Titov Veles;Drama;6.2;628;2000
Nue propriété;Drama;6.8;1833;2000
Within the Way Without;, Drama;7.5;21;2000
À l'intérieur;Thriller, Horror;6.7;46768;2000
The Club;Thriller, Drama, Action, Crime;6.7;3825;2000
The Sweeney: Unité de choc;Drama, Action, Crime;6.1;20837;2010
Far North;Romance, Thriller, Drama, Crime;6.1;3321;2000
Blindness;Thriller, ScienceFiction, Drama, Mystery;6.5;76246;2000
Le Guerrier silencieux;Fantasy, Adventure, Drama, Action;6.0;65277;2000
3 amis;Comedy;5.4;325;2000
Faut que ça danse!;Comedy, Drama;5.8;255;2000
Demandez la permission aux enfants;Comedy;5.4;254;2000
The Duchess;Romance, Drama, History, Biography;6.9;89063;2000
Le fils de l'épicier;Comedy, Drama;6.9;2572;2000
Gomez contre Tavarès;Comedy, Action, Crime;4.0;414;2000
La disparue de Deauville;Thriller, Drama, Crime;4.8;784;2000
Big City;Western, Adventure, Family;5.1;383;2000
Le témoin amoureux;Comedy, Romance;5.8;77990;2000
Naissance des pieuvres;Romance, Drama;6.7;14513;2000
Paris;Comedy, Romance, Drama;6.8;13032;2000
Frost/Nixon, l'heure de vérité;Drama, History, Biography;7.6;114492;2000
Before the Rains;Romance, Drama, History;6.5;2204;2000
Battle for Haditha;Adventure, Action, War, Drama, History;6.9;7624;2000
Sa majesté Minor;Comedy, Fantasy;4.0;1014;2000
Antichrist;Thriller, Drama, Horror;6.5;140989;2000
Le Dernier Gang;Thriller, Crime;6.0;701;2000
Disengagement/Gaza;Drama;5.9;862;2000
Better Things;Drama;5.2;750;2000
99 f;Comedy, Drama;7.1;21228;2000
Journal d'un Zombie;Thriller, Action, Horror, Sci-Fi;4.0;4911;2000
La France;Romance, Musical, Drama;6.3;595;2000
Mange, ceci est mon corps;Drama;5.6;143;2000
Donne-moi la main;Romance, Drama;5.8;1401;2000
Bad Day;Thriller, Crime;4.1;374;2000
L'auberge rouge;Comedy, Crime;5.9;1495;2000
Franklin and the Turtle Lake Treasure;Fantasy, Family, Animation;5.8;259;2000
La vérité ou presque;Comedy, Drama;5.8;244;2000
The Killing of John Lennon;Drama, Crime;6.1;1551;2000
Alice dans tous ses états;Adventure, Romance, Family, Comedy, Drama;5.2;1304;2000
Mr. Right;Comedy, Romance, Drama;5.8;566;2000
Chrysalis;Thriller, ScienceFiction, Crime, Action, Drama, Sci-Fi;5.4;3022;2000
Burn After Reading;Comedy, Drama, Crime;7.0;363974;2000
Le coeur des hommes 2;Comedy, Romance, Drama;5.9;863;2000
Détrompez-vous;Comedy;6.0;902;2000
Hell's Ground;Thriller, ScienceFiction, Adventure, Horror, Action;5.3;924;2000
The Feral Generation;Drama;6.8;59;2000
Last Minute Marocco;Comedy;5.0;305;2000
Si le vent soulève les sables;Drama, War;7.3;568;2000
Brüno;Comedy;5.9;156311;2000
L'Heure zéro;Comedy, Thriller, Mystery;5.8;696;2000
Roman de gare;Thriller, Drama;7.1;2669;2000
Steak;Comedy, ScienceFiction;6.0;3095;2000
Sisterhood;Comedy;6.3;96;2000
Che - 1ère partie - L'Argentin;Drama, War, History, Biography;7.1;48932;2000
Outpost;Adventure, Action, Horror, Sci-Fi;5.8;18279;2000
Dark World;Fantasy, Thriller, Drama, Sci-Fi;6.0;18408;2000
Rêves de poussière;Drama;7.0;296;2000
Coup de foudre à Seattle;Romance, Drama;5.7;34467;2000
Africa paradis;Drama, Sci-Fi;5.3;125;2000
Suite française;Romance, Drama, War, History;7.0;29666;2010
Boxes - Les boîtes;Drama;5.1;190;2000
Eichmann;Drama, History, Biography;5.9;3642;2000
La fille coupée en deux;Comedy, Thriller, Drama;6.2;3848;2000
Psych:9;Thriller, Mystery, Horror;4.4;2420;2010
L'Ascension d'un homme de main;Thriller, Biography, Adventure, Crime, Action, Drama;6.7;22406;2000
Westbrick Murders;Thriller, Action, Crime, Horror;2.5;418;2010
The Grind;Thriller, Drama, Crime;2.9;341;2010
The Broken;Thriller, Drama, Horror;5.4;11513;2000
Le petit guide du voyage dans le temps;ScienceFiction, Romance, Comedy, Drama, Sci-Fi;7.0;37656;2000
Dans la brume électrique;Thriller, Drama, Crime, Mystery;6.1;20516;2000
Ma vie n'est pas une comédie romantique;Comedy, Romance;5.8;619;2000
Pas douce;Thriller, Drama, Action;6.6;222;2000
C'est dur d'être honnête;Comedy, Drama;7.4;1391;2000
Le garçon au pyjama rayé;Drama, War, History;7.7;262104;2000
44 Inch Chest;Drama, Crime;5.8;7257;2000
Jackboots on Whitehall;Comedy, Sci-Fi, War, Animation;5.3;1519;2010
Fishtales;Romance, Family, Comedy, Drama, Fantasy;4.6;2023;2000
Tarzan;Fantasy, Adventure, Drama, Action;6.2;193447;2010
Les soldats de l'ombre;Drama, Action, War, History;7.2;20488;2000
RmR-73;Thriller, Drama, Crime, Mystery;6.6;6674;2000
Un baiser s'il vous plaît;Comedy, Romance, Drama;6.7;2757;2000
Après lui;Drama;5.8;725;2000
Blanche Neige, la suite;Comedy, Fantasy, Animation;4.6;505;2000
Falafel;Drama;6.3;315;2000
Les Hauts Murs;Drama;6.6;228;2000
Nocturnes;Drama, War;5.8;23;2000
Les Toits de Paris;, Drama;6.6;131;2000
Ezra;Drama;6.4;313;2000
Public Sex;Comedy, Romance, Drama;4.3;642;2000
Harry Potter et les Reliques de la Mort : partie 1;Fantasy, Adventure, Family;7.7;631080;2010
Mes garçons sont de retour;Drama;6.8;10578;2000
Le premier jour du reste de ta vie;Drama;7.5;10278;2000
Le nouveau protocole;Thriller, Drama, Action, Mystery;6.1;1059;2000
La possibilité d'une île;ScienceFiction, Drama, Action, Sci-Fi;3.6;351;2000
Caos Calmo;Romance, Drama;6.8;4193;2000
Un barrage contre le Pacifique;Drama;6.1;886;2000
13 m²;Thriller, Drama, Crime;5.4;304;2000
24 mesures;Drama;4.9;199;2000
Coupable;Comedy, Drama, Crime;4.2;119;2000
Tout est pardonné;Drama, Family;6.7;1013;2000
Taken;Thriller, Action, Crime;7.7;655239;2000
Bane;Horror, Sci-Fi;3.3;611;2000
Silent Hill: Revelation 3D;Thriller, Mystery, Horror;4.9;68610;2010
Fin de parcours;Comedy, Drama;6.6;86;2000
Et après;Thriller, Drama, Mystery;5.7;4215;2000
Rendez-vous à Brick Lane;Drama;6.6;3315;2000
Arthur 3 : La Guerre des deux mondes;Fantasy, Adventure, Family, Animation;5.5;11016;2010
Arthur et la Vengeance de Maltazard;Fantasy, Adventure, Family, Animation;5.3;11774;2000
Native Dancer;Fantasy, Drama;6.7;241;2000
Le tueur;Thriller;5.5;418;2000
Les Liens du sang;Drama, Action, Crime;6.2;1010;2000
Tonnerre sous les tropiques;Comedy, Adventure, Action, War;7.1;468330;2000
Chasseurs de dragons;Adventure, Action, Family, Animation;6.5;13683;2000
Source Code;Thriller, ScienceFiction, Mystery, Action, Drama;7.5;567641;2010
Green Zone;Thriller, Adventure, Action, War, Drama;6.8;145233;2010
Faubourg 36;Music, Musical, Drama;6.5;2992;2000
Lost in Beijing;Romance, Drama;6.7;2455;2000
Scream of the Ants;Adventure, Drama;6.0;1010;2000
Phénomènes;Thriller, ScienceFiction, Adventure, Drama, Sci-Fi;5.0;222553;2000
Arn: The Kingdom at the End of the Road;Adventure, Action, Romance, Drama, History;6.6;8823;2000
Flick;Comedy, Crime, Horror;4.8;397;2000
Disco;Comedy, Music;4.4;1717;2000
Les Enfants de Timpelbach;Fantasy, Adventure, Family;5.8;1154;2000
La veine du vigneron;Fantasy, Romance, Drama;5.6;1007;2000
The Killer Inside Me;Thriller, Drama, Crime, Mystery;6.1;36362;2010
Cass;Drama, Crime, Biography;6.4;6719;2000
Max et Co;Adventure, Drama, Animation;6.0;355;2000
Les noces rebelles;Romance, Drama;7.3;230312;2000
Un monstre à Paris;Animation, Adventure, Family, Comedy, Fantasy;6.7;23472;2010
La femme de l'anarchiste;Romance, Drama, History;6.1;603;2000
Victoria : Les Jeunes Années d'une reine;Romance, Drama, History, Biography;7.2;68174;2000
Casanova's Last Stand;Drama;6.9;21;2000
La nouvelle vie de Monsieur Horten;Comedy, Drama;6.7;4032;2000
Survivre avec les loups;Drama;6.5;1196;2000
Made in Romania;Comedy;4.8;344;2010
L'enquête - The international;Thriller, Drama, Action, Crime;6.5;102584;2000
Le journal intime de Georgia Nicolson;Comedy, Romance, Drama, Family;6.3;31074;2000
MindFlesh;Thriller, ScienceFiction, Horror, Drama, Sci-Fi;3.4;334;2000
Skin;Drama, Biography;6.9;3794;2000
St Trinian's : Pensionnat pour jeunes filles rebelles;Comedy, ScienceFiction, Family;5.8;24137;2000
Rêve de désert;Drama;6.5;249;2000
Le visiteur;Drama;6.3;632;2000
Ceux qui restent;Romance, Drama;6.8;662;2000
Hugo Cabret;Adventure, Drama, Family;7.5;343216;2010
Solomon Kane;Fantasy, Adventure, Action;6.1;78846;2000
Miss Pettigrew;Comedy, Romance, Drama;7.0;30230;2000
La león;Drama;6.4;434;2000
Exhibit A;Thriller, Drama, Crime, Horror;6.1;3729;2000
Chacun son cinéma;Comedy, Drama;6.7;5672;2000
Inconceivable;Comedy, Drama;3.2;503;2000
Au Commencement...;Romance, Drama, History, Biography;6.6;15407;2000
Le diable dans le sang;Comedy, Thriller, Mystery, Horror;4.7;1739;2000
The Other Man;Romance, Thriller, Drama, Mystery;5.4;12783;2000
Tokyo!;Comedy, Drama, Fantasy;7.0;12353;2000
Martyr;Horror;8.3;21;2000
Little New York;Thriller, Crime, Action, Comedy, Drama;5.9;5426;2000
La camara oscura;Music, Drama;6.6;174;2000
Deux vies plus une;Comedy, Romance, Drama;5.4;134;2000
Vanguard;ScienceFiction, Action, Horror, Sci-Fi;3.2;1571;2000
Magnus;Drama;5.9;481;2000
Le Monde de Narnia : L'Odyssée du Passeur d'Aurore;Fantasy, Adventure, Family;6.3;172289;2010
Christophe Colomb, l'énigme;Drama, History;5.7;446;2000
Hotel Meina;Drama, History;6.1;128;2000
Cowboy Angels;Drama;6.7;85;2000
Incendiary;Romance, Thriller, Drama;5.8;9206;2000
Les ballets écarlates;Drama, Crime;5.1;80;2000
Les sapins bleus;Comedy, Thriller, Drama, Crime;5.9;68;2000
Maman à tout prix;Comedy, Romance;4.6;2925;2000
French Film;Comedy, Romance;6.5;808;2000
Hunger;Drama, Crime, History, Biography;7.5;75220;2000
Le cristal magique du Père Noël;Comedy, Adventure, Family, Animation;3.9;282;2010
Sherlock Holmes;Adventure, Action, Crime, Mystery;7.6;690330;2000
The Superhero;Fantasy, Thriller, Action;4.4;111;2000
Coups mortels;Thriller, Drama, Crime, Horror;5.2;11770;2000
Jean Charles;Drama, Biography;6.3;1363;2000
Black;Drama, Action, Crime;5.2;405;2000
La Chambre des morts;Thriller, Crime, Mystery;6.3;1891;2000
Comme ton père;Comedy, Thriller, Drama, Action;5.2;140;2000
Le grand alibi;Thriller, Drama, Crime, Mystery;5.4;681;2000
Les randonneurs 2;Comedy;4.6;627;2000
Un conte de Noël;Comedy, Drama;6.9;7776;2000
Hanna;Thriller, Adventure, Drama, Action;6.7;211123;2010
Buick Riviera;Drama;6.3;268;2000
XXY;Romance, Drama;7.0;15240;2000
Vision;Drama, History, Biography;6.5;1345;2000
Les chansons d'amour;Romance, Musical, Drama;7.0;10401;2000
L'apprenti;Drama;6.8;143;2000
Cortex;Thriller, Crime, Mystery;6.2;888;2000
Deux jours à tuer;Romance, Drama;7.1;3706;2000
Exclusif;Drama;6.1;305;2000
La jeune fille et les loups;Adventure, Drama, Family;6.1;622;2000
Modern Love;Comedy, Musical, Romance;5.3;348;2000
La rivière aux castors;Adventure, Family, Documentary;7.0;318;2000
Bibliothèque Pascal;Fantasy, Drama;7.0;2045;2010
An Englishman in New York;Drama, Biography;7.1;1663;2000
Didine;Comedy, Romance, Drama;6.2;167;2000
Sacrifice;Thriller, Mystery, Horror;4.7;2948;2020
Cosmogonie;Thriller, Action, Horror;5.3;2754;2020
Villa Caprice;Thriller, Drama, Crime;5.8;411;2020
Mon cousin;Comedy;5.3;717;2020
Passion simple;Romance, Drama;5.4;1325;2020
Liverpool;Drama;6.4;1252;2000
Ca$h;Comedy, Thriller, Crime;5.9;5179;2000
Notre univers impitoyable;Comedy, Romance, Drama;5.8;462;2000
Perrier's Bounty;Comedy, Drama, Action, Crime;6.3;7816;2000
Levante;Drama, Sport;6.7;321;2020
Once a Year on Blackpool Sands;Comedy, Romance, Drama;5.6;156;2020
Louxor;Romance, Drama;5.3;907;2020
Les Promesses;Romance, Drama;5.3;477;2020
La vida en común;Drama, Documentary, Mystery;6.2;38;2010
Scare Attraction;Comedy, Thriller, Horror;2.3;472;2010
Bad Nun: Deadly Vows;Horror;3.5;271;2010
Enragé;Thriller, Action;6.0;83562;2020
Earwig;Fantasy, Drama, Horror;5.3;1706;2020
Ma nudité ne sert à rien;Drama;6.0;28;2010
La Dame de fer;Drama, History, Biography;6.4;115200;2010
Twist;Thriller, Drama, Action, Crime;4.2;3220;2020
Le mariage de Rosa;Comedy;6.4;2156;2020
Le Miracle du Saint Inconnu;Comedy, Drama, Crime;6.5;1690;2010
Rendez-vous à Palerme;Drama;6.1;3283;2000
L'oiseau de paradis;Fantasy, Drama;5.1;28;2020
Ouistreham;Drama;6.9;2653;2020
All Fun and Games;Thriller, Horror;4.3;3836;2020
La terre et le sang;Thriller, Drama, Action;5.2;3004;2020
Slumdog Millionaire;Romance, Drama, Crime;8.0;895051;2000
Surveillance 24/7;Romance, Thriller, Drama;5.1;327;2000
Peppa Pig: Festival of Fun;Family, Animation;4.4;165;2010
Chambre 212;Comedy, Drama;6.0;2449;2010
Miss;Comedy, Drama;6.4;1031;2020
Mens;Drama;6.6;17;2010
The Exchange;Comedy, Drama;5.7;620;2020
Tribal Get Out Alive;Thriller, Action, Horror;3.9;4314;2020
Helen;Drama;6.2;2289;2000
The Lehman Trilogy;Drama;8.9;444;2010
Bronx;Thriller, Drama, Action, Crime;6.1;10400;2020
Le sel des larmes;Romance, Drama;6.1;959;2020
Singularités d'une jeune fille blonde;Romance, Drama;6.2;1866;2000
42nd Street: The Musical;Comedy, Musical;7.8;578;2010
Premier de la classe;Comedy;5.2;215;2010
Tout nous sourit;Comedy;5.4;409;2020
Mon chien stupide;Comedy, Drama;6.2;2517;2010
Enfant 44;Thriller, Drama, Crime, History;6.4;77914;2010
School of the Damned;Thriller, Horror;3.0;454;2010
Behind the Line: Escape to Dunkirk;Drama, Action, War, Sport;4.7;3460;2020
Un coup de maître;Comedy;5.7;422;2020
Alva;Drama, Crime;5.3;51;2010
Ulzhan;Drama;6.7;669;2000
National Theater Live: Cyrano de Bergerac;Romance, Drama;8.6;539;2010
À l'Ouest, rien de nouveau;Drama, War, History;7.8;273860;2020
Splintered;Thriller, Horror;3.9;1108;2010
The Irish Connection;Comedy, Adventure, Action;3.5;1649;2020
Splice;Thriller, ScienceFiction, Horror, Sci-Fi;5.8;104693;2000
Silvio et les autres;Drama, Biography;6.7;7754;2010
Yves;Comedy, Sci-Fi;5.5;660;2010
Un garçon nommé Noël;Fantasy, Adventure, Drama, Family;6.7;29412;2020
Nuit barbare;Thriller, Crime, Horror;4.7;3075;2020
A Serious Man;Comedy, Drama;7.0;154292;2000
Eugénie Grandet;Drama, History;6.3;379;2020
Adieu les cons;Comedy, Drama;6.7;7458;2020
Shepherd;Drama, Mystery, Horror;4.9;1290;2020
Don't Let Them In;Mystery, Horror;4.3;1016;2020
Atlantique;Fantasy, Romance, Drama, Mystery;6.7;10919;2010
Adam;Drama;7.2;2113;2010
Liberté;Drama, History;4.5;1497;2010
Selma;Drama, History, Biography;7.5;97571;2010
Trois jours et une vie;Thriller, Drama, Crime;6.7;2145;2010
Donne-moi des ailes;Adventure, Drama, Family;7.3;3065;2010
Eden Lake;Thriller, Horror;6.7;102370;2000
Centurion;Adventure, Drama, Action, History;6.3;88142;2010
Patagonia;Adventure, Drama;6.6;664;2010
Copie conforme;Romance, Drama;7.2;27975;2010
Lesbian Vampire Killers;Comedy, Action, Fantasy, Horror;5.1;21298;2000
La danse du serpent;Drama;6.0;407;2010
Sick, Sick, Sick;Romance, Drama, Mystery;4.9;178;2010
Tu mérites un amour;Comedy, Romance, Drama;6.1;886;2010
Une mère incroyable;Drama;6.6;483;2010
Vif-Argent;Fantasy, Romance, Drama;6.1;517;2010
Timelife;Romance, Drama, Biography;7.6;11;2010
Vivre et chanter;Drama;6.5;204;2010
Jolt;Comedy, Thriller, Action, Crime;5.6;37353;2020
First Love, le dernier Yakuza;Comedy, Thriller, Action, Crime;6.7;8498;2010
Sortilège;Drama;6.1;204;2010
Perdrix;Comedy, Romance, Drama;6.3;1382;2010
The Scouting Book for Boys;Thriller, Drama;6.5;1059;2000
Les blagues de Toto;Comedy, Family;4.0;193;2020
Coco & Igor;Music, Romance, Drama;6.3;7166;2000
The Lost Girls;Fantasy, Drama;2.8;780;2020
Il divo;Drama, Biography;7.2;19779;2000
Doghouse;Comedy, Horror, Sci-Fi;6.0;23216;2000
Arnold Is a Model Student;Comedy, Drama;6.5;148;2020
Cartouches gauloises;Drama;6.9;203;2000
Wild Child;Comedy, Romance, Drama;6.1;66430;2000
After Blue (Paradis sale);Fantasy, ScienceFiction, Western, Sci-Fi;5.4;1170;2020
Le Fantôme de Mon Père;Drama, Crime;5.5;466;2020
Argo;Thriller, Drama, History, Biography;7.7;652501;2010
Je viens avec la pluie;Thriller, Mystery;5.3;3415;2000
London Heist;Thriller, Action;5.1;1384;2010
Ce soir, je dors chez toi;Comedy, Romance;5.1;802;2000
Enfin veuve;Comedy, Romance, Drama;5.4;1005;2000
10 jours sans maman;Comedy, Family;5.4;1386;2020
Le Fruit de l'espoir;Drama;2.3;13;2020
Boys from County Hell;Comedy, Thriller, Horror;5.9;5614;2020
Jurassic Island;Adventure, ScienceFiction, Action, Horror;2.7;1140;2020
The Father;Drama, Mystery;8.2;213005;2020
Cyber Bride;ScienceFiction, Sci-Fi;2.5;393;2010
Asylum Blackout;Thriller, Horror;5.6;5529;2010
Sardar Udham;Drama, Crime, History;8.3;49168;2020
Hatchi;Drama, Family, Biography;8.1;328281;2000
Little Nicholas - Happy as Can Be;Comedy, Family, Animation;7.1;1110;2020
Le poète et le dictateur;Drama, History, Biography;6.3;691;2020
Abraham's Point;Thriller, Drama;6.4;117;2000
I Know You Know;Comedy, Thriller, Drama;6.2;612;2000
Terminal Sud;Thriller, Drama;5.9;399;2010
Martyrs;Thriller, Drama, Horror;7.0;113692;2000
Vinyan;Thriller, Drama, Horror;5.2;6144;2000
The Power of the Dog;Western, Drama, History;6.8;200269;2020
Tied to a Chair;Comedy;6.4;48;2010
Lynn + Lucy;Drama, Crime, Mystery;6.7;1109;2010
The Kindred;Thriller, Horror;4.7;827;2020
Des hommes;Drama, War, History;5.8;501;2020
Force of Nature;Thriller, Adventure, Action, Crime;4.6;14063;2020
True Things;Drama;5.9;1857;2020
Fatman;Comedy, Adventure, Action, Fantasy;5.9;32173;2020
Le Secret de Green Knowe;Fantasy, Adventure, Drama;6.7;6475;2000
The Garden of Eden;Thriller, Drama;5.3;1287;2000
Jack Says;Thriller, Mystery, Crime, Comedy, Drama;4.2;397;2000
The Contractor;Thriller, Drama, Action;5.8;32616;2020
The Butterfly Tattoo;Romance, Thriller, Drama;5.4;476;2000
RocknRolla;Thriller, Action, Crime;7.2;270689;2000
La visite de la fanfare;Comedy, Drama, Music;7.5;14429;2000
Train de nuit;Drama;6.4;719;2000
Censor;Thriller, Mystery, Horror;6.0;21690;2020
La Chose derrière la porte;Fantasy, Drama, Horror;4.4;145;2020
Boîte noire;Thriller, Drama, Mystery;7.2;17906;2020
Gigi & Nate;Drama, Family;6.7;2336;2020
Lair;Thriller, Horror;4.1;4056;2020
Dorothy;Thriller, Drama, Mystery, Horror;6.0;6149;2000
Cold Skin;Fantasy, Drama, Action, Horror;6.0;19111;2010
Les insoumis;Thriller, Drama, Action, Crime;5.8;754;2000
White Lightnin';Thriller, Drama, Biography;7.0;1897;2000
Comment je suis devenu super-héros;Thriller, ScienceFiction, Adventure, Action, Comedy;5.8;6380;2020
Home;Drama;6.4;816;2020
Ellie & Abbie (& Ellie's Dead Aunt);Comedy, Romance;6.0;824;2020
The Stars at Noon;Romance, Thriller, Drama;5.5;4372;2020
La vertu des impondérables;Comedy, Musical, Drama;4.5;85;2010
Le bal des actrices;Comedy, Drama;6.5;1306;2000
Coco avant Chanel;Drama, History, Biography;6.6;42964;2000
La vache qui chantait le futur;Drama;5.9;426;2020
L'Homme qui a vendu sa peau;Drama;6.9;7474;2020
Miraculous - Le film;Animation, Adventure, Action, Family, Fantasy;6.1;7516;2020
Infinity Pool;Thriller, ScienceFiction, Mystery, Crime, Horror;6.0;68148;2020
Terrible Jungle;Comedy, Adventure;5.4;884;2020
Le sens de la famille;Comedy, Fantasy;6.0;1079;2020
CODA;Comedy, Romance, Drama, Music;8.0;178275;2020
Eiffel;Romance, Drama, History, Biography;6.2;8414;2020
Le Temps des Marguerite;Comedy, Family, Fantasy;6.1;351;2020
Les enfants de Windermere;History, Drama, War, TVMovie;7.2;3919;2020
Julie (en 12 chapitres);Comedy, Romance, Drama;7.7;110938;2020
Stone of Destiny;Comedy, Adventure, Drama, Crime;6.7;4588;2000
Le temps qu'il reste;Drama, History;7.1;2915;2000
Flashbacks of a Fool;Drama;6.8;13170;2000
Everyday;Drama;6.1;859;2010
7ème Ciel;Romance, Drama;6.6;1595;2000
Tous flics!;Comedy;3.3;10;2020
Fisherman's Friends 2;Comedy, Drama, Music;6.4;2368;2020
Aviva;Music, Romance, Drama;5.2;584;2020
Mandibules;Comedy, Fantasy;6.6;7130;2020
God's Creatures;Drama;6.0;3936;2020
C'est magnifique !;Comedy, Drama, Fantasy;6.1;402;2020
Other people;Music, Drama;6.5;613;2020
Petite Solange;Drama;6.1;240;2020
La nuit des horloges;Fantasy;5.6;163;2000
La fièvre de Petrov;ScienceFiction, Drama, Sci-Fi;6.6;3401;2020
L'enfer sous terre;Drama, War, History;6.5;4148;2020
Present Laughter;Comedy, Drama;8.7;679;2010
Debout sur la montagne;Comedy, Adventure, Drama;5.7;184;2010
The King of Fighters;Thriller, ScienceFiction, Action, Sci-Fi;3.1;4680;2000
Shoot on Sight: Tir á vue;Thriller, Drama, Crime;6.1;1736;2000
Attention au départ;Comedy;5.2;409;2020
Beautiful Blue Eyes;, Thriller, Drama, Crime;4.9;242;2000
Yona, la légende de l'oiseau-sans-aile;Comedy, Adventure, Family, Animation;5.2;203;2000
Death Ranch;Thriller, Horror;4.7;575;2020
The Nan Movie;Comedy, Adventure;4.8;1791;2020
L'Enfant-cheval;Drama;7.0;667;2000
Cochonne;Thriller, Drama, Horror;6.2;14945;2020
L'arbre aux papillons d'or;Drama;6.8;1746;2020
National Theatre Live: Hansard;Drama;8.2;122;2010
BAC Nord;Thriller, Drama, Action, Crime;6.9;14840;2020
Qu'est-ce qu'on a tous fait au Bon Dieu ?;Comedy, Romance;6.1;4495;2020
Deux moi;Comedy, Romance, Drama;6.6;5744;2010
Seules les bêtes;Drama, Crime, Mystery;7.1;8553;2010
L'homme parfait;Comedy;4.7;194;2020
Rêves de jeunesse;Comedy, Drama;6.0;115;2010
Casse-Noisette: l'histoire jamais racontée;Fantasy, Music, Action, Family;4.1;4363;2010
Johnny Mad Dog;Drama, War, History;6.7;3610;2000
Obscénité et Vertu;Comedy, Drama, Music;5.3;2655;2000
Tu£sday;Action, Crime, Mystery;5.1;640;2000
Tout simplement noir;Comedy;6.4;2647;2020
Totally Spies! Le Film;Comedy, Adventure, Action, Animation;6.4;965;2000
Le Chien;Comedy, Drama;5.5;61;2000
Il va pleuvoir sur Conakry;Drama;6.9;82;2000
Tengri, le bleu du ciel;Romance, Drama;6.8;165;2000
The Arsonist;Comedy, Crime, Mystery;5.8;51;2020
Vendetta;Thriller, Drama, Action, Crime;4.9;544;2000
Sacrés Rongeurs;Family, Animation;4.7;300;2000
Dead Wood;Horror;3.4;613;2000
Alone with Her Dreams;Drama;7.3;592;2010
La ruche;Drama;5.8;225;2020
Les lascars;Comedy, Animation;6.9;1765;2000
La maison;Drama;6.1;194;2000
La bonne épouse;Comedy, Drama;5.8;2386;2020
Kinky Boots, le show au cinéma;Music, Musical, Comedy;8.1;1143;2010
Les enfants d'Isadora;Drama;5.9;357;2010
Dark Whispers: Volume 1;Thriller, Drama, Horror;3.8;267;2010
Un conte peut en cacher un autre;Comedy, Fantasy, Family, Animation;7.2;27;2010
Be Happy;Comedy, Romance, Drama;7.0;41854;2000
Balle Perdue;Thriller, Action, Crime;6.3;15303;2020
Été 85;Romance, Drama;6.9;14883;2020
I Love You Phillip Morris;Biography, Crime, Romance, Comedy, Drama;6.6;101721;2000
Dick Dynamite 1944;Comedy, Action, War, Horror;4.1;214;2020
Sham Love: Escape - Stop That Wedding;Drama;7.2;10;2010
Teddy;Comedy, Drama, Horror;6.0;2021;2020
Song for Marion;Comedy, Romance, Drama, Music;6.9;8114;2010
Maurice le chat fabuleux;Animation, Adventure, Family, Comedy, Fantasy;6.2;6198;2020
Redwood Massacre: Annihilation;Mystery, Horror;4.3;671;2020
Séraphine;Drama, History, Biography;7.4;6657;2000
The World Unseen;Romance, Drama;6.6;4898;2000
The Trip to Greece;Comedy, Drama;6.5;4924;2020
Unicorn Wars;Animation, Horror, Action, War, Comedy, Fantasy;6.9;2724;2020
Danny. Legend. God.;Comedy, Drama, Crime;5.4;1158;2020
Stalked;Action, Horror;2.8;345;2010
Les femmes du pavillon J;Drama;6.9;20;2010
La Source;Comedy, Drama, Biography;5.5;111;2010
À l'autre bout du fil;Comedy, Romance, Drama, Family;6.1;6405;2000
Annabellum: The Curse of Salem;Thriller, Horror, Mystery;2.4;1337;2010
My Last Five Girlfriends;Comedy, Romance, Drama;5.7;2108;2000
The Ghosts of Borley Rectory;History, Drama, Mystery, Horror;3.8;1038;2020
Sangre;Drama;4.6;169;2020
Illusions perdues;Romance, Drama;7.4;7103;2020
Incidental Characters;Comedy;5.0;92;2020
School's Out Forever;Comedy, Thriller, Drama, Horror;5.4;1296;2020
Champagne!;Comedy;4.8;474;2020
Resonnances;ScienceFiction, Horror, Sci-Fi;4.8;88;2000
Between Forever;Romance, Drama;7.2;83;2020
Ça se soigne?;Comedy, Drama;4.6;190;2000
Sagan: Des bleus à l'âme;Drama, Biography;6.3;907;2000
J'irai où tu iras;Comedy, Drama;5.4;567;2010
Josep;Biography, Drama, History, Animation;7.4;2246;2020
Mystère à Saint-Tropez: Une enquête de l'inspecteur Boulin;Comedy, Crime, Mystery;5.0;1924;2020
Rendez-vous chez les Malawas;Comedy;4.5;1009;2010
Au nom de la terre;Drama, Biography;6.8;1578;2010
Maigret et la jeune morte;Drama, Crime, Mystery;5.9;3532;2020
Adieu Monsieur Haffmann;Drama, History;7.0;3322;2020
Fleur du désert;Drama, Biography;7.3;14884;2000
A Dark Path;Drama, Mystery, Horror;2.7;913;2020
L'Imaginarium du docteur Parnassus;Comedy, Adventure, Fantasy, Mystery;6.8;155920;2000
House of Shadows;Thriller, Horror;2.4;657;2020
Les sans-dents;Comedy;4.9;91;2020
Porto Farina;Comedy, Romance, Drama;7.2;54;2010
L'origine du monde;Comedy, Drama;5.8;2039;2020
L'oeuf dure;Comedy;6.8;19;2010
Brutus vs César;Comedy, Adventure, History;3.7;967;2020
Une chanson dans la tête;Comedy, Drama;6.6;102;2000
Dying God;Thriller, Horror, Sci-Fi;2.8;1117;2000
Me, Myself and Di;Comedy, Romance;4.4;245;2020
How to Be;Comedy, Drama;5.3;4035;2000
Memory of Love;Romance, Drama;6.2;123;2000
Antisocial Behaviour;Thriller, Horror;4.9;71;2000
À travers la poussière;Drama;7.3;134;2000
Mind-Set;Comedy, Drama;6.8;68;2020
Don't Speak;Thriller, Horror, Sci-Fi;3.2;1521;2020
Profession du père;Comedy, Drama;5.9;385;2020
Vous n'aurez pas ma haine;Drama, History;6.2;440;2020
La fièvre;Thriller, Drama, Mystery;6.8;748;2010
Haut perchés;Comedy, Thriller, Drama;4.6;122;2010
Space Ninjas;Comedy;3.7;155;2010
L'Ange Amazonien;Unknown, Documentary;7.3;66;1990
Effacer l'historique;Comedy, Drama;5.7;2165;2020
Ain't Scared;Drama;6.3;135;2000
Parents d'élèves;Comedy, Romance;5.9;678;2020
Strangers;Romance, Thriller, Drama;6.7;527;2000
A Dog's Death;Comedy, Drama;6.5;86;2010
Fendas;Drama;6.0;70;2010
Jack in the Box;Horror;4.3;3260;2010
De la guerre;Comedy, Drama, War;6.0;575;2000
I'm Not in Love;Comedy, Romance, Drama;4.6;436;2020
Bienvenue chez les Ch'tis;Comedy, Romance, Drama;7.1;46350;2000
La Capture;Drama;6.1;146;2000
Des poupées et des anges;Drama;5.3;211;2000
Fool Moon;Comedy;5.2;67;2000
Leur morale... et la nôtre;Comedy, Crime;5.5;194;2000
Sois sage;, Drama;6.1;66;2000
Tu peux garder un secret?;Comedy, Romance, Drama;4.2;148;2000
Un coeur simple;Drama;6.5;353;2000
The Science of Fictions;Drama;6.5;162;2010
Parlez-moi de la pluie;Comedy, Drama;6.0;1997;2000
J'ai rêvé sous l'eau;Romance, Drama;5.0;413;2000
Ducobu 3;Comedy, Family;4.2;293;2020
Sacrilege;Drama, Mystery, Horror;3.6;533;2020
Jagame Thandhiram;Comedy, Drama, Action, Crime;5.8;12790;2020
Romeo and Juliet: Beyond Words;Music, Drama;7.4;179;2010
Halloween Kills;Thriller, Drama, Action, Horror;5.5;103811;2020
Burlesque Fairytales;Thriller, Drama;5.8;228;2000
La Nuée;Drama, Horror;5.3;8387;2020
Notre fleuve... notre ciel;Drama, War;7.1;52;2020
Mica;Comedy, Drama, Sport;6.9;150;2020
Agathe Cléry;Comedy, Musical;4.6;878;2000
Between the Walls;Drama;7.5;37009;2000
Il y a longtemps que je t'aime;Drama;7.6;20905;2000
Je veux voir;Drama, Documentary, History;6.1;345;2000
Le premier venu;Romance, , Drama;5.6;203;2000
Telstar: The Joe Meek Story;Music, Drama, Biography;6.5;1996;2000
La troisième partie du monde;ScienceFiction, Mystery, Romance, Fantasy, Drama;5.5;152;2000
Affaire de famille;Comedy, Crime;6.1;246;2000
La vie extraordinaire de Louis Wain;Comedy, Drama, History, Biography;6.8;22379;2020
Le traducteur;Thriller, Drama;5.8;316;2020
Habana Eva;Comedy, Romance;5.9;369;2010
After Love;Drama;7.3;4613;2020
Moffie;Romance, Drama, War;6.8;4336;2010
National Theatre Live: Fleabag;Comedy;8.3;3545;2010
Framed;Romance, Thriller;5.0;310;2020
Hava, Maryam, Ayesha;Drama;6.3;251;2010
Lionel;Drama;4.7;24;2020
Copains d'avant;Comedy;5.3;1463;2010
The Crew;Thriller, Drama, Action, Crime;5.9;2858;2000
The Descent 2;Thriller, Adventure, Horror;5.7;53668;2000
The Reverend;Action, Horror;3.9;524;2010
The Hidden Track;Thriller, Drama, Mystery;5.1;48;2010
Le Ciel des Anges;Romance, Drama;6.4;1312;2000
Une histoire italienne;Drama, History, Biography;6.1;1047;2000
Par suite d'un arrêt de travail...;Comedy;5.5;106;2000
Délicieux;Comedy, Drama, History;7.0;6599;2020
The Feast;Thriller, Drama, Mystery, Horror;5.6;4188;2020
Skyfall;Thriller, Adventure, Action;7.8;750657;2010
Papi-Sitter;Comedy, Drama;5.4;470;2020
Un fils;Thriller, Drama, Crime;7.3;1374;2010
Daddy Cool;Comedy, Drama;5.0;644;2000
Ne te retourne pas;Thriller, Drama, Mystery, Horror;5.8;7688;2000
Le bonheur de Pierre;Comedy;5.3;327;2000
Dans la nuit;Drama;6.1;214;2000
Night Teeth;Thriller, Crime, Horror, Action, Drama;5.7;23011;2020
Une équipe de rêve;Comedy, Drama, Sport;6.5;29174;2020
La llorona;Thriller, Drama, Crime, Horror;6.6;8428;2010
L'horizon;Drama;6.0;71;2020
Special People;Drama;8.6;72;2000
Seuls Two;Comedy;5.4;2860;2000
The Pebble and the Boy;Drama;5.9;771;2020
Tales from the Great War;Comedy, Thriller, War, Horror;6.4;147;2020
A Night in 97;Thriller;4.9;59;2020
Boys on Film 19: No Ordinary Boy;Music, Thriller, Mystery, Animation, Romance, Drama;5.9;68;2010
Boy A;Drama, Crime;7.6;39624;2000
Moon, 66 Questions;Drama;6.3;824;2020
Trois Étés;Comedy, Drama;6.4;633;2010
Faintheart;Comedy, Romance, Drama;6.2;1211;2000
Tiger Stripes;Drama, Horror;6.0;1136;2020
Cupid;Horror;3.5;1732;2020
Ce cher mois d'août;Music, Romance;6.9;1904;2000
Baarìa;Comedy, Romance, Drama;6.9;8210;2000
Hong Kong adrénaline;Thriller, Drama, Action;4.5;339;2000
Joueuse;Comedy, Drama;6.9;3311;2000
Musée haut, musée bas;Comedy;5.4;493;2000
Pusher;Drama, Action, Crime;6.2;804;2010
Trouble Will Find Us;Romance, Drama;6.3;204;2020
Pixie;Comedy, Thriller, Crime;5.9;5818;2020
Dummy;Drama;6.8;359;2000
Eddie the Eagle;Biography, Adventure, Comedy, Drama, History;7.3;104243;2010
Taish;Thriller, Drama, Action, Crime;7.3;6122;2020
The Candy Witch;Horror;3.3;1103;2020
À coeur battant;Romance, Drama;6.4;149;2010
It Came from Below;Thriller, Mystery, Horror;3.2;1327;2020
Witches of Amityville Academy;Horror;2.6;913;2020
L'heure de pointe;Drama;5.5;281;2000
Eami, la mémoire de la forêt;Drama;6.0;190;2020
A Dark, Dark Man;Drama, Crime;6.9;518;2010
L'étreinte;Drama;5.4;234;2020
Bonjour le monde!;Family, Animation;7.0;65;2010
Aide-toi, le ciel t'aidera;Comedy, ;6.5;128;2000
Eden Log;Thriller, ScienceFiction, Mystery, Adventure, Horror, Action, Drama;5.2;6927;2000
Les grandes personnes;Comedy, Drama;5.8;672;2000
Le petit roi Macius;Fantasy, Family, Animation;6.5;71;2000
Fluke;Comedy;5.8;247;2000
Les dents de la nuit;Comedy, Fantasy, Horror;5.3;653;2000
Libres;Drama, History, Biography;6.1;2196;2020
French Touch: Girls on Fire;Drama;5.8;50;2010
Through a Boy's Eyes;Romance, Drama;5.3;188;2010
Le Rêve de Noura;Drama;6.5;476;2010
Le sel de la mer;Romance, Drama;6.8;1588;2000
A Light Through Coloured Glass;Drama;9.1;24;2020
Cliente;Romance, Drama;6.0;1191;2000
Nos 18 ans;Comedy, Romance;6.1;848;2000
Laissons les morts engloutir les morts;Drama, History;7.1;9;2010
Le souffle coupé;Drama;6.1;3190;2020
The Creeping;Horror;4.3;410;2020
Nonostante la nebbia;Drama;6.3;168;2010
Comme les autres;Comedy, Romance, Drama;6.5;1440;2000
Hush: En route vers l'enfer;Thriller, Action, Horror;6.0;7383;2000
Lunettes noires;Thriller, Drama, Mystery, Horror;5.1;4789;2020
Sticky Toffee Pudding;, Drama;6.7;67;2020
Petite fleur;Comedy, Thriller;6.0;621;2020
Médée miracle;Drama;5.2;146;2000
Sous les bombes;Romance, Drama, War, History;7.0;1788;2000
The Disappeared;Thriller, Drama, Horror;5.8;2138;2000
Titane;Thriller, Drama, Horror, Sci-Fi;6.5;62318;2020
Ils sont vivants;Drama;5.7;279;2020
Février;Drama;6.5;242;2020
Hommes au bord de la crise de nerfs;Comedy;5.2;583;2020
Opération Portugal;Comedy;4.7;573;2020
Mystère;Adventure, Drama, Family;6.3;2929;2020
Le loup et le lion;Adventure, Drama, Family;6.2;4472;2020
Les meilleures;Romance, Drama;6.3;277;2020
La petite fille de la terre noire;Drama;7.0;233;2000
C'est toujours mieux quand on sourit sur la photo;Comedy, Romance, Family;6.0;1611;2000
Arthur Rambo;Drama;6.1;768;2020
Banlieusards;Drama, Crime;6.4;2072;2010
Vampire Virus;Thriller, Horror;3.3;406;2020
Belle fille;Comedy;5.8;578;2020
Bruno Reidal, confession d'un meurtrier;Drama, Crime, Biography;6.6;929;2020
Cette musique ne joue pour personne;Comedy, Romance, Drama;6.4;530;2020
Lucky;Comedy;4.6;443;2020
Colombine;Comedy, Drama;5.7;18;2010
Concrete Plans;Thriller, Crime;5.3;828;2020
La guerre de l'ombre;Thriller, Drama, Crime, Action;6.8;11795;2000
Hasta el cielo;Thriller, Adventure, Crime, Action, Drama;5.6;5015;2020
Dragonball Evolution;Thriller, ScienceFiction, Adventure, Action, Fantasy;2.5;83002;2000
Utama: La terre oubliée;Drama;7.1;2332;2020
To Be Someone;Comedy, Crime;3.7;287;2020
Crypsis;Horror;2.5;305;2010
Saint Cecilia of Spiralence;Drama;4.4;32;2020
35 rhums;Drama;7.1;5458;2000
Tormented;Comedy, Mystery, Horror;5.1;6627;2000
Playlist;Comedy, Drama, Music;6.3;810;2020
Pig;Thriller, Drama, Mystery;6.9;98547;2020
Into the Deep;Thriller, Drama, Crime, Horror;4.6;1967;2020
Toxica;, Action, Mystery, Horror;4.0;67;2020
Il faut un héritier;Comedy;5.5;405;2020
Maman, j'ai raté l'avion! (ça recommence);Comedy, Crime, Family;3.6;21859;2020
Antoinette dans les Cévennes;Comedy, Adventure, Romance;6.5;4242;2020
Chacun chez soi;Comedy;4.8;492;2020
Médecin de Nuit;Comedy;6.5;2491;2010
Dune Dreams;Fantasy, Thriller, Drama, Mystery;5.2;50;2020
Filles de joie;Drama;6.2;993;2020
Two Lovers;Romance, Drama;7.0;44868;2000
5ème set;Drama, Sport;6.5;1570;2020
Les emmurés;Thriller, Horror;4.7;6389;2000
Little Ashes;Romance, Drama, History, Biography;6.3;9842;2000
Shifty;Thriller, Drama, Crime;6.5;3158;2000
Le réseau Shelburn;Drama, War;7.4;72;2010
Night Dragon;Thriller, Drama, Crime;2.8;191;2000
Coffin Rock;Thriller, Drama;5.3;1681;2000
Cemetery;Adventure;6.3;245;2010
The Silent Twins;Drama, Crime, Biography;5.7;2650;2020
Le plaisir de chanter;Comedy, Crime;5.8;329;2000
Des feux dans la nuit;Drama, History;7.0;49;2020
Kandisha;Horror;5.4;1619;2020
Poly;Adventure, Family;5.7;238;2020
À l'abordage;Comedy, Drama;7.0;2717;2020
The Bad Family;Drama;6.1;93;2020
Call of Silence;ScienceFiction, Adventure, Fantasy, Drama, Sci-Fi;5.8;389;2020
Giallo;Thriller, Mystery, Crime, Horror;4.5;6279;2000
Unrelated;Drama;6.7;3079;2000
Toothfairy 2;Horror;2.0;499;2020
Un homme en colère;Thriller, Action, Crime, Adventure;7.1;224623;2020
La Fortaleza;Adventure, Drama;6.1;202;2020
Garçon chiffon;Comedy, Drama;5.5;541;2020
De son vivant;Drama;6.7;974;2020
Les disparus de Lötschental;Thriller, Adventure, Action, Horror;3.5;915;2000
Riptide;Drama;7.2;11;2020
Day of Violence;Thriller, Crime;3.7;400;2010
Paddington;Comedy, Adventure, Family;7.3;147415;2010
Rendir los machos;Comedy, Drama;5.7;52;2020
Jasper, pingouin explorateur;Adventure, Family, Animation;6.6;94;2000
Agra, une famille indienne;Drama;5.6;1199;2020
Magique!;Comedy, Romance, Drama, Music;4.8;137;2000
Yakari, le film;Adventure, Family, Animation;6.4;569;2020
The Chef;Thriller, Drama;7.5;49854;2020
The Investigation: A Haunting in Sherwood;Horror;4.2;199;2010
Azor;Thriller, Drama;6.5;3187;2020
Governance;Thriller, Drama;5.9;280;2020
Voir le jour;Comedy, Drama;5.8;170;2020
Affinity;Romance, Thriller, Drama, Mystery;6.2;2292;2000
Supernova;Romance, Drama;6.9;15483;2020
Atarrabi & Mikelats;Fantasy, Drama;5.7;106;2020
Strigoi;Comedy, Drama, Fantasy, Horror;5.4;1300;2000
Les cobayes;Comedy;5.5;89;2020
Optical Illusions;Comedy, Drama;6.2;289;2000
Bad Habits;Comedy, Crime, Horror;4.6;147;2020
Una promessa;Drama;5.9;273;2020
L'ombre d'un mensonge;Romance, Drama;6.6;1129;2020
Séance;Thriller, Mystery, Horror;5.2;4712;2020
Sous les étoiles de Paris;Comedy, Drama;6.1;363;2020
La fine fleur;Comedy, Drama;6.4;1294;2020
Accidents Happen;Comedy, Drama;6.0;2829;2000
Enfances;, Drama;6.4;173;2000
The Card Counter;Thriller, Drama, Crime;6.2;45387;2020
La Princesse de Chicago: Dans la peau d'une reine;Comedy, Romance, Drama, Family;5.4;14478;2020
30 jours max;Comedy, Action, Crime;5.5;2239;2020
12 in a Box;Comedy, Thriller;5.1;462;2000
Tony;Thriller, Drama, Horror;6.1;3736;2000
Astérix & Obélix: L'Empire du Milieu;Comedy, Adventure, Family;5.1;12169;2020
Le septième fils;Fantasy, Adventure, Action;5.5;82133;2010
House of Gucci;Drama, Crime, History, Biography;6.6;168620;2020
The Gardener;Thriller, Drama, Action;3.6;655;2020
Hatched;ScienceFiction, Adventure, Horror, Action, Drama;2.8;603;2020
Mother Teresa & Me;Drama;5.8;119;2020
Les Misérables: The Staged Concert;Music, Musical, Drama, History;8.6;824;2010
Impardonnable;Drama, Crime, Mystery;7.1;123736;2020
Zahorí;Drama;6.8;72;2020
They Shot the Piano Player;Music, Drama, History, Animation;6.6;893;2020
John Rabe;Drama, War, History, Biography;7.2;6860;2000
La Saison des orphelins;Thriller, Mystery;5.5;53;2000
Skate or Die;Comedy, Action, Crime;4.0;659;2000
Cottontail;Romance, Drama;6.5;323;2020
Schirkoa: la cité des fables;Fantasy, Sci-Fi, Animation;5.6;160;2020
Creatures;Comedy, ScienceFiction, Action, Horror;3.7;1381;2020
The Devil's Music;Documentary, Crime, Horror, Comedy, Drama;4.2;126;2000
The Wrestler;Romance, Drama, Sport;7.9;325729;2000
Conférence;Drama;6.7;429;2020
Adulthood;Drama, Crime;6.6;13341;2000
Solitary;Thriller, ScienceFiction, Drama, Sci-Fi;3.5;1899;2020
Le Bel été;Drama;5.2;27;2010
Pets United: L'union fait la force;Comedy, Adventure, Family, Animation;3.7;3335;2010
Mission London;Comedy;7.1;6378;2010
Farming;Drama;6.2;2466;2010
Sol;Comedy;6.0;225;2020
South of Heaven;Thriller, Drama, Crime;5.8;2439;2020
Un endroit comme un autre;Drama;7.4;8364;2020
Phea;Romance, Thriller, Crime;6.9;28;2020
Daisy;Thriller, Drama, Horror;5.1;1647;2000
Mum & Dad;Thriller, Horror;5.9;6646;2000
Le transporteur 3;Thriller, Action, Crime, Adventure;6.1;181678;2000
When the Screaming Starts;Comedy, Horror;5.3;723;2020
Is Anybody There?;Drama;6.6;5080;2000
Pornomelancolia;Drama;5.8;458;2020
Des hommes de paille;Thriller, Drama, Horror;4.8;35;2020
Catch the Fair One;Thriller, Crime;6.3;2628;2020
The Intrusion;Drama;6.9;30;2020
A Deal Is a Deal;Comedy, Drama;6.1;2509;2000
Avant l'aube;Romance, Thriller, Drama;6.4;773;2010
Cinéman;Comedy, Romance, Fantasy;2.9;713;2000
JCVD;Comedy, Drama, Crime, Action;7.0;40916;2000
Le premier cercle;Thriller, Adventure, Crime, Action, Drama;5.4;3632;2000
En attendant Bojangles;Comedy, Romance, Drama;6.4;2372;2020
Madeleine Collins;Thriller, Drama;6.2;1892;2020
Shiddat;Romance, Drama;7.6;25337;2020
A Touch of Vengeance;Thriller, Drama, Action, Crime;9.0;36;2020
2:22;Thriller, ScienceFiction, Mystery, Romance, Drama;5.7;26607;2010
Good Morning England;Comedy, Drama, Music;7.3;118333;2000
Lady Vegas - Les Mémoires d'une joueuse;Comedy, Romance, Drama;4.9;12295;2010
Louise-Michel;Comedy, Drama;6.5;2637;2000
Versailles;Drama;6.7;579;2000
Vilaine;Comedy;5.5;1129;2000
De bas étage;Drama, Crime;5.6;92;2020
Boogie Woogie;Comedy, Drama;5.1;4262;2000
Bouquet final;Comedy;5.8;678;2000
Donkeys;Comedy, Drama;6.3;243;2010
400 Bullets;Action, War;3.8;3985;2020
Krach;Thriller, Drama, Action;4.6;479;2010
Tell Tale;Thriller, Mystery, Horror, Drama, Sci-Fi;5.4;5351;2000
La différence, c'est que c'est pas pareil;Comedy, Drama;4.6;49;2000
White Material;Drama, War;6.9;8714;2000
El cielo, la tierra, y la lluvia;Drama;6.2;192;2000
Deadmeat;, Thriller, Drama, Crime;4.7;26;2000
Dean Spanley;Comedy, Drama;7.2;3904;2000
Awaydays;Drama, Crime;5.7;3870;2000
People Just Do Nothing: Big in Japan;Comedy, Music;6.8;4113;2020
La colline où rugissent les lionnes;Drama;6.0;448;2020
The Ghost Writer;Thriller, Drama, Crime, Mystery;7.2;174090;2010
Daemon Mind;Thriller, Horror;4.9;33;2020
Lady Blood;Horror;2.7;190;2000
Morse;Fantasy, Drama, Horror;7.8;233368;2000
La fille de Monaco;Comedy, Drama;5.8;2401;2000
Sans arme, ni haine, ni violence;Drama, Crime, Biography;5.8;737;2000
A Banquet;Thriller, Mystery, Horror;4.7;1554;2020
The Poltergeist Diaries;Drama, Mystery, Horror;3.3;747;2020
Messe basse;Fantasy, Thriller, Romance, Horror;5.3;219;2020
Boy in the Corner;Drama, Crime;7.9;214;2020
Paranormal Farm 3 Halloween;Horror;3.4;58;2010
Wise Children;Comedy, Musical, Drama, Music;7.3;42;2010
Salamandra;Drama;5.4;129;2000
Falcon Lake;Fantasy, Romance, Drama, Mystery;7.0;3560;2020
Tokyo Shaking;Drama;6.1;677;2020
Noël est au rendez-vous;Animation, Adventure, Action, Comedy, Romance;5.5;2444;2020
Cannibal Cabin;Horror;2.4;237;2020
Feu follet;Music, Musical, Romance, Comedy, Fantasy;6.0;1181;2020
Premières neiges;Drama;7.0;1187;2000
L'empreinte;Drama;6.7;928;2000
C.I.Ape;Comedy, ScienceFiction, Action, Family;3.2;1221;2020
Esther;Thriller, Mystery, Horror;7.0;267142;2000
Cuckoo;Thriller, Drama;3.8;144;2000
Almamula;Fantasy, Drama;5.9;325;2020
The Agent;Comedy, Drama;5.7;80;2000
Micmacs à tire-larigot;Comedy, Action, Crime;7.1;31707;2000
Le ruban blanc;Thriller, Drama, Mystery;7.8;79779;2000
Yuki & Nina;Drama;6.7;384;2000
Un simple espion;Romance, Thriller, Drama;5.9;1155;2000
J'irai mourir dans les Carpates;Comedy, Thriller, Mystery;6.0;415;2020
Choose or Die;Thriller, ScienceFiction, Drama, Horror;4.8;27585;2020
Suzanna Andler;Drama;4.7;286;2020
Baby Blues;Romance, Thriller, Comedy;5.1;105;2000
Hellthy;Drama, Mystery, Horror;5.2;168;2010
BigBug;Comedy, ScienceFiction, Sci-Fi;5.5;10977;2020
Blue Eyes;Thriller, Drama, Crime;5.1;91;2020
Zaï Zaï Zaï Zaï;Comedy;5.8;608;2020
Ali & Ava;Romance, Drama;6.7;3362;2020
L'incident;Romance, Drama;6.2;4052;2000
Repeat;ScienceFiction, Drama, Mystery, Sci-Fi;5.4;527;2020
Bancs publics (Versailles rive droite);Comedy, Romance, Drama;5.9;880;2000
Envole-moi;Comedy, Drama;6.2;592;2020
A Gaza Weekend;Comedy, Drama;6.5;185;2020
La fille la plus heureuse du monde;Comedy, Drama;6.9;1797;2000
Huacho;Drama;6.6;214;2000
Wolfwood;ScienceFiction, Horror;3.3;99;2020
Rogue;Thriller, Action, Horror, Adventure;4.2;10311;2020
Little Big Boy;Comedy, Adventure, Action, Horror;3.9;176;2010
Eden à l'Ouest;Drama;6.8;2771;2000
Never Grow Old;Western, Drama;6.0;5193;2010
The Haunting of Hythe House;Horror;3.0;263;2020
Cheerful Weather for the Wedding;Comedy, Romance, Drama;5.6;2498;2010
Nés en 68;Comedy, Romance, Drama;6.5;684;2000
Rumba;Comedy, Drama;6.8;1835;2000
Le voyage aux Pyrénées;Comedy, Drama;4.6;185;2000
La Beauté du Geste;Comedy, Drama;6.2;1330;2020
Les intranquilles;Drama;6.6;1341;2020
Ondine;Fantasy, Romance, Drama, Mystery;6.6;10010;2020
Nemesis;Thriller, Crime;3.2;1192;2020
Joyeuse fin du monde;Comedy, ScienceFiction, Drama, Horror;5.8;22912;2020
Isabella;Drama;5.6;212;2020
Memory house;Fantasy, Drama;5.8;391;2020
Don't Love Me;Romance, Drama, Comedy;5.8;63;2010
Andromeda Galaxy;Drama;7.0;37;2020
Vengeance Is Mine;Thriller, Action;5.0;10144;2020
Los conductos;Drama, Mystery;5.7;478;2020
Viens je t'emmène;Comedy, Drama;6.2;912;2020
L'immortel;Thriller, Drama, Action, Crime;6.6;37261;2010
OSS 117 : Rio ne répond plus;Comedy, Adventure, Action, Crime;6.8;17242;2000
Natural Light;Drama, War, History;5.9;1407;2020
Le Bal des folles;Thriller, Drama, History;6.7;4669;2020
Si le vent tombe;Drama;6.4;254;2020
Nobody Loves You and You Don't Deserve to Exist;Drama, Mystery;7.4;102;2020
The Deep House;Drama, Mystery, Horror;5.3;18628;2020
Alice, Darling;Romance, Thriller, Drama, Mystery;5.6;13318;2020
Apollo;Comedy, Romance, Drama;6.8;1207;2020
Renegades;Thriller, Drama, Action, Crime;3.6;2364;2020
DAU. Natasha;Drama;6.3;1622;2020
Livre de sang;Thriller, Drama, Mystery, Horror;5.3;8588;2000
Enys Men;Fantasy, Mystery, Horror;5.6;4048;2020
Downton Abbey 2: Une nouvelle ère;Romance, Drama;7.4;34676;2020
Asylum: Twisted Horror and Fantasy Tales;Comedy, ScienceFiction, Horror, Sci-Fi;4.8;1619;2020
A Bunch of Amateurs;Comedy;6.0;1176;2000
Somers Town;Comedy, Drama;6.8;6825;2000
Diamant 13;Thriller, Action, Crime;5.1;1451;2000
Sème le vent;Drama;6.1;123;2020
Bronson;Drama, Action, Crime;7.0;144916;2000
Catherine Called Birdy;Comedy, Adventure;6.6;9045;2020
Les citronniers;Drama, War;7.3;6992;2000
Sentinelle;Thriller, Drama, Action;4.8;8999;2020
Les 4 âmes du coyote;Adventure, Drama, Action, Animation;7.1;850;2020
57000 km entre nous;Comedy, Drama;6.3;106;2000
L'Aquarium;Romance, Drama;6.1;405;2000
The Beta Test;Thriller, Mystery, Horror, Comedy, Drama;6.1;6913;2020
Coluche: l'histoire d'un mec;Comedy, Drama, Biography;5.6;751;2000
Stella;Romance, Drama;7.2;1649;2000
Un homme et son chien;Drama;5.9;687;2000
Une éducation;Romance, Drama;7.2;139726;2000
Les Parfums;Comedy, Drama;6.6;2198;2010
Orson Welles & moi;Comedy, Romance, Drama;6.7;12144;2000
La mer du milieu;Unknown, Documentary;4.4;7;2010
My Place Is Here;Drama;7.3;70;2020
Numbers;ScienceFiction, Drama, Sci-Fi;5.4;256;2020
Between Two Dawns;Drama;7.0;2186;2020
Le pardon;Drama;7.1;2866;2020
Un héros;Drama;7.5;31508;2020
Un petit-fils;Drama;6.0;472;2020
Moneyboys;Drama;6.4;1245;2020
Whatever Works;Comedy, Romance;7.1;78086;2000
Les Aventures extraordinaires d'Adèle Blanc-Sec;Mystery, Adventure, Action, Comedy, Fantasy;6.3;23695;2010
Cold in July: Juillet de sang;Thriller, Drama, Crime;6.7;38717;2010
From Paris with Love;Thriller, Action, Crime;6.4;124208;2010
1ª Vez 16 mm;Drama;5.2;36;2000
48 heures par jour;Comedy;5.1;173;2000
Commis d'office;Comedy, Thriller;5.5;173;2000
Go Fast: Au coeur du trafic;Drama, Action, Crime;5.8;2070;2000
American: The Bill Hicks Story;Biography, Comedy, Documentary, Animation;7.7;5048;2000
Plus tard tu comprendras;Drama;5.7;387;2000
Traverser;Drama;7.1;18;2020
Till Death;Thriller, Horror;5.9;29273;2020
The Whalebone Box;Drama, Biography;5.1;136;2010
Abuela;Drama, Horror;5.9;5953;2020
Les Banshees d'Inisherin;Comedy, Drama;7.7;278765;2020
White Building;Drama;6.5;434;2020
Peste noire;Horror, Drama, Action, History;6.4;53060;2010
Jack et la mécanique du coeur;Animation, Adventure, Romance, Drama, Fantasy;6.9;7782;2010
Les bureaux de Dieu;Comedy, Drama;6.1;286;2000
De l'or pour les chiens;Romance, Drama;5.4;263;2020
S.N.U.B!;Thriller, Horror;3.3;253;2010
La bataille du rail;Comedy;6.1;71;2010
La Horde;Thriller, Action, Horror;5.9;16787;2000
Le village des ombres;Fantasy, Thriller, Mystery, Horror;4.2;492;2010
Stag Night of the Dead;Comedy, Action, Horror;3.1;525;2010
Dune Drifter;ScienceFiction, Drama, Action, Sci-Fi;3.6;1663;2020
Cracks;Thriller, Drama, Mystery;6.6;21619;2000
La fille du RER;Romance, Drama;6.0;1693;2000
New Town Killers;Thriller, Drama, Action, Crime;5.6;1877;2000
Mr. Nice;Comedy, Drama, Crime, Biography;6.3;8098;2010
Welcome to the Rileys;Drama;6.9;25651;2010
9mm;Drama;6.4;72;2000
Fantômes et Cie;Fantasy, Family, Horror;4.7;650;2010
Red Mist;Fantasy, Thriller, Horror, Sci-Fi;4.9;3055;2000
Mensch;Drama, Crime;5.4;128;2000
Walking Against the Rain;Fantasy, Drama, Horror;4.1;239;2020
Ninja Assassin;Thriller, Action, Adventure;6.3;77657;2000
Le silence de Lorna;Drama, Crime;7.1;9300;2000
Binti;Drama;5.7;154;2020
Greetings;Horror;3.9;100;2000
Triangle;Fantasy, Horror, Mystery, Sci-Fi;6.9;140035;2000
Neptune Frost;Music, ScienceFiction, Musical, Fantasy, Drama, Sci-Fi;6.5;1167;2020
Women do cry;Drama;5.2;398;2020
Caravage;Drama, History, Biography;6.5;1873;2020
Une nuit à Paris;Drama;4.9;166;2020
Pandorum;Thriller, ScienceFiction, Mystery, Horror, Action;6.7;163944;2000
Bellamy;Thriller, Drama, Crime;5.9;2295;2000
Ex;Comedy, Romance;6.2;2318;2000
Ricky;Comedy, Drama, Fantasy;5.8;3334;2000
Deux sœurs;Comedy, Drama;7.2;5737;2020
Cigare au miel;Drama;6.1;677;2020
Wild Bones;Horror, Drama, Mystery;3.6;79;2020
Todas las lunas;Fantasy, Drama, Horror;6.6;1282;2020
La sangre brota - Sang impur;Thriller, Drama, Crime;6.4;208;2000
L'hôte;Drama, Mystery;5.8;50;2000
7 minutes;Thriller, Drama;5.0;261;2020
À la Recherche;Comedy, , Romance, Drama;6.3;44;2020
Onus;Horror;2.7;181;2020
Déflagrations;Thriller, Drama, Mystery;5.1;557;2020
DAU. Nikita Tanya;Drama;5.0;144;2020
Enter the Void;Fantasy, Drama;7.2;91549;2000
A Werewolf in England;Comedy, Horror;3.7;2358;2020
Tomorrow is a Long Time;Drama;6.6;103;2020
Le code a changé;Comedy, Romance, Drama;5.8;2165;2000
My Own Love Song;Comedy, Adventure, Drama;5.7;1887;2010
Le rêve italien;Romance, Drama, History;5.8;936;2000
Le Vilain;Comedy, Action, Crime;6.3;1555;2000
The Door;Drama;6.4;2601;2010
Envoyés très spéciaux;Comedy;5.4;845;2000
Lol;Comedy, Romance;6.3;9937;2000
Au diable Staline, vive les mariés!;Comedy, Drama, History;7.8;7226;2000
Les Désorientaux;Comedy, Drama;6.7;1232;2020
Beautiful Billo;Comedy, Drama;5.4;136;2020
Bats;Drama, Horror;2.2;228;2020
Le journal d'un dégonflé;Comedy, Drama, Family;6.2;61955;2010
Adieu à Cemetery Junction;Comedy, Drama;6.8;24461;2010
La guerre des miss;Comedy;5.2;615;2000
Médecin de nuit;Thriller, Drama, Crime;6.6;1899;2020
Un incroyable talent;Comedy, Drama, Music, Biography;6.8;13620;2010
The Leprechaun's Game;Thriller, Horror;2.1;445;2020
Summer;Drama;6.7;1090;2000
Loin d'Eden;Thriller, Drama, Action;5.7;3112;2000
Je suis parti de rien;Drama, Crime;7.1;2673;2000
Un tir dans la tête;Thriller, Drama;4.6;300;2000
Corsage;Drama, History, Biography;6.5;10927;2020
The Haunting of Pendle Hill;Horror;2.4;1326;2020
Blackie & Kanuto;Comedy, Adventure, Family, Animation;3.3;383;2010
Selon la police;Drama;5.3;134;2020
Harry Potter et les Reliques de la Mort : partie 2;Fantasy, Adventure, Family;8.1;997363;2010
Amityville Hex;Horror;2.4;108;2020
Tyrannosaur;Romance, Drama;7.5;34581;2010
Save the Cinema;Comedy, Drama;6.5;1663;2020
The Area 51 Incident;ScienceFiction, Horror, Sci-Fi;3.7;649;2020
Medusa: Beauty is the Beast;Drama, Horror;2.8;713;2020
The Mutation;Thriller, Horror, Sci-Fi;2.8;680;2020
Conjuring the Genie;Drama, Horror;3.8;796;2020
The Dead Outside;Thriller, Mystery, Horror;4.1;1362;2000
Le crime est notre affaire;Comedy, Crime, Mystery;6.0;1236;2000
Nuit de chien;Drama;5.6;357;2000
Les brasiers de la colère;Thriller, Drama, Crime;6.7;128616;2010
Rumba la vie;Comedy;6.2;1016;2020
Une histoire d'amour et de désir;Romance, Drama;6.6;1239;2020
Les 2 Alfred;Comedy;6.5;1015;2020
Les regrets;Romance, Drama;6.1;644;2000
St Trinian's 2;Comedy, Adventure, Family;5.3;9084;2000
Le discours;Comedy, Romance, Drama;6.4;2176;2020
Infinitum: Subject Unknown;Thriller, ScienceFiction, Mystery, Sci-Fi;4.0;9985;2020
The Mortician;Thriller, Drama;4.9;1092;2010
The Lost City of Z;Adventure, Drama, History, Biography;6.6;102787;2010
Hors du monde;Thriller, Crime, Horror;4.8;210;2020
London Boulevard;Drama, Crime;6.2;51166;2010
Le Dernier Pub avant la fin du monde;Comedy, ScienceFiction, Action, Sci-Fi;6.9;306100;2010
Mes stars et moi;Comedy;5.7;916;2000
La Sicilienne;Drama, Crime;6.9;1918;2000
Kaymak;Comedy, Romance, Drama;6.2;462;2020
Blood in the Water;Thriller, Mystery, Horror;2.7;283;2020
Womb;Romance, ScienceFiction, Drama, Sci-Fi;6.3;15735;2010
Youth;Drama;6.4;91;2010
Eyes of War;Thriller, Drama, War, Mystery;6.5;10827;2000
L'enfant de Kaboul;Drama;6.6;316;2000
Pour elle;Thriller, Drama, Crime;7.1;10078;2000
Cannibal Troll;Horror;2.5;342;2020
Heartless;Fantasy, Thriller, Drama, Horror;5.9;10467;2000
Greatest Days;Comedy, Drama, Music;5.7;1594;2020
Pourquoi j'ai pas mangé mon père;Comedy, Adventure, Animation;4.9;1417;2010
Le bruit des gens autour;Romance;6.2;135;2000
La femme sans tête;Thriller, Drama, Mystery;6.5;5966;2000
DAU. Nora Mama;Drama, History, Biography;5.9;289;2020
The Bezonians;Comedy, Thriller, Drama, Crime;4.4;5755;2020
Entre les lignes;Romance, Drama;6.1;5562;2020
La légende de Viy;Thriller, ScienceFiction, Mystery, Adventure, Horror, Fantasy;5.2;6826;2010
Soi Cowboy;Drama;5.6;230;2000
Quatre nuits avec Anna;Thriller, Drama, Crime;6.8;1942;2000
The Big I Am;Thriller, Drama, Action, Crime;5.2;1327;2010
Radio Metronom;Romance, Drama;6.6;1833;2020
L'île;Music, Musical, Drama, Animation;5.7;113;2020
DAU. Three Days;Drama;5.7;202;2020
Treize vies;Thriller, Biography, Adventure, Action, Drama;7.8;73682;2020
Amore;Romance, Drama;7.0;24968;2000
The Damned United;Drama, Sport, Biography;7.5;47188;2000
Hors de contrôle;Thriller, Mystery, Adventure, Crime, Action, Drama;6.6;101530;2010
Dernier maquis;Drama;6.3;290;2000
Élève libre;Drama;6.2;1081;2000
Notre-Dame brûle;Thriller, Drama;6.4;3036;2020
In the Loop;Comedy;7.4;62999;2000
Krazy House;Comedy, Horror;4.8;1486;2020
London River;Drama, Mystery;6.9;3925;2000
Lignes de front;Drama;5.8;85;2000
Matthew Bourne's the Red Shoes;Romance, Music;7.4;93;2020
Laisse-moi entrer;Fantasy, Drama, Mystery, Horror;7.1;130433;2010
Hors-la-loi;Crime, Action, War, Drama, History;6.6;4195;2010
Anonymous;Drama;6.8;35;2020
Le voyage extraordinaire de Samy;Adventure, Family, Animation;6.0;8517;2010
Dirty Money - Undercover;Thriller, Drama;4.3;54;2000
DAU. Brave People;Drama;5.8;140;2020
Coming Clean;Drama;6.2;68;2020
Breaking;Thriller, Drama, Crime;6.3;10005;2020
Mademoiselle Christine;Horror;6.0;180;2000
Kicks;Thriller, Drama;4.8;251;2000
Si demain;Drama;6.2;51;2020
DAU. String Theory;Drama;5.5;123;2020
Cam Girls;Romance;2.9;452;2020
Petite nature;Drama;7.1;1449;2020
Fish Tank;Drama;7.3;66668;2000
Saw 6;Thriller, Mystery, Horror;6.0;130911;2000
Le Sang des Templiers;Adventure, Action, Romance, Drama, History;6.1;44438;2010
Les trois singes;Thriller, Drama;7.3;23608;2000
Last Man Down;Thriller, Action, Sci-Fi;3.5;14240;2020
Le dernier vol;Romance, Adventure, Drama;5.4;1286;2000
Les Chèvres du Pentagone;Comedy, War;6.2;139904;2000
DAU. Katya Tanya;Drama;5.8;287;2020
Un prophète;Drama, Crime;7.8;104968;2000
The Future;Fantasy, Romance, Drama;6.1;9311;2010
Where Hands Touch;Romance, Drama, War;6.6;6046;2010
31 North 62 East;Thriller;4.3;409;2000
Lucky Luke;Comedy, Adventure, Western;4.7;4632;2000
À l'aventure;Fantasy, Romance, Drama;5.4;2422;2000
Chico et Rita;Music, Animation, Crime, Romance, Drama;7.2;9881;2000
El niño pez;Romance, Thriller, Drama, Crime;5.8;2443;2000
Rwanda April 7, 1994;Drama;6.2;319;2000
Sous ton emprise;Drama;5.4;833;2010
Cendres et sang;, Drama;5.9;189;2000
Gigola;Drama;5.1;458;2010
Day 11: Nora and Son;Drama;6.3;45;2020
Once Upon a Time in Calcutta;Drama;6.8;174;2020
Five Minutes of Heaven;Thriller, Drama, Crime;6.5;13428;2000
Matadero;Thriller, Drama, Mystery, Horror;5.6;78;2020
36 vues du Pic St-Loup;Comedy, Romance, Drama;6.0;793;2000
Boys on Film 20: Heaven Can Wait;ScienceFiction, Animation, Comedy, Romance, Drama;6.5;91;2020
Carré blanc;Drama;5.8;407;2010
Française;Drama;6.3;148;2000
La véritable histoire du Chat Botté;Comedy, Adventure, Family, Animation;3.1;1210;2000
Happy Little Bunnies;Comedy, Horror;4.3;151;2020
Amazonia;Comedy, Adventure, Family;6.5;1133;2010
La petite bande;Comedy;6.3;374;2020
Cellule 211;Thriller, Drama, Action, Crime;7.6;72492;2000
Sacré Noël !;Comedy, Family;6.5;13725;2000
We Need to Talk About Kevin;Thriller, Drama, Mystery;7.4;174623;2010
L'ordre et la morale;Drama, Action, History;6.9;2945;2010
Oscar et la dame rose;Drama;7.0;1651;2000
Looking for Eric;Comedy, Drama, Fantasy;7.1;18361;2000
Tour de Force;Thriller, Drama, Action;4.3;148;2010
Dawn of the World;Romance, Drama, War;6.9;274;2000
Sauver qui est mort;Drama;5.2;33;2020
Loves Spell;Comedy, Romance;5.5;102;2020
DAU. New Man;Drama;5.6;183;2020
Nephilim;Fantasy, Action, Animation;7.2;48;2010
The Tourist;Romance, Thriller, Action;6.0;263348;2010
La terre des hommes;Drama;6.3;255;2020
Last Words;ScienceFiction, Drama, Sci-Fi;4.7;399;2020
A Good Man;Drama;6.0;312;2020
Les choses qu'on dit, les choses qu'on fait;Comedy, Romance, Drama;6.9;3265;2020
Gagarine;Fantasy, ScienceFiction, Drama;6.7;2923;2020
Seize printemps;Romance, Drama;5.8;1268;2020
Vaurien;Thriller, Drama, Crime;5.8;247;2020
Un triomphe;Comedy, Drama;7.0;3413;2020
La Mort du cinéma et de mon père aussi;Comedy, Drama, Documentary;6.7;194;2020
Ibrahim;Drama;6.2;228;2020
Reste tranquille;Drama;6.6;579;2020
Soul Kitchen;Comedy, Drama;7.2;41678;2000
Fame: The Musical;Music, Musical, Drama;5.3;135;2020
Unwelcome;Comedy, Horror;5.4;7127;2020
The Seed;Comedy, ScienceFiction, Horror, Sci-Fi;4.8;2457;2020
Hush Your Mouth;, Drama, Crime, Mystery;4.3;181;2000
Hollow;Thriller, Horror;2.9;340;2020
Krouseaer;Drama;6.0;63;2020
Banlieue 13: Ultimatum;Thriller, Action, Crime;6.5;47075;2000
Les Autres;Romance, Drama;6.5;143;2020
Hate Little Rabbit;Thriller, Horror;4.8;19;2020
Le coeur noir des forêts;Drama;5.6;129;2020
Cherrybomb;Romance, Thriller, Drama, Action;5.8;7614;2000
Le genou d'Ahed;Music, Drama;6.3;1541;2020
Le calendrier;Thriller, Horror;6.3;6960;2020
Frenemies;, Drama;3.7;17;2020
Kriya;Fantasy, Drama, Comedy, Horror;4.9;158;2020
Kick-Ass;Comedy, Action, Crime;7.6;609106;2010
Petit Trip Entre Amis;Comedy, Romance, Drama;6.6;5239;2000
The Making of Plus One;Comedy, Drama;5.8;108;2010
La maison jaune;, Drama;7.1;84;2000
La Guerre des Mondes: L'Invasion;Thriller, ScienceFiction, Horror, Sci-Fi;3.2;3312;2020
La femme invisible, d'après une histoire vraie;Comedy, ScienceFiction, Fantasy;5.4;164;2000
Chickenhare and the Hamster of Darkness;Animation, Adventure, Family, Comedy, Fantasy;6.3;2770;2020
Spencer;Drama, Biography;6.5;79896;2020
La Reine garçon;Romance, Drama, History, Biography;5.9;4612;2010
A Bird Flew In;Drama;4.8;162;2020
Les graines que l'on sème;Drama;5.2;18;2020
I Hear the Trees Whispering;Adventure, Drama, Mystery;4.0;640;2020
Hari Puttar: A Comedy of Terrors;Comedy, Drama, Family;2.1;365;2000
The Twisted Tale of Bloody Mary;Drama, History;6.4;61;2000
Incendies;Drama, War, Mystery;8.3;227638;2010
L'as du golf;Comedy, Drama, Biography;7.0;8612;2020
Hadewijch;Drama;6.7;2177;2000
C'est ici que je vis;Drama;5.7;216;2000
L'armée du crime;Drama, War, History;6.7;3658;2000
Sumo;Comedy, Romance, Drama;6.9;1022;2000
Je l'aimais;Romance, Drama, Comedy;6.6;1337;2000
Exam;Thriller, Crime, Mystery;6.7;130818;2000
L'Instinct de mort;Thriller, Biography, Crime, Action, Drama;7.5;36004;2000
Tralala;Comedy, Musical, Drama, Music;5.8;501;2020
Les méchants;Comedy, Drama;4.0;496;2020
Bon appétit;Romance, Drama;6.0;1200;2010
Neon Flesh;Comedy, Thriller, Drama, Action;5.6;1921;2010
L'autre Dumas;Comedy, Drama, History;6.3;717;2010
Un chat un chat;Comedy, Drama;5.6;194;2000
Mambo Man;Drama;8.1;107;2020
Les sept jours;Romance, Thriller, Drama, War;6.8;590;2000
J'ai oublié de te dire;Drama;6.8;216;2000
Coco;Comedy, Drama;3.5;1717;2000
T'as pécho?;Comedy, Romance;5.1;293;2020
Mères et filles;Comedy, Drama;6.4;571;2000
Clara Sola;Fantasy, Drama;6.7;1769;2020
Room in Rome;Romance, Drama;6.0;27335;2010
La belle personne;Comedy, Drama;6.6;8294;2000
Comme une étoile dans la nuit;Drama;6.6;97;2000
Doctor Jekyll;Drama, Mystery, Horror;4.5;593;2020
Le Chant des Mariées;Drama, War, History;6.6;896;2000
Le Petit Nicolas;Comedy, Family;7.1;14545;2000
Tricheuse;Comedy, Romance;5.2;105;2000
Honk for Jesus. Save Your Soul.;Comedy;5.3;4416;2020
Un soupçon d'amour;Drama;6.0;66;2020
Nowhere Boy;Music, Drama, Biography;7.1;40125;2000
A Distant Neighbourhood;Comedy, Drama, Fantasy;6.9;1931;2010
Soit je meurs, soit je vais mieux;Unknown, Drama;5.2;70;2000
Un monde à nous;Thriller, Drama, Crime;6.4;123;2000
Burning Casablanca - Zanka Contact;Romance, Drama;5.9;244;2020
Les Trois Mousquetaires : D'Artagnan;Adventure, Drama, Action, History;6.7;24551;2020
Les Trois Mousquetaires: Milady;Adventure, Drama, Action;6.4;10660;2020
Mar nero;Drama;6.7;209;2000
1 Day;Thriller, Drama, Crime, Documentary;4.5;600;2000
Cannibal Kitchen;Comedy, Horror;3.4;1219;2000
2.0 Lucy;Fantasy, ScienceFiction, Drama, Sci-Fi;4.1;81;2020
Azuro;Comedy, Drama;5.1;192;2020
The Tale of the Fatherless;Drama;8.2;28;2020
Land Gold Women;Drama;6.6;165;2010
Story of Jen;Drama, Mystery;6.1;160;2000
Un lac;Drama;6.5;847;2000
Henri IV;Drama, War, History, Biography;5.8;1387;2010
The Spell;Drama, Horror;3.7;94;2000
A Violent Man;Drama, Crime;5.0;931;2020
Les Olympiades;Comedy, Romance, Drama;7.0;10835;2020
Le club des miracles;Comedy, Drama;6.4;7424;2020
Inexorable;Thriller;6.1;1244;2020
Laila in Haifa;Comedy, Romance, Drama, History;5.5;280;2020
Besa;Romance, Drama;7.2;683;2000
Idiot Prayer;Music, Documentary;8.3;375;2020
L'Instant présent;Romance, Drama;4.4;16;2020
Séduction Fatale;Thriller, Crime, Mystery;3.9;12702;2010
Connectés;Comedy, Thriller;3.7;341;2020
The Last Seven;Thriller, Drama, Mystery, Horror;3.8;2119;2010
Menteur;Comedy;5.2;1436;2020
Noël Joyeux;Comedy;5.5;316;2020
De l'autre côté du lit;Comedy;5.5;2907;2000
Tetris;Thriller, Drama, History, Biography;7.4;97104;2020
Les Octonauts et les Grottes de Sac Actun;Comedy, Adventure, Family, Animation;6.4;275;2020
The Lockdown Hauntings;Thriller, Horror;4.0;2567;2020
Jack in the Box 2: Le réveil du démon;Horror;4.4;1856;2020
Mama;Drama;6.3;223;2020
Spirits of the Fall;Thriller, Drama, Horror;5.7;74;2000
Good Arrows;Comedy, Drama;6.4;88;2000
The Kissing Booth 3;Comedy, Romance;4.8;24504;2020
Sound of Noise;Comedy, Music, Crime;7.1;10050;2010
Belfast;Romance, Drama, Biography;7.2;97822;2020
La Troisième Guerre;Thriller, Drama;6.0;387;2020
Selva trágica;Adventure, Drama, Mystery;5.6;1160;2020
Yellow Cat;Comedy, Drama;6.2;611;2020
Mise au Vert;Comedy;5.1;72;2020
Isolated;Thriller, Adventure, Drama, Sport;6.0;227;2010
The Childhood of Icarus;Thriller, ScienceFiction, Drama, Sci-Fi;5.1;127;2000
Marooned Awakening;Thriller, Drama, Mystery;4.0;130;2020
Invasion;Thriller, ScienceFiction, Mystery, Drama, Sci-Fi;5.9;11326;2020
7 Sins;Horror;4.3;63;2020
Khamsa;Drama;6.5;247;2000
Rio ligne 174;Thriller, Drama, Crime;7.1;5764;2000
Le dernier mercenaire;Comedy, Adventure, Action;5.3;10160;2020
Wolf Garden;Thriller, Horror;3.3;905;2020
Entre la vie et la mort;Thriller, Drama, Crime;5.7;786;2020
L'enfance du mal;Thriller, Drama;6.1;311;2010
L'étrange affaire Angelica;Fantasy, Drama;6.3;2229;2010
L'homme de chevet;Romance, Drama;6.7;1460;2000
Une affaire d'état;Thriller, Mystery;6.3;692;2000
Quand les vagues se retirent;Thriller, Drama;7.1;257;2020
Mademoiselle Willoughby et la librairie hantée;Adventure, Crime, Mystery;5.6;2090;2020
I comete;Drama;5.5;270;2020
Interdit aux chiens et aux Italiens;Drama, Family, Animation;7.3;2316;2020
Nana et les filles du bord de mer;Comedy, Drama;5.5;25;2020
Savage Days;Drama;5.8;31;2020
Gods;Drama;5.8;393;2000
L'Instit de campagne;Romance, Drama;6.9;1534;2000
Broadway;Drama, Crime;6.0;371;2020
Inland;, Drama;7.0;122;2000
Le lait;Drama;6.6;3456;2000
Teza;Drama;7.1;658;2000
C'est quoi ce papy?!;Comedy, Adventure, Family;4.9;174;2020
Les Tuche 4;Comedy;4.5;791;2020
Maison de retraite;Comedy;5.9;1404;2020
Tout s'est bien passé;Comedy, Drama;6.8;3149;2020
Les étrangers: Proies la nuit;Horror;5.3;37949;2010
La boîte de Pandore;Drama;7.1;3062;2000
Dans ton sommeil;Thriller, Horror;5.6;1558;2010
Mademoiselle Chambon;Romance, Drama, Comedy;6.9;3171;2000
The Haunting of the Lady-Jane;Fantasy, Thriller, Horror;7.8;41;2020
Ghost Machine;Thriller, ScienceFiction, Horror, Action, Sci-Fi;4.7;1951;2000
The Market: A Tale of Trade;, Drama;6.9;1266;2000
La journée de la jupe;Drama;6.9;2772;2000
Help;Thriller, Drama, Mystery;3.8;2052;2020
Simulation Theory Film;Music, Sci-Fi;7.1;694;2020
Une vie toute neuve;Drama;7.4;2644;2000
Poetry;Drama;7.8;14183;2010
Alors on danse;Comedy, Romance;4.6;242;2020
L'étrangère;Drama, Family;7.5;5634;2010
Stagger;ScienceFiction, Action, Crime, Horror;3.4;476;2000
Shank;Drama, Action;6.2;2750;2000
Barbaque;Comedy, Horror;6.6;4504;2020
Cyrano;Romance, Musical, Drama;6.4;15672;2020
Le cercle littéraire de Guernesey;Romance, Drama, War, History;7.3;55622;2010
Harry Brown;Thriller, Drama, Action, Crime;7.2;93034;2000
Unarmed But Dangerous;Comedy, Drama, Action, Crime;3.2;226;2000
Les Animaux Anonymes;Fantasy, Thriller;4.6;737;2020
Human Zoo;Romance, Drama, Crime;6.0;737;2000
Loins des balles;Thriller, Drama;6.6;570;2000
Complices;Romance, Thriller, Drama, Crime;6.6;1161;2000
The Ghosts of Crowley Hall;Action, Documentary, Horror;2.2;121;2000
Pour un instant, la liberté;Adventure, Drama;7.4;698;2000
Perfect Addiction;Romance, Drama, Action;5.5;4361;2020
Wake Wood;Thriller, Drama, Horror;5.5;9039;2000
Le Chemin du bonheur;Comedy, Romance, Drama;5.8;49;2020
Memories;, Drama, History;7.3;51;2000
Confinement;Horror;4.9;2271;2000
Wood and Water;Drama;6.2;403;2020
Doctor Carver;Horror;3.2;292;2020
Toothfairy 3;Drama, Horror;2.1;406;2020
Polyamory for Dummies;Comedy, Romance;4.1;513;2020
The Last Thakur;Drama, Action;6.3;213;2000
Blitz;Thriller, Adventure, Action, Crime;6.1;94110;2010
Ozi, la voix de la forêt;Comedy, Adventure, Animation;4.8;401;2020
Rise of the Footsoldier: Origins;Drama, Action, Crime;5.8;3773;2020
Marga;Drama, History;6.5;313;2000
Pirates des Caraïbes: La Fontaine de jouvence;Fantasy, Adventure, Action;6.6;586614;2010
Adieu Gary;Drama;6.0;291;2000
La blonde aux seins nus;Romance, Adventure, Drama, Comedy;5.9;696;2010
Inland;Fantasy, Drama, Mystery;5.1;178;2020
Lui;Thriller, Drama;4.7;423;2020
Bonne mère;Drama;6.6;340;2020
Cyprien;Comedy;3.8;948;2000
Le Fil;Romance, Drama;6.7;2277;2000
Persécution;Romance, Drama;5.4;1101;2000
Horrid Henry's Gross Day Out;Adventure, Action, Family, Animation;6.1;72;2020
À l'ombre des filles;Music, Drama, Comedy;6.0;135;2020
Defendor: héros ou zéro;Comedy, Drama, Crime, Action;6.7;37916;2000
The Eagle's Nest;Thriller;5.7;49;2020
Pelican Blood;Romance, Drama;6.3;617;2010
L'immensità;Drama;6.4;3462;2020
Sticky Fingers;Comedy, Adventure, Crime;6.7;589;2000
The Hide;Thriller, Horror;6.4;4641;2000
Locked Down;Comedy, Romance, Drama, Crime;5.3;13920;2020
Burial;Thriller, War, Horror;5.0;2200;2020
After: Chapitre 3;Romance, Drama;4.8;22804;2020
Un château pour Noël;Adventure, Romance, Family, Comedy, Drama;5.6;16441;2020
La Cha Cha;Comedy;5.9;115;2020
Land of Scarecrows;Drama;7.5;82;2000
One Way;Thriller, Action, Crime;4.1;2063;2020
Pourris gâtés;Comedy;6.1;8711;2020
La Ligne;Drama;6.0;614;2020
Le missionnaire;Comedy;6.5;1704;2000
Times & Measures;Thriller, Drama;4.3;106;2020
Mariage chez les Bodin's;Comedy;5.6;65;2000
La Dame du Paradis;Drama, Action, History;5.7;15003;2020
Noël avec le père;Comedy, Family;4.6;7915;2020
Mascarades;Comedy, Drama;6.6;428;2000
Leonora addio;Drama;6.3;664;2020
Le voyage du directeur des ressources humaines;Comedy, Drama;6.6;1516;2010
Runner;Drama;5.3;153;2020
Dead Man Running;Thriller, Drama, Action, Crime;5.9;4610;2000
Dragon Knight;Fantasy, Adventure, Action;3.3;2263;2020
Giddy Stratospheres;Drama;4.3;179;2020
The Firm;Comedy, Drama, Mystery;5.8;6692;2000
There's Always Hope;Drama;5.3;82;2020
L'oeil invisible;Drama;6.2;895;2010
J'adore ce que vous faites;Comedy;5.1;427;2020
Les femmes du square;Comedy;6.5;386;2020
Serre moi fort;Drama;6.7;2326;2020
My Policeman;Romance, Drama;6.6;24425;2020
The Ritual;Comedy;2.7;171;2020
Les amours d'Anaïs;Comedy, Romance, Drama;6.4;2217;2020
Collégiens;Comedy, Romance, Drama;6.4;4522;2000
Erreur de la banque en votre faveur;Comedy;6.2;836;2000
La robe du soir;Romance, Drama;6.4;335;2000
Welcome;Romance, Drama;7.5;7718;2000
Olga;Drama, Sport;6.8;1279;2020
Incroyable mais vrai;Comedy, Drama, Fantasy;6.4;5309;2020
Confession;Thriller, Drama, Action;3.9;342;2020
À propos de Joan;Romance, Drama;5.9;485;2020
Anatomy of Time;Drama;6.2;258;2020
Prototype;Thriller, ScienceFiction, Sci-Fi;2.3;305;2020
Incognito;Comedy;5.8;1190;2000
Partir;Romance, Drama, Crime;6.3;4630;2000
Le cheval de Turin;Drama;7.7;20237;2010
Bliss!;Adventure, Drama;7.3;91;2010
Où est la main de l'homme sans tête;Thriller;5.6;125;2000
Le siffleur;Comedy, Crime;4.8;529;2000
Toutes les filles pleurent;Comedy, Drama;4.1;48;2010
Huit fois debout;Comedy, Romance, Drama;6.2;351;2000
L'homme qui tua Don Quichotte;Comedy, Adventure, Drama, Fantasy;6.3;23052;2010
Code of Silence;Drama, Crime;4.6;210;2020
Amityville Scarecrow;Horror;2.4;341;2020
Lady Keyes: Celle qui en savait trop;Thriller, Mystery, War, Drama, History;6.4;5897;2000
Call of the Hunter;Comedy, Thriller, Horror;6.2;84;2000
Chatroom;Thriller, Drama, Horror;5.4;9793;2010
It's a Wonderful Afterlife;Comedy, Romance, Drama, Fantasy;5.4;1728;2010
Shayda;Drama;6.7;1209;2020
Le concert;Comedy, Drama, Music;7.5;18934;2000
A Closed Book;Thriller, ScienceFiction, Action, Mystery;5.4;1123;2000
Cadavres à la pelle;Thriller, Crime, Horror, Comedy, History;6.1;21717;2010
Le Dernier Exorcisme;Thriller, Mystery, Horror;5.7;53419;2010
Grenades et myrrhe;Drama;6.3;327;2000
Dans tes bras;Drama;5.4;58;2000
Petite maman;Fantasy, Drama, Family;7.4;19488;2020
Couleurs de l'incendie;Drama, History;6.6;1322;2020
Introducing Fernand;Drama;4.9;85;2010
Largo Winch II;Thriller, Adventure, Action;6.1;8594;2010
Protéger & servir;Comedy, Action, Crime;4.4;738;2010
Les herbes sèches;Drama;7.7;17252;2020
Celle que j'aime;Comedy, Drama;4.4;224;2000
L'été nucléaire;Thriller, Drama;4.7;161;2020
Kung Fu Zohra;Comedy, Drama, Action;5.4;752;2020
X;Drama;6.9;20;2020
Apex;Thriller, ScienceFiction, Action, Drama, Sci-Fi;3.0;6724;2020
Bull;Thriller, Crime;6.5;9720;2020
À plein temps;Drama;7.4;6584;2020
Powertool Cheerleaders vs the Boyband of the Screeching Dead;Music, Musical, Horror;6.9;106;2020
Brian and Charles;Comedy, ScienceFiction, Drama, Sci-Fi;6.7;9707;2020
Mes très chers enfants;Comedy;5.6;655;2020
The Reeds;Thriller, Mystery, Horror;4.6;2831;2010
Années 20;Drama;5.9;106;2020
Oranges sanguines;Comedy, Drama, Crime, Horror;6.4;1311;2020
En décalage;Fantasy, Drama;6.2;1147;2020
I Feel Fine;Comedy;8.4;27;2020
Opération Casablanca;Comedy, Action, Crime;5.4;165;2010
Les choses humaines;Drama, Crime;7.0;2175;2020
St George's Day;Thriller, Action, Crime;5.2;2220;2010
Saltwater: The Battle for Ramree Island;History, Action, War, Horror;2.5;293;2020
Ulbolsyn;Drama;6.5;109;2020
Vengeance;Thriller, Action, Crime;6.5;7193;2000
Gainsbourg (Vie héroïque);Music, Drama, Biography;6.9;10482;2010
Dinosaur Hotel;ScienceFiction, Mystery, Horror, Sci-Fi;2.0;801;2020
Louloute;Comedy, Drama;6.2;141;2020
Bram Stoker's Van Helsing;Horror;3.1;743;2020
Babysitter;Comedy, Drama, Mystery;6.1;1805;2020
Fatima, l'Algérienne de Dakar;Drama;7.4;21;2000
Jack Said;Thriller, Action, Crime;3.7;667;2000
Oklahoma Mon Amour;Drama;7.3;52;2020
Other Side of the Game;Thriller, Drama, Crime, Mystery;5.2;66;2010
Terreur;Thriller, Drama, Horror;5.6;13279;2000
Gods of the Deep;Thriller, ScienceFiction, Horror, Sci-Fi;3.2;1197;2020
Bizarre Again;, Drama;5.6;51;2020
Les Révoltés de l'île du diable;Drama, Action;7.4;20415;2010
La Fracture;Comedy, Drama;6.6;1678;2020
Le petit piaf;Comedy, Music, Drama, Family;5.4;109;2020
Le capitaine Volkonogov s'est échappé;Thriller, Drama;7.3;2960;2020
Ça tourne à Saint-Pierre et Miquelon;Comedy, Drama;5.3;44;2020
Encore un baiser;Romance, Drama, Comedy;5.9;2008;2010
À l'est de moi;Drama;6.0;99;2000
Une jeune fille qui va bien;Drama, War, History;6.1;509;2020
The Lost Door;Thriller, Drama;4.1;270;2000
Roller Squad;Comedy, Thriller, Action;3.8;626;2020
La locataire;Thriller, Mystery, Crime, Horror, Drama;5.3;30163;2010
On the Other Foot;Comedy, Romance, Fantasy;3.6;245;2020
Un Si Beau Voyage;Drama;7.2;32;2000
Toute ma vie;Romance, Drama;4.5;2574;2000
Kompromat;Thriller, Drama;6.4;3194;2020
Mes rendez-vous avec Léo;Comedy, Romance, Drama;7.2;41649;2020
Tendre et saignant;Comedy, Romance;5.8;489;2020
47 Ronin;Fantasy, Drama, Action;6.2;175605;2010
Armageddon Tales;ScienceFiction, Action, Sci-Fi;3.4;390;2020
Le nouveau jouet;Comedy;5.9;1639;2020
La Meute;Horror;4.8;2331;2010
Running with Crutches;Drama;7.1;8;2020
Les Secrets;Drama, Mystery;6.3;228;2000
King Guillaume;Comedy, Romance;4.7;459;2000
Le temps des secrets;Biography, Family, Comedy, Drama, History;6.4;535;2020
Sans rancune!;Comedy, Drama;6.6;214;2000
Les mains libres;Drama;6.7;96;2010
L'Exorciste du Vatican;Thriller, Mystery, Horror;6.1;96450;2020
Les Violette;, Drama;6.0;12;2000
After the Flames: An Apocalypse Anthology;Thriller, Adventure, Horror, Sci-Fi;5.4;90;2020
ManFish;Comedy, Horror;5.3;185;2020
Simone, le voyage du siècle;Drama, History, Biography;6.8;1701;2020
Les cinq diables;Fantasy, Thriller, Romance, Drama;6.7;5678;2020
Goliath;Thriller, Drama;6.8;2422;2020
La taupe;Thriller, Drama, Mystery;7.0;220008;2010
We Are Four Lions;Comedy, Drama, Crime;7.3;88288;2010
Smile;Thriller, Horror;3.3;758;2000
The Lost King;Comedy, Drama, Biography;6.7;9632;2020
Drôle de grenier!;Fantasy, Thriller, Family, Animation;6.4;847;2000
Diabolique;Thriller, Drama, Crime;5.9;343;2000
In the Earth;Thriller, ScienceFiction, Mystery, Horror, Drama;5.1;12419;2020
Canailles;Comedy, Drama, Crime;4.7;164;2020
Felicia plus que tout;Drama;7.1;384;2000
Et l'amour dans tout ça?;Comedy, Romance, Drama;6.3;11522;2020
My House;Thriller, Drama, Mystery, Horror;3.8;285;2020
Zeros and Ones;Thriller, Mystery, Adventure, Action, War;3.3;3287;2020
Mission Spitfire;Drama, Action, War;3.0;1716;2020
Dredd;ScienceFiction, Action, Crime, Sci-Fi;7.1;304875;2010
Hood Luck;Action, Crime;5.3;9;2010
Teenagers;Drama;5.3;124;2010
Graphic Designs;Thriller;4.3;546;2020
L'arbre et la forêt;Comedy, Drama;6.6;214;2010
Lokas;Comedy;5.4;191;2000
RTT;Comedy, Romance;5.0;1289;2000
Persuasion;Romance, Drama, Comedy;5.8;37980;2020
Little Mix: LM5 - The Tour Film;Music, Musical, Documentary;7.9;204;2020
Les Vedettes;Comedy;6.2;1619;2020
Les jeunes amants;Romance, Drama;6.4;1079;2020
Sunny et l'éléphant;Adventure, Family;5.9;53;2000
The Weather Station;Thriller, Mystery;6.0;420;2010
The Colour Room;Drama;6.8;1936;2020
The Lair;Action, Horror, Sci-Fi;4.6;6299;2020
Independencia;Drama;6.6;254;2000
Rabiye Kurnaz contre George W. Bush;Biography, Crime, Comedy, Drama, History;6.8;1568;2020
Varsovie 83, une affaire d'État;Drama, Crime, History;7.1;2234;2020
Intervention;Thriller, Horror;3.2;1124;2020
Captives;Thriller, Drama, History;5.3;209;2020
Rien à foutre;Comedy, Drama;6.4;5851;2020
Un beau matin;Romance, Drama;6.9;8177;2020
Villa Amalia;Drama;6.2;1115;2000
Adieu Paris;Comedy, Drama;4.8;414;2020
Ah! La libido;Comedy, Romance;4.9;107;2000
Orpailleur;Thriller, Adventure, Drama, Family;5.3;51;2000
Le Premier homme;Drama;6.8;589;2010
Crying with Laughter;Comedy, Thriller, Drama;7.0;237;2000
Absolute Denial;Thriller, ScienceFiction, Sci-Fi, Animation;7.1;141;2020
Ailleurs si j'y suis;Comedy, Drama;5.5;144;2020
Neuilly sa mère !;Comedy;5.5;2654;2000
Les Fantasmes;Comedy, Romance;5.4;1170;2020
La Première Étoile;Comedy;5.6;1043;2000
Rose;Comedy, Drama;6.3;209;2020
Miles Away;Fantasy, Adventure, Drama;7.5;24;2000
Psychosis;Thriller, Mystery, Crime, Horror;3.6;2111;2010
The Walk;Drama;7.2;6;2020
Lullaby;Drama;6.6;988;2010
Bouzkachi, le chant des steppes;Unknown, Drama, Documentary;7.1;16;2000
Vacances;Thriller, Drama, Crime;4.4;63;2020
Chloé;Thriller, Drama, Mystery;6.3;80303;2000
Le séminaire;Comedy;4.5;346;2000
Rien de personnel;Drama;6.3;395;2000
En corps;Comedy, Drama;7.1;3622;2020
Mandrake;Mystery, Horror;4.6;1248;2020
Avec amour et acharnement;Romance, Thriller, Drama;6.1;3889;2020
Chaque jour est une fête;Drama;6.3;106;2000
La famille Wolberg;Comedy, Drama;5.8;283;2000
Sweet Valentine;Comedy, Romance, Drama;4.7;79;2000
Le Roi de l'évasion;Comedy, Adventure;6.2;834;2000
Presque;Comedy, Drama;7.0;1891;2020
Le chat du rabbin;Comedy, Adventure, Animation;7.1;3872;2010
Strictly Criminal;Drama, Crime, History, Biography;6.8;198184;2010
Fading Petals;Drama;6.0;297;2020
Icare;Fantasy, Adventure, Drama, Animation;6.7;489;2020
Présidents;Comedy;5.7;722;2020
Dragon Fury;Fantasy, Mystery, Horror;2.8;668;2020
Au voleur;Romance, Drama, Crime;6.0;194;2000
Le père de mes enfants;Drama;6.8;2956;2000
Mes frères et moi;Music, Drama;7.1;952;2020
Le caméléon;Thriller, Mystery, Biography, Crime, Drama;5.5;2043;2010
Ear for Eye;Drama;6.4;214;2020
Abu Omar;Drama;6.9;93;2020
À propos d'Elly;Drama, Mystery;7.9;59162;2000
Katalin Varga;Thriller, Drama, Crime;7.0;3153;2000
French Blood: Mr. Pig;Horror;4.8;58;2020
The Extra Man;Comedy;5.8;5511;2010
Dangerous People;Thriller, Adventure, Action, Crime;5.5;17645;2010
Fais-moi plaisir!;Comedy;6.4;898;2000
Cockneys vs Zombies;Comedy, Action, Horror;5.9;20756;2010
Irréductible;Comedy;6.1;2214;2020
Salam London;Romance, Drama;5.8;24;2020
Coup de théâtre;Comedy, Thriller, Crime, Mystery;6.5;69769;2020
The House in Sherwood;Thriller, Horror;3.5;242;2020
Frères d'Italie;Adventure, Drama, History;6.4;640;2010
Tomb Raider;Fantasy, Adventure, Action;6.3;234436;2010
Boxing Day;Comedy, Romance;5.5;1532;2020
Code Emperor;Thriller, Drama;5.8;3294;2020
The Stranger in Our Bed;Thriller, Mystery;4.6;1261;2020
Miral;Drama, History;6.2;3644;2010
Beyond the Summit;Thriller, Adventure, Drama, Sport;5.5;345;2020
Robuste;Comedy, Drama;5.6;395;2020
En passant pécho;Comedy, Action, Crime;4.5;802;2020
A Congregation of Ghosts;Drama;6.6;33;2000
Blonde. Purple;Thriller, Drama, Crime;4.1;145;2020
You Might Get Lost;ScienceFiction, Drama, Horror, Sci-Fi;4.7;624;2020
Contracorriente;Fantasy, Romance, Drama;7.7;7350;2000
Pacifiction;Thriller, Drama;6.4;3830;2020
André Rieu: Christmas in London;Music, Musical;7.8;40;2010
The Vampires of Bloody Island;Comedy, Horror;6.6;40;2000
Cloud Atlas;ScienceFiction, Drama, Mystery, Sci-Fi;7.4;381170;2010
We Want Sex Equality;Comedy, Drama, History;7.1;16379;2010
The Kid;Drama;6.8;1430;2010
Spider in the Attic;Horror, Sci-Fi;2.8;317;2020
Djinns;Action, Mystery, War, Horror;5.1;1037;2010
L'origine du mal;Thriller, Drama;6.6;2066;2020
Le Tourbillon de la vie;Romance, Drama, Comedy;6.6;901;2020
Habib, la grande aventure;Comedy;6.7;61;2020
Lipstikka;Thriller, Drama;6.0;269;2010
Orgueil et Préjugés et Zombies;Thriller, Horror, Romance, Action, Comedy, Fantasy;5.8;62329;2010
The Prodigies;ScienceFiction, Drama, Action, Animation;5.9;1748;2010
Upside Down;ScienceFiction, Romance, Drama, Fantasy, Sci-Fi;6.3;74995;2010
Inception;Adventure, ScienceFiction, Action, Sci-Fi;8.8;2682513;2010
Comedown;Thriller, Horror;4.6;1701;2010
Les aventures extraordinaires d'un apprenti détective;Fantasy, Adventure, Family;5.5;7404;2010
Freight;Thriller, Drama, Action, Crime;4.1;863;2010
Imogène McCarthery;Comedy, Crime, Mystery;5.4;379;2010
Ma compagne de nuit;Drama;6.3;84;2010
Une petite zone de turbulences;Comedy;5.9;599;2000
Play;Drama, Crime;7.1;6880;2010
Il legionario;Drama, Action;5.9;283;2020
Super-héros malgré lui;Comedy, Action;6.2;4118;2020
Le processus de paix;Comedy, Romance, Drama;5.5;165;2020
Les tournesols sauvages;Drama;6.3;647;2020
Les octonautes et le cercle de feu;Family, Animation;6.7;229;2020
La nuit aux amants;Romance, Drama;5.6;308;2020
Burn Paris Burn;Fantasy, Mystery, Animation;6.0;31;2000
La disparition d'Alice Creed;Thriller, Drama, Crime;6.7;28060;2000
Braincell;, Drama, Mystery, Horror;4.0;73;2010
Soeur Sourire;Music, Drama, Biography;6.5;960;2000
Jack Falls;Crime;4.1;1232;2010
Loin du périph;Comedy, Action, Crime;5.8;9248;2020
La Rafle;Drama, War, History;7.1;9657;2010
La Légende du Roi Crabe;Adventure, Drama;6.7;1167;2020
8 rue de l'humanité;Comedy;6.3;8290;2020
Yuni;Drama;7.3;1680;2020
L'esprit sacré;Comedy, Drama, Sci-Fi;6.6;1248;2020
Home Is Where I Lay;Horror;4.2;179;2020
The Edge of Daybreak;Thriller, Drama, History;7.1;90;2020
Tom Medina;Drama;6.2;168;2020
Ogre;Fantasy, Drama;5.0;416;2020
Elle ne pleure pas, elle chante;Drama;5.6;137;2010
La croisade;Comedy, Family, Sci-Fi;5.5;715;2020
L'homme de la cave;Comedy, Thriller, Drama;5.9;884;2020
Les passagers de la nuit;Drama;6.9;3419;2020
Tout le monde m'appelle Mike;Thriller;7.6;16;2020
Human Flowers of Flesh;Drama;5.6;152;2020
La place d'une autre;Drama;6.5;785;2020
L'île rouge;Drama;5.9;707;2020
Lingui: Les liens sacrés;Drama;6.8;1402;2020
Greek Pete;Romance, Drama, Documentary;5.2;781;2000
Ardor;Western, Drama;5.2;952;2010
Doctor Prim;Thriller, Drama, Horror;3.0;160;2020
The Island Within;Comedy, Drama;7.0;71;2020
Amours à la finlandaise;Drama;6.7;682;2020
Eternal Daughter;Horror, Drama, Mystery;5.9;7108;2020
L'Événement;Drama, History;7.4;12986;2020
Romaine 30° Below;Comedy;5.4;397;2000
Donkey;Drama;6.5;668;2000
Mon père, le Diable;Thriller, Drama;6.9;484;2020
Trois fois rien;Comedy, Drama;6.2;439;2020
The Bunker Game;Thriller, Mystery, Horror;3.3;2722;2020
Une Chinoise;Drama;6.1;646;2000
CE2;Drama;6.6;14;2020
Baseline;Drama, Action, Crime;5.1;664;2010
Cut;Thriller, Mystery, Horror;3.1;354;2010
Orly;Drama;6.0;468;2010
Resistance;Thriller, Drama, War;4.9;2011;2010
Tête de turc;Thriller, Drama, Crime;6.0;489;2010
L'amour c'est mieux que la vie;Comedy, Romance, Drama, Music;5.3;203;2020
Mafia Mamma;Comedy, Action, Crime;5.4;12907;2020
Piccolo corpo;Drama;7.0;1060;2020
Sex & Drugs & Rock & Roll;Music, Drama, Biography;6.5;4509;2010
America Latina;Thriller, Drama, Mystery;5.9;2146;2020
Permis de construire;Comedy;5.4;504;2020
3 amis mènent l'enquête;Family, Animation;5.6;229;2000
Calanques Mortelles;Drama, Crime, TVMovie;5.9;40;2020
Outcast;Fantasy, Horror;5.3;2854;2010
Sous la Seine;Thriller, Mystery, Horror, Action, Drama;5.2;36490;2020
Shell Shock;Drama, War;6.5;30;2000
Gardiens de l'ordre;Thriller, Drama, Crime;6.0;1092;2010
Taken 2;Thriller, Action, Crime;6.2;330853;2010
Locked In;Thriller, Drama;4.7;860;2010
Le dernier vol du flamant rose;Thriller, Drama;5.3;70;2010
Carmel;, History, Biography;5.4;112;2000
Pièce montée;Comedy, Romance;5.4;796;2010
Sulfures;Thriller, Horror;3.5;1928;2010
Zatoichi: The Last;Drama, Action;5.1;405;2010
Mal Viver;Drama;6.7;801;2020
Père Noël Origines;Fantasy, Adventure, Horror;6.6;33896;2010
Sans identité;Thriller, Action, Mystery;6.8;273243;2010
Fixed;Thriller, Crime;5.8;89;2020
Book of Love;Comedy, Romance;5.5;4172;2020
Ditching;Fantasy, ScienceFiction, Drama;6.6;10;2000
Quelque chose à te dire;Drama;5.8;458;2000
Switch;Thriller, Action, Crime;6.3;3558;2010
Les nuits rouges du bourreau de jade;Thriller, Crime, Horror;5.4;725;2010
Si on chantait;Comedy, Music;5.8;396;2020
Mince alors 2!;Comedy;4.0;103;2020
Aurora;Drama;6.5;2140;2010
Paradis: Amour;Drama;7.0;10627;2010
Nostalgia;Drama, Crime;6.7;3836;2020
Everything Will Be Fine;Thriller, Drama;6.1;861;2010
Murder Party;Comedy, Crime, Mystery;5.0;948;2020
Par dessus l'épaule de Jonas;Comedy, Romance, Drama;6.1;557;2020
Tellement proches;Comedy, Drama;6.4;1784;2000
Le monde après nous;Romance, Drama;6.2;548;2020
Théo et les métamorphoses;Drama;5.7;83;2020
Le dernier été de la Boyita;Drama;7.1;1017;2000
Twist à Bamako;Romance, Drama, History;6.4;313;2020
Le baltringue;Comedy, Action;1.8;381;2010
Lourdes;Drama;6.9;3858;2000
Last Train to Christmas;Comedy, Drama, Fantasy;6.0;3538;2020
Jaffa;Drama;6.9;790;2000
Je suis heureux que ma mère soit vivante;Drama;6.7;600;2000
La régate;Drama;6.8;199;2000
Mick Fleetwood & Friends Celebrate the Music of Peter Green;Music;8.4;59;2020
Angèle;Comedy, Drama;5.9;166;2020
Entre les vagues;Comedy, Drama;6.7;526;2020
Les magnétiques;Music, Drama, History;6.4;1060;2020
Twelve;Thriller, Drama, Action, Crime;5.6;12840;2010
Anton;Comedy, Adventure, Family;5.1;579;2020
Hosticide;Thriller, Horror;5.5;16;2020
Boys on Film 21: Beautiful Secret;Romance, Drama, Comedy, History;3.9;151;2020
Ugly Beautiful;Thriller, Horror;4.5;9;2000
Liminal;Music, Unknown;6.4;28;2020
L'Improbable voyage d'Harold Fry;Drama;6.8;5759;2020
Retreat;Thriller, Drama, Horror;5.8;13331;2010
Christmas;Romance, Drama;6.1;306;2000
Nous trois;Romance, Thriller, Drama, Action;5.8;136;2010
La dame de trèfle;Thriller, Drama, Crime;6.1;210;2000
Comme une actrice;Comedy, Drama, Fantasy;5.4;91;2020
Un an, une nuit;Drama;6.4;901;2020
Klokkenluider;Comedy, Thriller;6.2;305;2020
Night Wolf;Thriller, Action, Horror;4.3;3536;2010
Stalker;Thriller, Mystery, Horror;4.2;621;2010
The Leprechaun's Curse;Horror;3.0;214;2020
Fogaréu;Drama;6.6;295;2020
The Outfit;Drama, Crime, Mystery;7.2;81226;2020
Kingdom of the Dinosaurs;ScienceFiction, Adventure, Horror, Action, Sci-Fi;3.5;598;2020
Jeepers Creepers: Reborn;Thriller, Mystery, Horror;2.6;16034;2020
A bloc;Comedy, Thriller, Crime;5.6;231;2000
Ravage;Thriller, Drama, Action, Crime;5.7;41171;2020
Indian Palace;Comedy, Romance, Drama;7.2;102013;2010
Kanun, la loi du sang;Thriller;5.5;67;2020
Noël à tous les étages;TVMovie, Romance, Family, Comedy, Drama;6.5;53;2020
Tracker;Thriller, Adventure, Drama, Action;6.5;4306;2010
Traces;Drama;7.1;499;2020
Godforsaken;Thriller;3.9;132;2010
Bus Palladium;Comedy, Romance, Drama, Music;5.6;382;2010
Nanny McPhee et le Big Bang;Comedy, Family, Fantasy;6.1;38609;2010
Son of Babylon;Drama, War;7.2;1567;2000
The Offering;Thriller, Mystery, Horror, Fantasy, Drama;3.2;341;2020
L'établi;Drama, History, Biography;6.6;276;2020
Une exécution ordinaire;Drama, History;6.5;619;2010
Botticelli, Florence And The Medici;Drama, Documentary;7.2;139;2020
Le clan des bêtes;Thriller, Drama;6.5;3582;2020
Outpost: Black Sun;Action, Horror, Sci-Fi;4.9;5841;2010
Jacinto;Comedy, Thriller, Horror;6.3;94;2020
One Shot;Adventure, Action, Crime;5.7;7362;2020
Une mère;Thriller, Drama;6.2;223;2020
Le déhanché d'Elvis;Comedy, Romance;6.1;679;2020
Harragas;Drama;6.8;176;2000
Port of Memory;Drama;6.2;42;2010
Somewhere;Comedy, Romance, Drama;6.3;47774;2010
L'envol;Romance, Drama, History;6.6;1186;2020
Plein sud;Romance, Drama;5.8;823;2000
Dog Pound;Drama, Crime;7.0;13971;2010
Même la pluie;Drama, History;7.4;15205;2010
Ordinary People;Drama, War;6.2;440;2000
Nuits d'ivresse printanière;Romance, Drama;6.4;1916;2000
Contes de l'âge d'or;Comedy, History;7.8;6298;2000
Poursuite mortelle;Thriller, Action, Crime, Adventure;6.2;31488;2010
Why Moths Fly to the Light?;, Drama;5.0;25;2020
He Is My Girl;Comedy, Romance;5.8;239;2000
Les collections de Mithat Bey;Drama;7.2;2951;2000
Moi, capitaine;Adventure, Drama;7.6;15997;2020
Kinatay;Thriller, Drama, Crime, Horror;6.5;1996;2000
Le test;Comedy, Family;5.9;691;2020
The Infidel;Comedy, Drama;6.3;7063;2010
Exorcist Vengeance;Action, Horror;2.9;289;2020
Tu n'aimeras point;Romance, Drama;7.3;6666;2000
Mourir comme un homme;Music, Drama;6.4;1296;2000
Alien: Battlefield Earth;ScienceFiction, Sci-Fi;1.9;281;2020
Skeletons;Thriller, Mystery, Comedy, Drama, Fantasy;6.7;2071;2010
Une semaine sur deux (et la moitié des vacances scolaires);Drama, Family;5.8;299;2000
Pierre et Jeanne;Drama;7.2;9;2020
Leonie;Drama, Biography;6.1;663;2010
Amer;Thriller, Drama, Mystery, Horror;6.1;6735;2000
Lenny and the Kids;Comedy, Drama;6.9;3149;2000
Dis-moi qui tu es;Drama;6.5;48;2000
Ripper Untold;Horror, Crime, Mystery;4.0;2356;2020
Plus que jamais;Romance, Drama;6.7;1770;2020
French Dream;Comedy, Drama;6.3;1372;2020
Before Night Falls;Drama, Mystery, Horror;3.9;426;2020
Africa United;Comedy, Adventure, Drama, Action;6.5;1562;2010
Coursier;Comedy, Action, Crime;5.8;1843;2010
Le secret d'Éléonore;Adventure, Family, Animation;6.7;1046;2000
Rio, sexe et (un peu de) tragi-comédie;Comedy, Drama;4.7;839;2010
Ivul;Fantasy, Drama;5.6;102;2000
Vous ne désirez que moi;Romance, Drama;5.8;226;2020
El agua;Romance, Drama;6.0;767;2020
Rapt;Thriller, Drama;6.7;2269;2000
Mission: Noël - Les aventures de la famille Noël;Animation, Adventure, Family, Comedy, Drama;7.1;70461;2010
Brick Mansions;Thriller, Drama, Action, Crime;5.6;44969;2010
Miracle en Alaska;Romance, Adventure, Drama, Biography;6.5;20922;2010
Les Pirates ! Bons à rien, mauvais en tout;Animation, Adventure, Action, Family, Comedy;6.7;52967;2010
Bank of Dave;Comedy, Drama, Biography;7.1;15710;2020
Forget Me Not;Romance, Drama;6.5;2115;2010
Another Year;Comedy, Drama;7.4;31652;2010
L'astronaute;Comedy, Drama;6.7;701;2020
A Chiara;Drama;6.8;2498;2020
A Boy Called Dad;Romance, Drama;6.4;725;2000
La dérive;Drama;4.7;26;2000
Panique au village;Animation, Adventure, Family, Comedy, Fantasy;7.4;8962;2000
Vertige;Thriller, Adventure, Action, Horror;5.6;8553;2000
Maestro(s);Comedy, Drama, Music;5.9;409;2020
Peter von Kant;Romance, Drama;6.3;2750;2020
La chambre des merveilles;Drama;6.5;717;2020
Cendrillon au Far West;Animation, Adventure, Action, Family, Fantasy;3.8;333;2010
Legacy;Thriller, Drama;5.1;1421;2010
13 Assassins;Adventure, Drama, Action;7.5;70285;2010
Code 77;Thriller, ScienceFiction, Horror, Sci-Fi;4.4;628;2000
Ma nuit;Romance, Drama;6.0;293;2020
Flashback;Comedy, ScienceFiction, Sci-Fi;6.1;998;2020
On est fait pour s'entendre;Comedy, Romance;6.4;787;2020
Le mac;Comedy, Crime;6.0;2990;2010
Le Donk & Scor-zay-zee;Comedy, Music;6.3;2054;2000
Oranges and Sunshine;Drama, History, Biography;7.1;6079;2010
Perfect Sense;Romance, ScienceFiction, Drama, Sci-Fi;7.0;65699;2010
Ces amours-là;Drama;6.5;766;2010
Entre Nous;Drama;4.8;357;2020
Empire of Light;Romance, Drama;6.7;26108;2020
Submarine;Comedy, Romance, Drama;7.3;98842;2010
This Must Be the Place;Comedy, Adventure, Drama;6.7;37931;2010
Come prima;Drama, Family, History;6.9;23;2020
Round Ireland with a Fridge;Comedy, Drama;5.4;493;2010
The Zigzag Kid;Adventure, Drama, Family;6.8;509;2010
Infected;ScienceFiction, Horror;2.7;536;2020
Des saumons dans le désert;Comedy, Romance, Drama;6.8;68174;2010
Mémoires de jeunesse;Drama, War, History, Biography;7.2;31257;2010
West Is West;Comedy, Drama;6.4;3356;2010
Jeux Coquins;Romance, Thriller;3.0;797;2020
L'Élégance du hérisson;Comedy, Drama;7.3;9989;2000
Une femme du monde;Drama;6.5;693;2020
R U There;Drama;5.6;339;2010
Placés;Comedy, Drama;6.3;196;2020
The Football Monologues;Drama;8.8;32;2020
Jeanne captive;History, Biography;5.0;136;2010
Golda;Thriller, Biography, War, Drama, History;6.0;14184;2020
Une femme de notre temps;Drama, Crime;4.7;359;2020
Acts of Love;Romance, Comedy, Documentary;4.4;294;2020
Ways to Live Forever;Drama, Family;6.9;1203;2010
Balle perdue 2;Thriller, Action, Crime;6.3;5920;2020
Prometheus;Adventure, ScienceFiction, Mystery, Sci-Fi;7.0;676528;2010
Mastemah;Thriller, Horror;4.3;607;2020
StreetDance 3D;Music, Romance, Drama;5.8;11820;2010
Sexygénaires;Comedy;5.4;189;2020
Haters;Comedy;3.6;315;2020
Ordure!;Comedy, Drama, Action, Crime;7.0;119303;2010
Lockdowners;Romance, Drama;3.3;107;2020
La dégustation;Comedy, Romance, Drama;6.2;1120;2020
She Is Love;Comedy, Romance, Drama;4.9;730;2020
Joseph et la fille;Thriller, Drama, Crime;5.1;45;2010
Loin de Sunset Boulevard;Romance, Drama, History;5.9;47;2000
Tournée;Comedy, Drama;6.5;2709;2010
Just for the Record;Comedy;2.4;488;2010
Tom;Drama;6.0;55;2020
Human Contagion;Action, Horror;5.1;5249;2010
Le principal;Comedy, Drama;5.6;256;2020
Mascarade;Comedy, Romance, Drama, Crime;6.4;3923;2020
Gravity;Thriller, ScienceFiction, Drama, Sci-Fi;7.7;881811;2010
Bambou;Comedy;5.1;212;2000
The Legend of Jack and Jill;Drama, Horror;3.0;790;2020
Easter Bunny Massacre;Mystery, Horror;3.3;337;2020
Blanc comme neige;Thriller;5.4;640;2010
Copacabana;Comedy;6.7;1774;2010
Les Crimes du futur;ScienceFiction, Drama, Horror, Sci-Fi;5.8;44576;2020
Le médecin imaginaire;Comedy;4.4;129;2020
Jimmy Rivière;Drama;5.4;114;2010
La tête en friche;Comedy, Drama;7.2;7809;2010
Stretch;Drama;4.7;86;2010
File Box;Thriller, Mystery, Horror;4.4;55;2010
13th Day of Christmas;Thriller, Drama, Crime;6.7;21;2020
War: La guerra desiderata;Comedy, Romance, War;4.9;265;2020
La Chimère;Comedy, Adventure, Drama;7.3;17754;2020
Habemus Papam;Comedy, Drama;6.7;14974;2010
Release;Romance, Drama, Crime;5.0;657;2010
The Quantum Devil;Fantasy, ScienceFiction, Horror;3.6;427;2020
Kidnap;Thriller, Drama, Action, Crime;5.9;40249;2010
Les trois prochains jours;Thriller, Crime, Action, Romance, Drama;7.3;211618;2010
Swede Caroline;Comedy;5.4;236;2020
Le jour viendra;Drama;6.8;207;2000
Une belle course;Comedy, Drama;7.1;3248;2020
A Christmas Number One;Comedy, Romance, Drama, Music;5.6;1175;2020
Le colibri;Drama;6.3;1790;2020
Crime d'amour;Thriller, Drama, Crime, Mystery;6.5;5733;2010
Les aventures des enfants du chemin de fer;Adventure, Drama, Family;5.5;1687;2020
Sky Peals;ScienceFiction, Sci-Fi;6.2;197;2020
Pimp;Thriller, Crime;3.0;1077;2010
L'homme debout;Comedy, Drama;5.8;105;2020
Wolves of War;Thriller, Action, War;4.0;736;2020
Frère et soeur;Drama;5.5;1465;2020
Buried;Thriller, Drama, Mystery;7.0;172989;2010
Rose et noir;Comedy, Drama;4.2;176;2000
Choeur de rockers;Comedy, Musical, Music;5.6;146;2020
Les huit montagnes;Drama;7.7;17830;2020
Enola Holmes 2;Mystery, Adventure, Crime, Action, Comedy;6.8;110348;2020
Goutte d'Or;Drama;5.8;406;2020
Normale;Comedy, Drama;5.9;245;2020
Cat Person;Thriller, Mystery, Romance, Action, Comedy, Drama;6.0;7565;2020
Mute;Thriller, ScienceFiction, Mystery, Sci-Fi;5.5;38950;2010
Die - Le châtiment;Thriller, Drama, Crime, Mystery;4.9;2767;2010
L'arnacoeur;Comedy, Romance;6.7;28067;2010
Red White & Blue;Thriller, Drama, Horror;6.3;6271;2010
Tangled Up in Blue;Romance, , Drama, War;6.6;29;2000
The Italian Key;Comedy, Romance, Drama;5.4;362;2010
Les âmes soeurs;Drama;5.8;263;2020
Ensemble, nous allons vivre une très, très grande histoire d'amour...;Comedy;4.5;209;2010
Tuesday;Fantasy, Drama, Comedy;6.3;4120;2020
The Orgasm Diaries;Romance, Drama;4.7;1076;2010
Zombie Women of Satan;Comedy, Romance, Horror;3.3;945;2000
Cherry Tree Lane;Thriller, Crime, Horror;4.9;2960;2010
Noir;Thriller, Drama, Crime;4.6;114;2020
Ultimatum;Romance, Drama;6.2;97;2000
Elfie Hopkins: Cannibal Hunter;Thriller, Horror;4.6;1050;2010
Friendzone;Comedy, Romance;5.9;4634;2020
Monsters;Thriller, ScienceFiction, Adventure, Romance, Drama;6.3;99859;2010
Maintenant ou jamais;Drama;6.9;26;2000
Walden;ScienceFiction, Unknown, Drama;6.6;73;2020
Une Estonienne à Paris;Drama;6.3;837;2010
Max Steel;Fantasy, Adventure, ScienceFiction, Action;4.6;21127;2010
Mammuth;Comedy, Drama;6.1;3883;2010
Small World;Drama;6.5;665;2010
Donnant donnant;Comedy, Romance;5.2;340;2010
Moloch Tropical;Comedy, Drama;7.1;199;2000
Fatal;Comedy, Music;5.9;2684;2010
Le coach;Comedy;6.0;481;2000
Bridget Jones Baby;Comedy, Romance, Drama;6.4;88093;2010
There's Something in the Shadows;Horror;2.9;140;2020
L'avocat;Thriller, Drama;5.6;354;2010
Ma famille afghane;Drama, Animation;6.7;538;2020
Grand marin;Drama;6.0;89;2020
Rien Ne Vaut la Vie;Comedy;5.5;88;2020
He Went That Way;Thriller, Drama, Crime;5.1;1730;2020
Medusa Deluxe;Thriller, Drama, Mystery;6.1;2262;2020
Haut et fort;Music, Drama;5.9;628;2020
Freda;Drama;6.4;278;2020
Et il y eut un matin;Drama;6.8;436;2020
Annie Colère;Comedy, Drama;6.9;852;2020
Week-end royal;Comedy, Drama, History, Biography;5.9;12529;2010
Attack the Block;Comedy, Adventure, ScienceFiction, Action;6.7;113658;2010
L'autre monde;Thriller, Drama;5.5;2193;2010
Les folles aventures de Simon Konianski;Comedy;6.3;298;2000
Les Folies fermières;Comedy, Drama;5.8;325;2020
Victoria;Comedy, , Drama;5.3;33;2000
A Week in Paradise;Romance, Comedy;4.3;523;2020
Plumes;Comedy, Drama;6.2;1574;2020
Cosmopolis;Drama, Crime, Mystery;5.1;51287;2010
Employé/patron;Drama;6.5;218;2020
Manodrome;Thriller, Drama;4.7;3493;2020
Not Okay;Comedy, Thriller, Drama;6.1;20237;2020
The Weekend Away;Thriller, Drama, Crime, Mystery;5.7;33405;2020
Older Gods;Thriller, Drama, Mystery, Horror;4.7;3918;2020
Vortex;Drama;7.4;10266;2020
Mi iubita, mon amour;Romance, Drama;5.9;335;2020
Dernier Soleil;Thriller, Drama, Action;5.2;83;2020
Chronique d'une liaison passagère;Comedy, Romance, Drama;6.8;2157;2020
Frontier Blues;Drama;6.2;181;2000
La religieuse portugaise;Drama;6.6;700;2000
Bloodspell;Fantasy, Action, Animation;5.2;16;2000
La Chanteuse de Tango;Musical, Drama;6.2;70;2000
La reine des pommes;Comedy, Musical, Romance, Drama;6.1;667;2000
Play a Song for Me;Drama;6.6;785;2000
Lebanon;Drama, War;6.9;12161;2000
Beautiful Valley;Drama;5.9;35;2010
30 Beats;Comedy, Romance;4.0;1111;2010
Sisu;Action, War;6.9;95950;2020
The Four Walls;Drama;4.9;192;2020
Non ma fille, tu n'iras pas danser;Comedy, Drama;6.0;1038;2000
Tirailleurs;Drama, Action, War, History;5.9;1585;2020
Tamara Drewe;Comedy, Romance, Drama;6.2;23088;2010
A New Old Play;Drama, History;7.6;625;2020
F;Thriller, Drama, Crime, Horror;4.6;4281;2010
Qu'un seul tienne et les autres suivront;Drama;6.6;331;2000
Chalet Girl;Comedy, Romance, Sport;6.3;27503;2010
Rue des dames;Comedy, Drama;5.2;111;2020
Pétaouchnok;Comedy;5.0;221;2020
Trash Humpers;Comedy, Drama, Horror;4.9;5801;2000
The Wife and Her House Husband;Romance, Drama;6.6;37;2020
Down Terrace;Comedy, Drama, Crime;6.4;4344;2000
Phèdre;Drama;7.2;107;2000
Little English;Comedy, Drama;7.2;72;2020
Soudain seuls;Thriller, Adventure, Drama;6.1;1243;2020
Pretty Red Dress;Comedy, Drama;6.5;625;2020
Kandahar Break;Thriller, Action, War, Romance, Drama;5.4;343;2000
Tout le monde aime Jeanne;Comedy, Romance, Drama;6.4;2288;2020
Raging Grace;Thriller, Drama, Mystery, Horror;5.9;2677;2020
Hawaii;Comedy;5.0;260;2020
L'arbre;Romance, Drama;6.5;4772;2010
L'année du requin;Comedy, Drama, Horror;4.5;892;2020
Whether the Weather Is Fine;Drama;6.0;162;2020
Lola;Drama;7.2;940;2000
Spangas on Survival;Adventure, Drama, Family;5.9;302;2000
Les Amandiers;Comedy, Drama, History;6.6;1645;2020
Are We Monsters;Fantasy, Drama, Animation;5.2;556;2020
Alma Viva;Drama;6.7;585;2020
Home-Sitters;Adventure, Action;3.3;164;2020
London Underworld;Thriller, Action, Horror;3.6;1095;2010
Consecration;Thriller, Horror;5.2;4617;2020
Les rascals;Thriller, Drama, Action;6.4;303;2020
Chevaliers contre Loups-Garous;Fantasy, History, Action, Horror;3.7;1458;2020
Téhéran;Drama, Crime;6.7;166;2000
Le jeu de la reine;Drama, History;6.3;5445;2020
Houria;Drama;6.4;485;2020
La rivière Tumen;Drama;6.7;255;2010
As bestas;Thriller, Drama;7.5;22951;2020
Domaine;Romance, Drama;5.7;200;2000
The Haunting of the Tower of London;Horror, History;3.6;1270;2020
Argylle;Comedy, Thriller, Action;5.6;93079;2020
Flux Gourmet;Comedy, Drama, Horror;5.8;3459;2020
Suprêmes;Music, Drama, Biography;6.4;719;2020
Bowling Saturne;Thriller, Drama;5.9;595;2020
The Elevator;Horror;2.7;251;2020
Swinging with the Finkels;Comedy, Romance;4.7;3276;2010
Les 4 Fantastiques;Adventure, ScienceFiction, Action, Sci-Fi;4.3;183108;2010
Camping 2;Comedy;4.4;1593;2010
Joyeuse Retraite! 2;Comedy;5.0;661;2020
Ollie Kepler's Expanding Purple World;Drama;5.8;64;2010
La Barra;Drama;6.6;486;2000
Illégal;Drama;6.8;947;2010
Le Discours d'un roi;Drama, History, Biography;8.0;721484;2010
Le refuge;Drama;6.4;3023;2000
The Rise of the Beast;Action, Horror;2.8;213;2020
Aya;Drama;6.6;66;2020
All Good Children;Drama;5.6;292;2010
l'été l'éternité;Drama;5.4;364;2020
Amel & les fauves;Drama;5.8;155;2020
Nous disons révolution;Unknown, Documentary;6.4;7;2020
I Came By;Thriller;6.2;36396;2020
Le Havre;Comedy, Drama;7.2;24588;2010
The Man Who Came with the Snow;Drama;6.5;73;2000
Basement;Thriller, Horror;2.3;723;2010
Pil;Animation, Adventure, Comedy, Family, Fantasy;6.1;1423;2020
Looks Can Kill;Thriller;3.8;107;2020
La nostra vita;Drama;6.7;2410;2010
Les petits ruisseaux;Comedy, Drama;6.6;389;2010
Monster Family: En route pour l'aventure;Comedy, Family, Animation;4.9;1306;2020
Mon chat et moi, la grande aventure de Rroû;Adventure, Drama, Family;6.1;483;2020
La vie au ranch;Comedy, Drama;5.5;407;2000
D'amour et d'eau fraîche;Romance, Drama;6.0;426;2010
ICI;Comedy, Drama;6.2;214;2010
La grande vie;Comedy;4.8;76;2000
Le grand mouvement;Drama;6.5;340;2020
Troisième étoile à droite;Drama;7.2;7684;2010
Un autre monde;Drama;7.0;2643;2020
Sundown;Drama, Mystery;6.6;7925;2020
Tu me ressembles;Drama;6.9;412;2020
Shockwaves;Action, Sci-Fi;2.6;200;2020
Coup de chance;Thriller, Crime, Romance, Comedy, Drama;6.4;10209;2020
4.3.2.1.;Thriller, Adventure, Crime, Action, Romance;5.8;11154;2010
Hell Hath No Fury;Action, War;4.8;2431;2020
Witch;Fantasy, Horror, Thriller, History;4.9;1419;2020
Sherlock Holmes : Jeu d'ombres;Adventure, Action, Crime, Mystery;7.4;492445;2010
Sus;Drama;6.1;440;2010
La tour;Fantasy, Drama, Horror;4.7;1123;2020
La page blanche;Comedy, Romance, Fantasy;6.0;390;2020
Maintenant;Drama;5.7;113;2020
Les volets verts;Drama;5.7;317;2020
Kerr;Thriller, Drama, Mystery;5.9;850;2020
Reprise en main;Comedy, Drama;6.3;186;2020
Alive!;Thriller, ScienceFiction, Drama, Action;6.7;265;2000
Le bruit des glaçons;Comedy, Drama;6.2;2707;2010
The Haunting of Ellie Rose;Horror;2.5;238;2010
Puzzle;Drama;6.7;700;2010
Barbie;Comedy, Adventure, Fantasy;6.8;607392;2020
Le Trésor du Petit Nicolas;Comedy, Family;5.7;443;2020
Dashcam;Comedy, Thriller, Horror;4.5;7197;2020
Dough;Comedy, Drama;6.3;2087;2010
Trésor;Comedy;4.4;560;2000
Mystery of the Tattoo;Thriller;8.9;37;2020
Kindling;Romance, Drama;6.0;687;2020
Love's Kitchen;Comedy, Romance, Drama;5.3;3916;2010
Tu choisiras la vie;Drama;6.1;276;2020
The Fall of Usher;Horror;3.6;144;2020
Divorces;Comedy, Romance, Drama;5.2;268;2000
Une vie tranquille;Drama, Crime;6.7;2750;2010
Tortoise in Love;Comedy;5.5;306;2010
Sleepless Nights and Kisses for Breakfast;Comedy, Drama, Family;5.6;73;2020
Potiche;Comedy;6.4;11519;2010
Les Meilleurs Amis du monde;Comedy;5.4;453;2010
Kaboom;Thriller, ScienceFiction, Mystery, Romance, Comedy, Drama;5.7;14136;2010
Volbeat: Let's Boogie!: Live from Telia Parken;Music;7.9;19;2010
Contrebande;Thriller, Adventure, Crime, Action, Drama;6.4;127859;2010
Traqués;Thriller, Action, Mystery, Horror;5.1;1827;2020
Guermantes;Comedy, Romance, Drama;5.5;196;2020
The Buckingham Murders;Drama, Crime, Mystery;5.9;10676;2020
Raven's Hollow;Thriller, Mystery, Horror;5.2;1977;2020
Nos résistances;Romance, Drama, War, History;6.0;29;2010
El premio;Drama;6.5;445;2010
The Fence;Comedy, Drama;6.6;914;2020
Grabbers;Thriller, ScienceFiction, Mystery, Adventure, Horror, Action, Comedy;6.3;20118;2010
Une femme sur le toit;Drama;6.4;346;2020
The Caller;Thriller, Drama, Mystery, Horror;6.0;12545;2010
La Fin du silence;Thriller, Drama, Mystery;5.4;132;2010
Ao, le dernier Néandertal;Adventure, History;6.3;1938;2010
Juste ciel !;Comedy;5.0;387;2020
Fit;Romance, Drama, Comedy;6.3;506;2010
Archipelago;Drama;6.3;3159;2010
Exodus: Gods and Kings;Adventure, Drama, Action;6.0;183425;2010
Route Irish;Thriller, Drama, Action;6.4;4912;2010
Rien à déclarer;Comedy;6.4;15692;2010
Bazar;Drama;5.9;67;2000
Happy Few;Romance;5.6;2127;2010
Shttl;Drama, War, History;7.2;193;2020
Coeurs vaillants;Drama, History;5.3;116;2020
De vrais mensonges;Comedy, Romance;6.4;7679;2010
Sughra's Sons;Drama;7.7;33;2020
Nightride;Thriller, Drama, Crime;5.5;999;2020
Argentina, 1985;Drama, Crime, History, Biography;7.6;34133;2020
Dirty, Difficult, Dangerous;Fantasy, Romance, Drama;6.2;118;2020
Sous les figues;Drama;6.5;502;2020
Byzantium;Fantasy, Thriller, Drama, Horror;6.5;47230;2010
Jekyll and Hyde;Mystery, Crime, Horror;3.9;1755;2020
Aux quatre vents;Drama;5.3;268;2010
La Folie Almayer;Drama;6.4;935;2010
Fall;Thriller, Action;6.4;122484;2020
Revoir Paris;Thriller, Drama, Crime;6.9;3558;2020
Pterodactyl;Adventure, Action, Horror;3.1;220;2020
Wrath of Van Helsing;Horror;2.5;288;2020
Raymond & Ray;Comedy, Drama;6.2;9196;2020
Un balcon sur la mer;Romance, Drama, Mystery;6.2;1830;2010
L'homme qui voulait vivre sa vie;Thriller, Drama;6.6;3809;2010
Resurrected;Thriller, ScienceFiction, Horror, Sci-Fi;5.3;1770;2020
600 kilos d'or pur;Adventure;4.5;1093;2010
Master Gardener;Thriller, Drama, Crime, Mystery;6.1;12362;2020
Lost Destination;Fantasy, Adventure, Drama;4.6;930;2010
Killing Bono;Comedy, Drama, Music;6.3;6780;2010
Loup;Adventure, Drama;6.4;660;2000
The Possession of David O'Reilly;Thriller, Horror;4.5;1434;2010
W.E.;Romance, Drama, History;6.2;13925;2010
Faces;Thriller, Drama, Crime, Mystery;5.7;20562;2010
Sanctuary;Thriller, Drama;6.2;11204;2020
Seven Sisters;Thriller, ScienceFiction, Mystery, Crime, Action, Fantasy, Drama;6.8;140099;2010
Une Comédie Romantique;Comedy, Romance, Drama;5.5;217;2020
The Flying Machine;Comedy, Adventure, Family, Animation;4.7;424;2010
Saint Omer;Drama;6.8;5886;2020
Les cadors;Comedy, Drama;5.1;207;2020
Angèle et Tony;Romance, Drama;6.6;1035;2010
The Mortal Instruments: La Cité des ténèbres;Fantasy, Adventure, Action, Mystery;5.8;141087;2010
En plein feu;Thriller, Drama, Action;5.3;286;2020
The Afterlight;Documentary, Mystery;7.3;46;2020
Oppenheimer;Drama, History, Biography;8.3;890585;2020
Los reyes del mundo;Adventure, Drama;7.0;2639;2020
La Roya;Drama;6.5;105;2020
Les enfants des autres;Comedy, Romance, Drama;6.8;3078;2020
Bonded by Blood;Thriller, Drama, Crime;5.5;2803;2010
A Single Shot;Thriller, Drama, Crime;5.7;12003;2010
Albatros;Drama;6.3;5696;2010
La fille et le garçon;Romance;5.2;24;2020
Main Viyah Nahi Karona Tere Naal;Comedy, Romance, Drama;6.2;469;2020
127 Heures;Thriller, Adventure, Drama, Biography;7.5;413891;2010
Treacle Jr.;Comedy, Drama;6.9;653;2010
Carancho;Romance, Thriller, Drama, Crime;6.8;9093;2010
Electric Child;ScienceFiction, Drama, Sci-Fi;6.5;69;2020
Les chemins de Pierre;Drama;6.6;1486;2020
El amor en su lugar;Romance, Musical, Drama;6.8;1498;2020
Athena;Thriller, Drama, Action;6.8;24160;2020
In Our Name;Drama;6.2;518;2010
Un altro mondo;Drama;6.3;344;2010
La conspiration du Caire;Thriller, Drama;6.9;8467;2020
Coup de filet;Comedy, Drama, Crime;5.5;2435;2010
Les yeux de sa mère;Drama;6.0;358;2010
À bout portant;Thriller, Drama, Action, Crime;6.8;14886;2010
Protein;Thriller, Crime, Horror;6.4;66;2020
Tropique de la Violence;Thriller, Drama, Crime;5.8;116;2020
Fumer fait tousser;Comedy, Fantasy, Horror, Sci-Fi;6.4;5850;2020
The Barons;Comedy, Drama;6.6;1012;2000
Cardboard Fort;Comedy, Drama;7.7;8;2020
En roue libre;Comedy, Drama;6.3;680;2020
Le fils à Jo;Comedy, Drama;5.7;624;2010
Siren;Thriller, Horror;3.6;2007;2010
Matin Calme;Thriller, Drama, Crime, Mystery;5.2;586;2020
Les voisins de mes voisins sont mes voisins;Comedy, Family, Animation;5.7;42;2020
Café de Flore;Romance, Drama;7.3;17081;2010
Dîner à l'anglaise;Comedy, Drama;5.8;1278;2020
Video Shop Tales of Terror;Fantasy, Drama, Comedy, Horror;4.7;745;2020
Règle 34;Drama;5.3;543;2020
Demons at Dawn;Horror;2.6;392;2020
Le grand chariot;Drama, Family;6.0;349;2020
Petite leçon d'amour;Comedy, Romance;5.5;165;2020
Music;Drama;5.5;530;2020
Born of War;Thriller, Drama, Action, War;4.4;480;2010
Mary, Queen of Scots;Romance, Drama, History, Biography;5.4;1019;2010
La terre outragée;Drama;6.3;962;2010
The Seasoning House;Thriller, Drama, Horror;6.1;11839;2010
The End;Fantasy, Musical, ScienceFiction, Drama;5.5;2026;2020
Un Noël en Ecosse;Comedy, Romance, Drama, TVMovie;5.8;720;2020
Sage homme;Comedy, Drama;6.8;660;2020
7 Lives;Fantasy, Thriller, ScienceFiction, Drama;3.4;498;2010
Comme les cinq doigts de la main;Drama, Action, Crime;5.2;596;2010
Prowl;Thriller, Horror;4.5;5284;2010
Angels Crest;Drama;5.7;2145;2010
Zindeeq;, Drama;5.7;34;2000
An Action Hero;Comedy, Thriller, Action, Crime;7.0;33100;2020
A Bit of Tom Jones?;Comedy;4.4;174;2000
Neds;Drama;6.9;8961;2010
L'amour, c'est mieux à deux;Comedy, Romance;5.7;1873;2010
Un jour;Romance, Drama;7.0;174851;2010
A Thousand Kisses Deep;Romance, Thriller, Fantasy, Sci-Fi;5.1;555;2010
Les émotifs anonymes;Comedy, Romance, Drama;6.9;12309;2010
Day of the Flowers;Comedy, Romance, Drama;5.5;352;2010
Avant l'effondrement;Comedy, Drama;5.1;105;2020
Thelma, Louise et Chantal;Comedy;5.5;218;2010
Morgen;Drama;6.9;1183;2010
Mon héroïne;Comedy, Biography;5.7;219;2020
Dema Dirîrêskan;Drama, War;7.4;98;2020
Memory Lane;Drama;6.1;175;2010
Arrietty : Le Petit Monde des Chapardeurs;Animation, Adventure, Family, Fantasy, Drama;7.6;111238;2010
Among the Living;Thriller, Drama, Horror;3.9;462;2020
Burning Man;Romance, Drama, Comedy;6.4;4124;2010
L'île aux parents;Comedy, Family;5.4;435;2010
Henry;Comedy, Music;5.5;62;2010
Castigo;, Drama;4.4;31;2000
Amityville Scarecrow 2;Horror;2.8;194;2020
Le 4ème mousquetaire;Adventure, Action;3.3;1454;2020
A Dangerous Method;Romance, Thriller, Drama, Biography;6.4;110431;2010
L'ange du mal;Drama, Crime, Biography;6.8;3534;2010
Miel;Drama;7.1;7638;2010
Kinyarwanda;Romance, Drama, History;6.8;513;2010
The Hike;Horror;3.7;1848;2010
Ballade Triste;Thriller, Adventure, Horror, Comedy, Drama;6.5;15656;2010
3 fois 20 ans;Comedy, Romance, Drama;5.7;1085;2010
Bengali Variation;Romance, Drama, Music;7.6;12;2020
Le parfum vert;Comedy, Thriller, Crime, Mystery;5.4;830;2020
Le Livre des solutions;Comedy, Drama;6.1;2767;2020
Irati;Fantasy, Adventure, Drama, Action;6.2;1869;2020
Les goûts et les couleurs;Comedy, Romance, Music;5.7;281;2020
Ténor;Comedy, Drama, Music;6.5;1686;2020
Pulse;Music, Thriller, Drama;6.0;342;2020
Le voyage d'Inuk;Comedy, Adventure, Drama;6.7;359;2010
Libre échange;Comedy, Drama;4.5;121;2010
Evil Woman;Thriller, Drama, Crime;3.4;165;2010
Hitler à Hollywood;Comedy, Drama;5.8;203;2010
Pieds nus sur les limaces;Drama;6.1;1448;2010
It's Your Fault;Drama;6.7;293;2010
Return of the Salem Witch;Horror;4.8;48;2020
Allelujah;Drama;6.0;2001;2020
The Last Kingdom: Sept rois doivent mourir;Adventure, Action, War, Drama, History;6.9;40331;2020
The Pod Generation;Comedy, Romance, ScienceFiction, Sci-Fi;5.6;6398;2020
Seeing Heaven;Fantasy, Thriller, Drama;3.8;414;2010
Christmas in the Caribbean;Comedy, Romance;3.9;108;2020
Cet été-là;Comedy, Drama;5.5;249;2020
L'Abbé Pierre - Une vie de combats;Drama, History, Biography;6.5;681;2020
Harold's Going Stiff;Comedy, Drama, Horror;5.8;748;2010
Edge;Thriller, Drama, Action;6.0;78;2010
Flutter;Thriller, Drama;5.2;424;2010
Avant, j'étais célèbre;Comedy, Drama, Music;6.6;11793;2020
La Yuma;Romance, Drama, Action;6.6;265;2000
La lisière;Drama;4.7;163;2010
Big Fat Gypsy Gangster;Comedy, Action, Crime;3.3;879;2010
Désaxé;Thriller, Drama, Horror;3.9;1011;2010
L'empire des Rastelli;Drama;6.7;1312;2010
Memories Corner;Drama;5.5;68;2010
Présumé coupable;Drama, Crime, Biography;7.3;2090;2010
The Holding;Thriller;4.7;942;2010
Les invités de mon père;Comedy;6.5;858;2010
Il n'est jamais trop tard;Comedy, Romance, Drama;6.1;74083;2010
Terminus des anges;Drama;5.8;836;2010
Cléo, Melvil et moi;Comedy, Drama;6.5;33;2020
The Flirting Club;Comedy;2.5;156;2010
Belle épine;Drama;5.9;1132;2010
If I Were You;Comedy, Romance, Drama;6.9;2476;2010
I, Anna;Thriller, Mystery, Crime, Romance, Drama;6.0;2435;2010
Decline of an Empire;Drama, History, Biography;3.3;514;2010
Mumu;Comedy, Drama;6.3;250;2010
Tout ce qui brille;Comedy;6.1;2767;2010
Aux armes, etc.;Romance, Musical, Music;5.1;217;2010
Des hommes et des dieux;Drama, History;7.2;16490;2010
Mothers;Drama, Documentary, Mystery;7.3;824;2010
Oncle Boonmee (celui qui se souvient de ses vies antérieures);Fantasy, Drama;6.7;18275;2010
Toi & moi?;Comedy, Romance, Drama;7.2;14716;2020
The Nutcracker;Fantasy, Romance, Music;6.7;89;2000
Black Lotus;Thriller, Drama, Action;4.3;2914;2020
Sans queue ni tête;Comedy, Drama;5.6;663;2010
The Passenger;Thriller, Action, Mystery;6.3;129488;2010
Age of Heroes;Thriller, Adventure, Action, War, Drama;5.5;10321;2010
Ça commence par la fin;Romance, Drama;5.3;283;2010
The Hunters;Thriller, Drama, Crime, Horror;4.0;2181;2010
MS One: Maximum Security;Thriller, ScienceFiction, Action, Sci-Fi;6.0;102256;2010
L'Âge de raison;Comedy, Romance;5.7;1958;2010
Sans laisser de traces;Thriller, Drama, Crime;6.3;1647;2010
From Leicester to Hollywood;Comedy, Drama;7.9;16;2020
Par amour;Drama;6.2;18;2010
Devil's Bridge;Thriller, Horror;4.3;266;2010
La Dame en noir;Fantasy, Thriller, Drama, Horror;6.4;196650;2010
Astérix & Obélix : Au service de Sa Majesté;Comedy, Adventure, Family;5.3;17426;2010
Monument to Michael Jackson;Comedy, Drama;6.0;523;2010
Menace d'État;Thriller, Drama, Action, Crime;6.2;21384;2010
La princesse de Montpensier;Romance, Drama, Action, History;6.5;4395;2010
No et moi;Drama;6.6;548;2010
Paris Connections;Romance, Thriller, Mystery;5.5;110;2010
Captifs;Thriller, Horror;5.3;2438;2010
Le temps de la kermesse est terminé;Unknown, Drama;6.1;32;2000
Le Territoire des loups;Thriller, Adventure, Drama, Action;6.7;269111;2010
Albert Nobbs;Romance, Drama;6.7;26062;2010
2 Days in New York;Comedy, Romance, Drama;6.0;15158;2010
Only God Forgives;Thriller, Drama, Action, Crime;5.7;120693;2010
Amour;Romance, Drama;7.9;108300;2010
Le Fear;Comedy, Horror;6.9;343;2010
Dragon Fury: Wrath of Fire;Adventure, Action, Horror;3.5;98;2020
Frank;Comedy, Drama, Music, Mystery;6.9;83556;2010
Le moine;Thriller, Drama, Mystery;5.8;4217;2010
La femme du Vème;Thriller, Drama, Mystery;5.3;7261;2010
Effie Gray;Romance, Drama, Biography;6.0;7249;2010
Typist Artist Pirate King;Drama;5.8;266;2020
Swing Rendez-vous;Comedy, Musical, Romance, Drama;5.3;41;2020
File 25;Romance, Drama, Crime;6.2;13;2010
Showreel;Comedy, Thriller, Horror;8.2;16;2010
Cours sans te retourner;Drama, Action, War, Biography;7.2;2931;2010
I Curse This Land;Thriller, Drama, Horror;3.9;87;2020
Conann;Fantasy, Action;5.8;777;2020
Blonde sur ordonnance;Comedy, Drama;6.2;15917;2010
A Place Called Dignity;Drama;6.2;142;2020
Tooth Fairy Queen of Pain;Horror;2.8;224;2020
L'Italien;Comedy, Drama;5.7;1632;2010
Rubber;Mystery, Horror, Comedy, Drama, Fantasy;5.7;41735;2010
Kon-Tiki;Adventure, Drama, History, Biography;7.1;53367;2010
Little Deaths;Romance, Thriller, Horror;4.7;3407;2010
Le paradis;Romance, Drama;6.7;1931;2020
Emulsion;Thriller, Drama, Mystery;5.9;952;2010
The Foreigner;Thriller, Action, Crime;7.0;128162;2010
Le 13e jour;Drama, History, Biography;7.2;187;2000
Island of the Dolls;Horror;2.4;230;2020
Curse of Humpty Dumpty 2;Horror;2.5;299;2020
Le procès Goldman;Drama, Crime, History;7.0;3093;2020
Sous toi, la ville;Romance, Drama;6.2;782;2010
Not the Messiah: He's a Very Naughty Boy;Comedy, Musical, Music, History;7.1;1408;2010
Curio;Thriller, Mystery, Horror;2.5;174;2010
Dark Souls;Thriller, Horror;4.5;2230;2010
The We and the I;Drama;6.1;2225;2010
Un amour de jeunesse;Romance, Drama;6.7;5843;2010
Jackie;Drama, Biography;6.6;85387;2010
Feed Me;Comedy, Horror;4.6;1059;2020
Couleur de peau: Miel;Documentary, Biography, Animation, Family, Drama;7.3;638;2010
Ouvert 24/7;Comedy, , Drama, Horror;3.7;83;2010
War pony;Drama;6.8;2870;2020
Killer Bitch;Thriller, Action, Horror;1.5;503;2010
Belle et Sébastien: nouvelle génération;Adventure, Drama, Action, Family;5.9;487;2020
Passages;Romance, Drama;6.6;13700;2020
Hector et la recherche du bonheur;Comedy, Adventure, Drama;6.9;51478;2010
Des filles en noir;Drama;6.1;221;2010
Un cadeau inattendu;Comedy, Drama, Family;6.8;3293;2010
Night Is Day: The Movie;ScienceFiction, Action, Sci-Fi;4.9;90;2010
Blackthorn : La Dernière Chevauchée de Butch Cassidy;Western, Adventure, Drama, Action;6.5;11056;2010
The Estate;Comedy, Drama;5.3;6203;2020
Les têtes givrées;Comedy, Drama;5.9;178;2020
Dodo;Comedy, Romance, Drama;5.3;414;2020
Silver Haze;Drama;6.1;1043;2020
A House in Jerusalem;Drama, Horror;6.8;199;2020
Playoff;Drama, Sport;5.4;292;2010
La mélodie;Comedy, Drama, Music;6.5;860;2010
Betsy & Leonard;Comedy, , Drama;7.5;60;2010
Johnny English, le retour;Comedy, Adventure, Action, Crime;6.3;145529;2010
Kill Keith;Comedy, Horror;3.4;310;2010
Maximum Shame;Music, ScienceFiction, Horror, Musical, Fantasy;2.8;432;2010
Genocidium;Thriller, Drama, Horror;5.8;25;2020
Will;Adventure, Drama, Family;6.8;3529;2010
Strawberry Fields;Drama;4.6;325;2010
Héritage;Drama;6.1;158;2010
Love, Rosie;Comedy, Romance, Drama;7.1;162636;2010
L'amour dure trois ans;Comedy, Romance;6.1;5149;2010
Le Skylab;Comedy, Drama, Family;6.4;2142;2010
Syngué Sabour - Pierre de patience;Drama, War;7.1;5689;2010
Justin et la Légende des chevaliers;Comedy, Adventure, Animation;6.0;6578;2010
Un homme qui crie;Drama, War;6.7;1889;2010
Le masque de la Méduse;Fantasy, Mystery, Horror;5.1;136;2000
My Best Men;Comedy, Romance;5.7;13780;2010
Mai sumoru rando;Drama;7.1;851;2020
The Hot Potato;Comedy, Drama, Crime;5.4;853;2010
Terraferma;Drama;6.7;3257;2010
Ma part du gâteau;Comedy, Drama;5.8;2408;2010
National Theatre Live: The Habit of Art;Comedy, Drama;8.3;108;2010
Citadel;Thriller, Drama, Horror;5.5;7455;2010
Tel Aviv Beyrouth;Drama, History;6.3;87;2020
Chez Gino;Comedy;4.8;286;2010
Dans leur ombre;Thriller, Drama, Mystery;4.9;12781;2020
Four;Thriller;4.3;810;2010
Romeo & Juliet;Romance, Drama;5.8;12992;2010
The Expatriate;Thriller, Action;6.0;33357;2010
Simon Werner a disparu...;Thriller, Drama, Mystery;6.4;1199;2010
Chantrapas;Drama;6.2;396;2010
Le nom des gens;Comedy, Romance, Drama;7.1;8388;2010
Le voleur de lumière;Drama;6.5;456;2010
Un poison violent;Drama;6.3;843;2010
The Tapes;Horror;3.1;535;2010
Nutcracker Massacre;Thriller, Horror;3.3;239;2020
We Are Not Alone;Comedy, ScienceFiction, TVMovie, Sci-Fi;6.1;581;2020
Fisherman's Friends;Comedy, Drama, Music;7.0;12233;2010
Roses à crédit;Romance, Drama, War;5.1;173;2010
En même temps;Comedy;5.6;580;2020
Berlin Nobody;Thriller, Drama, Mystery, Horror;5.0;5369;2020
97 Minutes;Thriller;3.8;9239;2020
Wreckers;Drama;5.8;3234;2010
The Facility;ScienceFiction, Horror;4.8;2561;2010
Laurence Anyways;Romance, Drama;7.6;22757;2010
Kick-Ass 2;Comedy, Adventure, Action, Crime;6.5;295126;2010
Chienne;Romance, Drama;5.6;619;2010
Holiday;Comedy, Crime, Mystery;5.7;220;2010
Notre jour viendra;Comedy, Drama;6.1;4298;2010
Two Sunny Days;Drama;5.6;114;2010
Fleurs du mal;Romance, Drama;6.5;163;2010
Goodbye Christopher Robin;Drama, Family, History, Biography;7.1;30801;2010
The Veteran;Thriller, Action, Crime;5.8;7516;2010
Donoma;Comedy, Drama;7.0;203;2010
Je vous aime très beaucoup;Comedy, Drama, Family;5.6;133;2010
Nannerl, la soeur de Mozart;Music, Drama, Biography;6.4;1639;2010
Robert Mitchum est mort;Comedy, Drama;5.4;183;2010
Deep Fear;Horror;5.1;995;2020
Le Magasin des suicides;Comedy, Musical, Music, Animation;6.2;8949;2010
My Week with Marilyn;Romance, Drama, Biography;6.9;90704;2010
The Artist;Comedy, Romance, Drama;7.8;252249;2010
Bringing Up Bobby;Comedy;5.0;2098;2010
Forces spéciales;Drama, Action, War;6.3;19878;2010
The Decoy Bride;Comedy, Romance, Drama;6.1;12905;2010
The Drummond Will;Comedy, Mystery;5.8;490;2010
Colombiana;Thriller, Drama, Action, Crime;6.4;111574;2010
Le prodige inconnu;Music, Drama, Mystery;6.5;5702;2010
Sket;Thriller, Drama, Crime;4.7;1671;2010
The Secret;Thriller, Mystery, Crime, Horror, Drama;5.9;44159;2010
Kobane;Drama, War;7.1;452;2020
Code ennemi;Thriller, Action;5.6;21165;2010
Le grand partage;Comedy, Drama;5.2;1234;2010
Borrowed Time;Comedy, Drama;5.9;381;2010
L'odyssée;Adventure, Drama, Biography;6.6;6388;2010
À perdre la raison;Romance, Drama, Crime;6.8;3215;2010
L'Apollonide (Souvenirs de la maison close);Drama;6.7;8308;2010
Le règne animal;Adventure, ScienceFiction, Drama, Horror;6.7;10598;2020
La contadora de películas;Drama, History;6.6;993;2020
Une belle rencontre;Comedy, Romance, Drama, War;6.8;21805;2010
Insoupçonnable;Thriller, Drama, Crime, Mystery;5.2;320;2010
Polisse;Thriller, Drama, Crime;7.3;15937;2010
Poulet aux prunes;Comedy, Drama;7.0;10191;2010
Il était une fois Veronica;Drama;6.1;759;2010
Hors Satan;Fantasy, Drama, Crime;6.4;2149;2010
La Demora;Drama;7.2;419;2010
Sur la plage de Chesil;Music, Romance, Drama;6.3;13119;2010
Mozzarella Stories;Comedy, Thriller, Action, Crime;5.7;294;2010
Private Peaceful;Romance, Drama, War;6.2;1791;2010
Rock and Roll Fuck'n'Lovely;Music, Drama, Horror;4.6;45;2010
Elle s'appelait Sarah;Drama, War;7.5;18266;2010
Au cul du loup;Drama;6.1;238;2010
Légitime défense;Thriller, Drama, Crime, Mystery;5.5;268;2010
The Corners;, Drama;8.7;25;2010
Si tu meurs, je te tue;Comedy, Drama;6.3;507;2010
Et si on changeait le monde;Drama;5.4;184;2010
Tante Hilda !;Comedy, Family, Animation;6.2;169;2010
La vie des poissons;Romance, Drama;6.7;1686;2010
Anything Goes;Comedy, Musical, Romance, Music;7.6;743;2020
Rock'N'Love;Comedy, Romance, Drama, Music;6.5;4881;2010
Everywhere and Nowhere;Drama;5.1;333;2010
Une vie de chat;Comedy, Adventure, Animation;6.9;12213;2010
Le dernier jaguar;Comedy, Adventure, Family;5.6;1024;2020
Jusqu'à la lune et partout sur la terre;Comedy, Drama;6.7;3127;2010
Ivory Tower;Comedy, Drama;6.5;157;2010
La ligne droite;Drama, Sport;6.1;367;2010
Usurpateur;Thriller, Drama, Crime;5.6;2188;2010
Hannah Arendt;Drama, Biography;7.1;12272;2010
Peter;Drama, Crime;5.5;119;2010
Intouchables;Comedy, Drama;8.5;978149;2010
Infiltration;Drama;6.2;199;2010
The Laureate;Thriller, Drama;5.2;521;2020
Soldiers of Fortune;Thriller, Action, Adventure;4.3;7642;2010
Ultramarines: A Warhammer 40,000 Movie;Fantasy, ScienceFiction, Action, Animation;5.6;6473;2010
Indigène d'Eurasie;Drama;6.3;426;2010
360;Romance, Drama, Crime, Mystery;6.1;17762;2010
Lady Gun Fighter;Western, Adventure, Drama, Action;5.4;1607;2010
Stoker;Thriller, Drama, Horror;6.7;116869;2010
Headshot;Thriller, Drama, Crime;6.1;1876;2010
Been So Long;Romance, Musical, Drama, Music;5.5;1228;2010
Nuit blanche;Thriller, Drama, Action, Crime;6.6;5200;2010
Territoires;Thriller, Horror;5.0;2459;2010
Punch 119;Thriller, Action, Crime, Adventure;6.1;35285;2010
Carmen in 3D;Music, Musical, Drama;7.5;85;2010
Horrible Henry, le film;Comedy, Adventure, Family;3.7;3289;2010
En secret;Drama;5.9;8152;2010
Girl on a Bicycle;Comedy, Romance, Drama;6.2;2437;2010
La source des femmes;Comedy, Drama;7.2;4280;2010
L'épée et la rose;Fantasy, Adventure, Drama, Music;5.0;111;2010
Jerk;Drama;6.1;97;2020
Come on Eileen;Comedy, Drama;6.5;92;2010
Bye Bye Blondie;Comedy, Romance, Drama;5.2;784;2010
Mon pote;Comedy, Drama, Crime;6.0;362;2010
National Theatre Live: London Assurance;Comedy;8.1;72;2010
The Killing Tree;Comedy, Horror;3.3;1044;2020
Vous n'avez encore rien vu;Comedy, Drama;6.5;1727;2010
La montagne;Fantasy, Adventure, Drama;6.1;645;2020
Sentinelle sud;Thriller, Drama;6.1;313;2020
The Siege;Thriller, Drama, Action;3.5;1008;2020
Nice Guy;Drama, Crime;5.9;516;2010
Opération 118 318 sévices clients;Comedy;3.9;78;2010
American Translation;Drama, Mystery;5.3;907;2010
Pinocchio;Adventure, Family, Animation;6.0;396;2010
Summoning Bloody Mary 2;Horror;2.7;161;2020
Return of Krampus;Horror;2.5;267;2020
Curse of Jack Frost;Horror;2.8;553;2020
La passagère;Romance, Drama;5.6;479;2020
La nuit du 12;Thriller, Drama, Crime, Mystery;7.0;11522;2020
Luna;Fantasy, Drama;6.7;323;2010
Zombie Driftwood;Comedy, Horror;2.0;432;2010
Quitter la nuit;Thriller, Drama;6.3;692;2020
10 jours encore sans maman;Comedy;5.0;465;2020
La Syndicaliste;Thriller, Drama;6.6;1838;2020
Gassed Up;, Thriller, Drama, Crime;5.2;514;2020
Les hommes libres;Romance, Drama, History;6.6;1487;2010
A Spanking in Paradise;Comedy;4.6;185;2010
Le jeune Karl Marx;Drama, History, Biography;6.6;7538;2010
Turnout;Drama;5.3;325;2010
Gooische vrouwen;Comedy, Drama;6.2;3140;2010
L'Art d'aimer;Comedy, Romance;6.1;1983;2010
L'île;Fantasy, Adventure, Drama;3.6;152;2010
Nezouh;Drama, War;6.5;307;2020
Parmi nous;Thriller, ScienceFiction, Drama, Sci-Fi;5.9;988;2020
Fast Girls;Drama, Sport;6.2;3960;2010
DogMan;Drama, Action, Crime;6.8;19483;2020
Anatomie d'une chute;Thriller, Drama, Crime;7.6;174936;2020
Le lycéen;Drama;6.8;1953;2020
Or noir;Adventure, Drama, Action, History;6.6;12881;2010
Un petit frère;Drama;6.6;534;2020
Homme au bain;Drama;4.9;1094;2010
Strippers vs Werewolves;Crime, Horror, Action, Comedy, Fantasy;3.0;2371;2010
Que viva Eisenstein!;Comedy, Romance, Drama, Biography;6.3;3186;2010
Dimensions;ScienceFiction, Drama, Sci-Fi;5.9;598;2010
Genius;Drama, History, Biography;6.5;22157;2010
La grande magie;Comedy, Musical, Drama, Music;4.8;240;2020
La très très grande classe;Comedy;4.7;260;2020
Jumeaux mais pas trop;Comedy;5.5;766;2020
On sourit pour la photo;Comedy;5.7;304;2020
La revanche des Crevettes Pailletées;Comedy;6.2;518;2020
Les gagnants;Comedy;3.2;129;2020
Pauline et François;Romance, Drama;5.8;96;2010
Weekender;Music, Drama;5.5;2009;2010
Allez raconte!;Animation;6.2;65;2010
A Flower in the Mouth;Drama, Documentary;7.0;21;2020
Playing the Moldovans at Tennis;Comedy, Drama, Documentary;7.6;309;2010
Cold Meat;Thriller;5.3;2489;2020
Bas-fonds;, Drama;5.8;83;2010
Every Thing Will Be Fine;Drama;5.5;6578;2010
Juste une nuit;Drama;6.6;595;2020
Halal police d'État;Comedy, Crime;3.9;954;2010
The Last Days on Mars;Thriller, ScienceFiction, Adventure, Horror, Sci-Fi;5.5;39871;2010
Omar m'a tuer;Thriller, Drama, Crime, Biography;6.6;1753;2010
Hard Boiled Sweets;Thriller, Crime;4.8;857;2010
La conquête;Comedy, Drama, Biography;6.3;1723;2010
L'amour a ses raisons;Comedy, Romance, Drama;5.9;4634;2010
Message from the King;Thriller, Drama, Action, Crime;6.4;18702;2010
La république des enfants;Fantasy, Drama, War;5.7;52;2010
The Devil's Business;Horror;5.5;711;2010
Au pays du sang et du miel;Romance, Drama, War;4.7;34822;2010
La BM du Seigneur;Drama;6.4;162;2010
Midnight's Children;Drama;6.2;3444;2010
Only Lovers Left Alive;Comedy, Romance, Drama, Fantasy;7.2;111846;2010
Buffering;Comedy;4.8;542;2010
Silence d'amour;Comedy;6.8;1974;2010
A E I O U - Alphabet rapide de l'amour;Comedy, Romance, Drama;5.5;482;2020
La vie devant vous;Comedy, Romance;4.6;190;2010
Wallace et Gromit : La palme de la vengeance;Comedy, Adventure, Family, Animation;7.5;35063;2020
Les Boloss - Inbetweeners, le film;Comedy;6.7;88992;2010
Low Cost;Comedy;4.6;968;2010
Mineurs 27;Thriller, Drama, Crime, Mystery;4.9;118;2010
A Night in the Woods;Mystery, Horror;3.6;1046;2010
Amours cannibales;Romance, Thriller, Drama;5.9;3767;2010
Desiree;Thriller, Drama, Crime;4.7;255;2010
Il reste du jambon?;Comedy, Romance;4.6;587;2010
Mon pire cauchemar;Comedy, Romance, Drama;6.0;3252;2010
StreetDance 2;Music, Romance, Drama;5.6;9671;2010
Matriarch;Horror;4.6;3473;2020
Mariage à Mendoza;Comedy, Romance, Drama;6.3;426;2010
Tom Sawyer;Adventure, Family;6.1;992;2010
Black Ocean;Drama;5.4;177;2010
Catholique anonyme;Comedy, Drama;6.2;178;2010
Un requiem pour Mister Child;Thriller;5.1;1464;2010
Le fossé;Drama;7.1;581;2010
Viva Riva!;Thriller, Drama, Crime, Action;6.1;1259;2010
Inbred;Comedy, Horror;5.2;5934;2010
Houba! Le Marsupilami et l'orchidée de Chicxulub;Comedy, Adventure, Family;5.5;4432;2010
Practical Guide to Belgrade with Singing and Crying;Comedy, Romance, Drama;6.3;209;2010
Shame;Drama;7.2;211503;2010
London Town;Music, Drama;6.4;2658;2010
Beyond Skyline;Adventure, ScienceFiction, Action, Horror;5.3;24220;2010
Dead Frequency;Comedy, Romance, Drama;3.5;127;2010
Ethel & Ernest;Drama, War, History, Animation;7.7;4164;2010
Teach me love;Comedy, Romance;5.7;16555;2010
Avant d'aller dormir;Thriller, Drama, Mystery;6.3;86998;2010
La proie;Thriller, Drama, Action, Crime;6.6;6024;2010
On ne choisit pas sa famille;Comedy, Adventure;5.6;1888;2010
Hunky Dory;Comedy, Drama, Music;6.2;1369;2010
Panic Button;Thriller, Horror;5.3;7614;2010
How to Stop Being a Loser;Comedy;4.7;745;2010
Livide;Fantasy, Horror;5.7;8079;2010
Jeanne du Barry;Romance, Drama, History, Biography;6.7;14883;2020
Absolutely Anything;Comedy, ScienceFiction, Sci-Fi;6.0;51526;2010
Bohemian Rhapsody;Music, Drama, History, Biography;7.9;622608;2010
Civil War;ScienceFiction, Thriller, Drama, Action;7.0;239362;2020
Kill Me Please;Comedy, Drama;6.3;1003;2010
Hara-kiri : Mort d'un samouraï;Drama;7.3;9707;2010
Téléphone arabe;Comedy, , Drama;6.7;76;2010
Best Little Whorehouse in Rochdale;Comedy;6.4;26;2010
Mercenaires;Drama, Action;3.4;1242;2010
R.I.F. (Recherches dans l'Intérêt des Familles);Thriller, Crime;6.0;979;2010
10 jours en or;Comedy, Drama;6.0;1062;2010
Des vents contraires;Drama, Mystery;6.4;1619;2010
Hollywoo;Comedy;5.1;2042;2010
La planque;Comedy, Crime;5.1;271;2010
The Mirror Boy;Fantasy, Adventure, Drama;4.8;156;2010
La femme du gardien de zoo;Drama, War, History, Biography;7.0;48293;2010
Coma;Fantasy, Drama, Mystery;6.1;722;2020
La beauté du geste;Drama, Sport;6.9;1376;2020
Lords of Salem;Thriller, Horror;5.2;33443;2010
Looking for Simon;Romance, Drama;5.9;323;2010
La sociedad del semaforo - La communauté du feu rouge;Drama;6.4;273;2010
If the Seed Doesn't Die;Comedy, Drama;6.6;217;2010
Demon;Romance, Horror;6.9;30;2010
Zombie Diaries 2: World of the Dead;Action, Horror, Sci-Fi;3.8;2553;2010
Conspiracy;Thriller, Action;6.3;39897;2010
Lotus Eaters;Drama;5.1;319;2010
Le cochon de Gaza;Comedy;7.0;3604;2010
The Merry Wives of Windsor;Comedy;7.6;53;2010
Victims;Thriller, Horror;6.2;75;2010
Poupoupidou;Comedy, Crime, Mystery;6.6;3025;2010
Toi non plus tu n'as rien vu;Thriller, Drama;5.9;139;2020
Honour;Thriller, Drama;6.0;1124;2010
The Trip;Comedy, Drama;7.0;23776;2010
Un été brûlant;Drama;5.1;2437;2010
House Trap;Thriller, Horror;3.5;338;2010
Le Sentiment de la chair;Romance, Thriller, Drama, Mystery;5.2;432;2010
Aux yeux de tous;Thriller, Drama, Crime, Mystery;6.3;53579;2010
Les Lyonnais;Drama, Action, Crime;6.9;9080;2010
Americano;Drama;5.2;1151;2010
When the Lights Went Out;Thriller, Drama, Horror;5.3;5481;2010
Au cas ou je n'aurais pas la palme d'or;Comedy, Family, Biography;5.9;41;2010
Un jour mon père viendra;Comedy;5.6;440;2010
Blood Ties;Thriller, Drama, Action, Crime;6.5;21695;2010
Propriété interdite;Drama, Horror;4.1;151;2010
Creature;Drama, Horror;6.1;130;2020
Starve Acre;Drama, Horror;5.4;4295;2020
A Greyhound of a Girl;Drama, Family, Animation;6.5;221;2020
The Substance;Drama, Horror, Sci-Fi;7.3;304925;2020
Au bistro du coin;Comedy;3.5;110;2010
Chroniques sexuelles d'une famille d'aujourd'hui;Comedy, Romance, Drama;5.2;5008;2010
De l'huile sur le feu;Comedy;4.2;235;2010
Et soudain tout le monde me manque;Comedy, Drama;6.5;1675;2010
Les adieux à la reine;Romance, Drama, History;6.2;9337;2010
Shame the Devil;Thriller, Mystery, Crime, Horror;3.6;675;2010
Les Misérables in Concert: The 25th Anniversary;Music, Musical, Drama, History;8.8;6653;2010
Je m'appelle Bernadette;Drama, Biography;6.4;269;2010
The Haunted Studio;Comedy, Horror;3.6;191;2020
Le grand tout;ScienceFiction, Adventure, Comedy, Drama, Sci-Fi;7.5;51;2010
Post Tenebras Lux;Drama;6.5;6076;2010
Rendez-vous avec un ange;Drama;5.3;81;2010
L'apprenti Père Noël;Comedy, Family, Animation;6.3;584;2010
Season of the Witch;Thriller, Horror;4.3;229;2000
Les tribulations d'une caissière;Comedy, Romance;5.4;460;2010
Tu seras mon fils;Thriller, Drama;6.9;1207;2010
Un nuage dans un verre d'eau;Fantasy, Thriller;7.8;51;2010
Ni à vendre ni à louer;Comedy;5.7;444;2010
Exorcism;Horror;2.2;210;2010
Le diable dans la peau;Drama;7.1;81;2010
Les géants;Adventure, Drama;6.6;1943;2010
Terry;Drama, Crime;4.6;356;2010
Acide;Fantasy, Drama, Sci-Fi;5.1;2700;2020
Beyond Fury;Action, Crime;5.1;114;2010
Insensibles;Thriller, Mystery, Horror, Fantasy, Drama;6.1;3640;2010
Titeuf, le film;Animation, Romance, Family, Comedy, Drama;5.8;751;2010
Diana;Romance, Drama, Biography;5.6;21238;2010
Life Just Is;, Drama;3.4;190;2010
Stud Life;Romance, Drama;5.0;240;2010
Le Bonhomme de neige;Thriller, Drama, Crime, Horror;5.2;75316;2010
French Touch: Desires;Romance, Drama;5.9;16;2020
Ill Manors;Music, Drama, Crime;7.1;11429;2010
Sur la terre des dinosaures, le film;Comedy, Adventure, Family, Animation;5.2;12190;2010
The Theatre Bizarre;Fantasy, Drama, Crime, Horror;5.2;4570;2010
Les petites victoires;Comedy;6.4;916;2020
Best plans;Thriller, Drama, Action;6.3;1642;2010
8 Minutes Idle;Comedy;5.3;700;2010
Le petit poucet;Fantasy, Drama;6.1;75;2010
Tad l'explorateur: À la recherche de la Cité perdue;Comedy, Adventure, Family, Animation;5.9;9503;2010
In the Dark Half;Drama, Mystery;5.4;599;2010
Adrift in Soho;Drama;5.5;86;2010
Trap for Cinderella;Thriller, Drama, Crime, Mystery;5.6;1755;2010
Silent House;Thriller, Mystery, Horror;5.2;25207;2010
Le bleu du caftan;Romance, Drama;7.5;6361;2020
The Highwayman;Adventure;3.4;1611;2020
How to Become a Criminal Mastermind;Comedy, Crime;8.4;28;2010
Shadow Dancer;Thriller, Drama, Mystery;6.2;13219;2010
Foxfire, confessions d'un gang de filles;Drama, Crime;6.1;2414;2010
Outside Bet;Comedy;4.8;344;2010
Et maintenant on va où?;Comedy, Drama;7.4;13838;2010
L'oeil de l'astronome;Drama, History, Biography;7.1;50;2010
Love Tomorrow;Romance;6.7;82;2010
Mon père est femme de ménage;Comedy, Drama;5.6;341;2010
Mara;Thriller, Mystery, Crime, Horror;5.1;9388;2010
The Haunting of Borley Rectory;Thriller, Horror, War, Fantasy, Drama, History;2.7;635;2010
United;Drama, Sport, History;7.3;13547;2010
Demons Never Die;Thriller, Horror;4.2;1801;2010
Échange d'Identité;Comedy, Adventure, Crime;4.9;877;2010
Pour lui;Drama;7.6;1690;2010
Seberg;Thriller, Drama, Biography;6.0;10871;2010
De force;Thriller, Action, Crime;4.3;264;2010
L'exercice de l'Etat;Drama;6.7;3068;2010
Je suis un no man's land;Comedy;5.2;136;2010
Belleville-Tokyo;Drama;5.4;149;2010
Low Life;Romance, Drama;5.2;123;2010
La parade;Comedy, Drama, History;7.3;13368;2010
Voir la mer;Comedy, Romance, Drama;5.6;645;2010
An Ordinary Man;Thriller, Drama, War, Action;5.7;3635;2010
The Knackery;Horror;4.0;99;2000
The Forgiveness of Blood;Drama;6.8;2083;2010
Last Caress;Horror;4.8;179;2010
Kill List;Thriller, Drama, Crime, Horror;6.4;47608;2010
Goodnight Soldier;Romance, Drama, Comedy;4.7;734;2020
Tue-moi;Drama;5.7;256;2010
Simon Killer;Thriller, Drama, Horror;6.3;5165;2010
Le labyrinthe;Thriller, ScienceFiction, Mystery, Action, Sci-Fi;6.8;535947;2010
Hunters of the Kahri;Fantasy;7.1;22;2000
Treehouse;Thriller, Mystery, Horror;3.8;2641;2010
In Love with Alma Cogan;Comedy, Romance, Drama;6.6;110;2010
L'assaut;Thriller, Drama, Action, History;6.1;4272;2010
La croisière;Comedy;4.2;478;2010
Les Tuche;Comedy;5.5;4281;2010
La vérité si je mens! 3;Comedy;5.3;1966;2010
National Theatre Live: Frankenstein;ScienceFiction, Drama, Horror, Sci-Fi;8.5;4464;2010
National Theatre Live: Hamlet;Drama;7.4;74;2010
National Theatre Live: The Cherry Orchard;Drama;7.7;66;2010
Wild Bill;Comedy, Drama, Crime;7.2;14906;2010
Le roman de ma femme;Drama;5.8;232;2010
7 jours à la Havane;Drama;6.0;4376;2010
La Marginale;Comedy, Drama;5.9;171;2020
38°5 quai des Orfèvres;Comedy, Crime;4.0;264;2020
De toutes mes forces;Drama;6.0;266;2010
Les aventures de Philibert, capitaine puceau;Comedy, Adventure, Romance;5.0;489;2010
Possessions;Thriller, Drama, Crime;6.0;425;2010
Lords of London;Thriller, Crime, Mystery;3.2;888;2010
One Night in Istanbul;Comedy, Sport;5.1;1400;2010
The Hater;Comedy;4.5;347;2020
The Lady;Drama, History, Biography;7.0;11476;2010
Heavy Duty;Thriller;5.5;88;2010
Magpie;Drama;7.2;80;2010
Tropiques;ScienceFiction, Drama, Sci-Fi;5.8;272;2020
Les femmes du 6e étage;Comedy;7.1;10841;2010
Lost Christmas;Drama, Family;7.0;1574;2010
Bade Miyan Chote Miyan;Comedy, Adventure, Action, Sci-Fi;3.7;39002;2020
Zone(s) de turbulence;Comedy;5.4;2030;2020
Snake Hotel;Horror, Sci-Fi;2.5;284;2020
Toothfairy 5;Horror;2.9;232;2020
Un jour de chance;Comedy, Drama;6.1;2935;2010
Firenado;Action, Crime;2.6;650;2020
We Love Happy Endings!;Comedy, Romance, Drama;6.1;5269;2010
Quand je serai petit;Drama;6.1;349;2010
Ecstasy;Romance, Drama, Comedy, Crime;5.0;1942;2010
À pas de loup;Family;6.4;141;2010
L'hiver dernier;Thriller, Drama;5.6;195;2010
L'Élève Ducobu;Comedy, Family;4.7;1178;2010
Chien & chat;Comedy, Adventure, Animation;5.2;1101;2020
Dans la tourmente;Thriller, Drama;4.8;195;2010
Amnistie;Drama;6.2;234;2010
Dubaï Flamingo;Comedy, Drama;5.0;92;2010
Gerontophilia;Comedy, Romance;6.3;2834;2010
Les bien-aimés;Music, Musical, Romance, Comedy, Drama;6.1;2623;2010
Seule: Les dossiers Silvercloud;Thriller, Mystery;3.3;333;2020
Sparta;Drama;6.8;989;2020
Ernest et Célestine;Animation, Adventure, Family, Comedy, Drama;7.8;23295;2010
Another Me;Thriller, Horror, Drama, Mystery;4.6;6149;2010
La vie d'une autre;Comedy, Romance, Drama, Mystery;6.3;2537;2010
38 Témoins;Drama;6.2;1455;2010
Calibre 9;Thriller, Drama, Action, Crime;4.2;198;2010
Case départ;Comedy;5.9;3478;2010
Offender;Thriller, Drama, Crime;6.0;5067;2010
Itinéraire bis;Comedy, Romance;5.0;389;2010
L'art de séduire;Comedy, Romance;5.8;175;2010
La brindille;Drama;5.8;135;2010
Le congrès;ScienceFiction, Drama, Sci-Fi, Animation;6.4;20345;2010
Top Cat, le film;Comedy, Action, Animation;4.7;2000;2010
RED 2;Comedy, Thriller, Action, Crime;6.6;185215;2010
After Death;Comedy, ScienceFiction, Drama, Mystery;3.8;291;2010
La maladie du sommeil;Drama;6.2;722;2010
Complètement cramé!;Comedy, Romance, Drama;6.3;1693;2020
Flying Blind;Drama;5.6;701;2010
Léa;Drama;4.8;463;2010
Club Zero;Comedy, Thriller, Drama;5.8;3240;2020
Love Life;Drama;6.9;1908;2020
Léo et moi;Comedy, Romance, Drama;5.6;194;2020
The Double;Comedy, Thriller, Drama, Mystery;6.4;54300;2010
Beau rivage;Drama;5.5;39;2010
Polite Society;Comedy, Adventure, Action;6.6;12021;2020
Moi, Michel G., milliardaire, maître du monde;Comedy;5.7;335;2010
Sebastians Verden;Drama, Action;3.6;115;2010
Pharaon, le sauvage et la maîtresse des roses;Family, Animation;6.6;268;2020
Low;Thriller, Drama, Horror;5.5;31;2010
Tasting Menu;Comedy;5.6;556;2010
2022 Oscar Nominated Short Films: Animation;, Animation;6.1;70;2020
Padre Pio;Drama, Biography;4.5;1638;2020
Airborne;Comedy, Thriller, Crime, Horror;3.8;2624;2010
Le Gamin au vélo;Drama;7.4;29075;2010
Spike Island;Comedy, Drama, Music;6.3;4439;2010
Un sort pour éloigner les ténèbres;Music, Documentary;6.2;620;2010
Les contes de la nuit;Fantasy, Family, Animation;6.9;1741;2010
On the Ropes;Comedy, ;7.4;58;2010
Marcel!;Drama;4.9;185;2020
La délicatesse;Comedy, Romance, Drama;6.6;14165;2010
Pas... de quartier;Music, Drama;5.9;16;2020
Primadonna;Drama;7.0;507;2020
Les Complices;Comedy, Crime;5.7;720;2020
Duchess;Action, Crime;4.6;1471;2020
Vampires: Brighter in Darkness;Romance, Horror;4.4;264;2010
Beur sur la ville;Comedy, Crime;4.4;700;2010
Tori et Lokita;Drama;7.1;3384;2020
The Thompsons;Thriller, Drama, Horror;4.7;2493;2010
Une séparation;Drama;8.3;269246;2010
Berberian Sound Studio;Thriller, Drama, Horror;6.2;18067;2010
Twenty8k;Thriller, Action, Crime;4.8;660;2010
Le Roi de Vendée;Biography, Action, War, Drama, History;5.4;946;2020
I Love Greece;Comedy, Romance;4.9;196;2020
Le Monde d'hier;Drama;5.3;394;2020
The Royal Hotel;Thriller, Drama;5.8;14109;2020
Trishna;Drama;6.0;3378;2010
National Theatre Live: The Book of Dust - La Belle Sauvage;Fantasy, Unknown, Drama;8.4;69;2020
Violences;Drama;5.3;352;2010
A Royal Night Out;Comedy, Romance, Drama;6.5;11377;2010
Hyena;Thriller, Drama, Crime;6.2;3529;2010
Northern Soul;Music, Drama;6.4;4400;2010
Earth Mama;Drama;6.6;1206;2020
The Good Criminal;Thriller, Drama, Action, Crime;6.0;60623;2020
Mr. Morgan's Last Love;Comedy, Romance, Drama;6.7;13740;2010
Pourquoi tu pleures?;Comedy, Romance;5.3;239;2010
Action ou Vérité;Thriller, Mystery, Horror;5.6;10838;2010
Le dirigeant;Comedy;6.7;1035;2020
Circles;Drama, War;7.7;5287;2010
Le barrage;Drama, Mystery;5.8;163;2020
Alien: Romulus;Thriller, ScienceFiction, Horror, Sci-Fi;7.1;247763;2020
Demonic;Thriller, Mystery, Horror;5.3;17153;2010
Let My People Go!;Comedy, Romance;5.9;724;2010
Entity;Thriller, Horror;4.5;2457;2010
Like Someone in Love;Drama;7.0;13472;2010
Young Europe;Drama;6.1;155;2010
La dernière fois que j'ai vu Macao;Thriller, Documentary, Crime, Musical, Drama;6.2;590;2010
Mekong Hotel;Music, Drama;6.1;1095;2010
Blooded;Thriller, Horror;3.9;629;2010
Metro Manila;Thriller, Drama, Crime, Action;7.6;9409;2010
Operación E;Thriller, Drama;6.4;640;2010
Après mai;Romance, Drama;6.4;4803;2010
Reality;Comedy, Drama;6.8;5922;2010
Imagine;Drama;7.3;2846;2010
Hunter Killer;Thriller, Action;6.6;77760;2010
La cerise sur le gâteau;Comedy, Romance, Drama;5.6;408;2010
Ladygrey;Drama;5.0;277;2010
Dharma Guns (La succession Starkov);Thriller, Drama, Mystery, Sci-Fi;5.4;187;2010
J'enrage de son absence;Drama;6.2;286;2010
L'homme qui voulait se souvenir;Drama, Mystery;5.6;1188;2010
Tomboy;Drama;7.4;22861;2010
Superstar;Comedy, Drama;5.3;1077;2010
Les seigneurs;Comedy, Romance, Drama, Sport;5.4;4037;2010
Goltzius et la Compagnie du Pélican;Comedy, History, Biography;6.5;1440;2010
Le bonheur d'Elza;Drama;6.7;64;2010
Les neiges du Kilimandjaro;Comedy, Romance, Drama;7.2;4246;2010
The Paranormal Diaries: Clophill;Horror;3.5;694;2010
Dracula;Romance, Drama, Horror;3.6;5572;2010
Love Is All You Need;Comedy, Romance, Drama;6.5;15209;2010
Blancanieves;Fantasy, Drama;7.5;11922;2010
Keep Smiling;Comedy, Drama;7.1;627;2010
Notre paradis;Romance, Drama, Crime;6.1;1564;2010
Les nuits de Mashhad;Thriller, Drama, Crime, Horror;7.3;29671;2020
R.M.N;Drama;7.2;6117;2020
Chien de la casse;Comedy, Drama;7.0;3076;2020
C'est mon homme;Romance, Drama, History;5.6;311;2020
Le jeune Imam;Drama;5.9;108;2020
Du crépitement sous les néons;Thriller, Drama, Crime;6.1;110;2020
Phantom Boy;Mystery, Animation, Adventure, Action, Fantasy;6.6;1766;2010
Ils étaient un seul homme;History, Drama, Sport, Biography;7.0;27827;2020
Blade Runner 2049;ScienceFiction, Drama, Action, Mystery;8.0;713473;2010
Demain?;Drama;5.4;64;2010
Les jeux des nuages et de la pluie;Comedy, Romance, Drama;7.2;1185;2010
Alps;Drama;6.3;14945;2010
17 filles;Drama;6.0;3431;2010
La mer à boire;Drama;5.9;266;2010
Arrête avec tes mensonges;Romance, Drama;7.5;3018;2020
La terre ephémère;Drama, War;7.4;4779;2010
Four Hours;, Drama;7.4;25;2010
Khibula;Drama, Biography;5.5;213;2010
Paradis perdu;Drama;5.6;257;2010
Stormhouse;Thriller, Action, Mystery, Horror;3.9;1291;2010
Piège de guerre;Drama, War;5.9;377;2020
Confession d'un enfant du siècle;Romance, Drama;4.3;689;2010
Le chant de la mer;Animation, Adventure, Family, Fantasy, Drama;8.0;65777;2010
Memento mori;Drama;5.3;10;2020
Les Cyclades;Comedy;6.1;1322;2020
Black Pond;Comedy, Thriller, Drama;5.8;985;2010
La Maison biscornue;Thriller, Drama, Crime, Mystery;6.3;28985;2010
The East;Thriller, Adventure, Drama, Crime;6.8;53286;2010
Un bonheur n'arrive jamais seul;Comedy, Romance;6.5;5696;2010
Nino (Une adolescence imaginaire de Nino Ferrer);Romance;6.5;21;2010
Babylonia en Guagua;Music;8.4;23;2000
La nuit d'en face;Comedy, Drama, Fantasy;6.1;535;2010
De bon matin;Drama;6.6;597;2010
Psychopaths;Thriller, Horror;5.3;84;2010
The Knot;Comedy, Romance;4.4;989;2010
La ruse;Drama, War, History;6.6;40665;2020
The Unlikely Girl;Music, Thriller, Mystery, Romance, Comedy, Drama;5.4;236;2010
Maggie;Drama, Mystery, Horror, Sci-Fi;5.6;47867;2010
Le monde d'après;Comedy;6.8;20;2020
Un pigeon perché sur une branche philosophait sur l'existence;Comedy, Drama, Fantasy;6.9;20102;2010
Paris-Manhattan;Comedy, Romance;6.1;4064;2010
Corpo celeste;Drama;6.8;2288;2010
Raspoutine;TVMovie, Drama, History, Biography;5.0;992;2010
Lord of Darkness;Thriller, Crime, Horror;4.6;1422;2010
Bienvenue à bord;Comedy;5.5;1997;2010
The Dead Man and Being Happy;Comedy, Thriller, Drama, Mystery;5.4;601;2010
Grey Matter;Drama;6.2;55;2010
The Callback Queen;Comedy, Romance;4.2;292;2010
Le tableau;Fantasy, Adventure, Drama, Animation;7.3;4662;2010
Le jour des corneilles;Fantasy, Drama, Animation;7.2;1407;2010
The Hoarder;Thriller, Crime, Horror;4.6;3103;2010
Un été grec;Comedy, Drama;6.9;1784;2010
Torpédo;Comedy;6.3;245;2010
When Are You Moving Out?;Comedy;6.8;53;2020
A.C.A.B. - All Cops Are Bastards;Drama, Action, Crime;6.6;8495;2010
Crazy Joe;Thriller, Drama, Action, Crime;6.2;79903;2010
La Dernière Lettre de son amant;Romance, Drama;6.7;24104;2020
Les derniers hommes;Drama, War, History;6.3;259;2020
Seize Them!;Comedy, History;5.1;1197;2020
Wolf Manor;Comedy, Horror;4.2;436;2020
How I Live Now - Maintenant c'est ma vie;Thriller, Adventure, Action, War, Drama;6.4;32744;2010
Brimstone;Western, Thriller, Drama, Mystery;7.0;47071;2010
Monk3ys;Thriller;5.0;177;2010
Venus in Eros;Fantasy, Drama, Music;5.6;63;2010
I'm Not a Fucking Princess;Drama;6.3;1976;2010
La gravité;Thriller, ScienceFiction, Action, Drama, Sci-Fi;5.6;282;2020
Quelques heures de printemps;Comedy, Drama;6.9;953;2010
The Raid;Thriller, Action, Crime;7.6;224329;2010
Comes a Bright Day;Romance, Thriller, Drama;6.0;1803;2010
Coup d'éclat;Thriller, Drama, Crime;5.3;187;2010
Dark Murders;Thriller, Drama, Crime, Mystery;4.6;20962;2010
Lurking;Mystery, Horror;5.4;86;2020
Quiet People, un jour à Zagreb;Drama;6.5;657;2010
Devil's Pass;Thriller, Mystery, Horror;5.7;29201;2010
Fast & Furious 6;Thriller, Action, Crime;7.0;428741;2010
Cherchez Hortense;Comedy, Drama;6.1;983;2010
Marussia;Drama, Family;7.0;99;2010
Michael;Thriller, Drama;6.9;5301;2010
Pater;Comedy, Drama;6.0;530;2010
The Dinosaur Project;Adventure, Drama, Action, Horror;4.5;6022;2010
Behold the Lamb;Comedy, Drama;6.2;80;2010
Alien Armageddon;ScienceFiction, Sci-Fi;2.1;1307;2010
Comme un chef;Comedy, Drama;6.6;18569;2010
Mega Lightning;ScienceFiction, Action, Horror, Sci-Fi;2.2;318;2020
Libre Garance!;Drama;5.8;73;2020
Soleil trompeur 3: La Citadelle;Drama, War, History;4.1;2229;2010
Bonsái;Drama;6.2;896;2010
The Somnambulists;Drama, War;5.0;48;2010
Un + Une;Comedy, Romance, Drama;6.2;2538;2010
Good Vibrations;Music, Drama, Biography;7.2;5740;2010
La désintégration;Drama;6.2;320;2010
Ombline;Drama;6.7;312;2010
Pompéi;Adventure, Action, Romance, Drama, History;5.5;120025;2010
David et Madame Hansen;Comedy, Drama;6.0;551;2010
Favelas;Thriller, Adventure, Drama, Crime;7.1;23317;2010
Blue Bird;Drama;5.9;172;2010
Chatrak;, Drama;3.9;292;2010
En ville;Drama;5.8;121;2010
La fée;Comedy, Drama;6.2;2598;2010
Beauty;Thriller, Drama;6.3;2054;2010
The Hour of Living;Drama;5.7;126;2010
Sinister;Thriller, Mystery, Horror;6.8;299346;2010
La part des anges;Comedy, Drama, Crime;7.0;27671;2010
Dead Shadows;Thriller, ScienceFiction, Horror, Sci-Fi;3.8;1272;2010
Jump;Drama;6.2;428;2010
Before Dawn;Horror;4.8;874;2010
Débâcle;Drama, War, History;6.0;1656;2010
Estranged;Thriller, Mystery, Horror;5.4;2882;2010
Noces éphémères;Drama;6.6;34;2010
La guerre est déclarée;Drama;7.0;5401;2010
7 Psychopathes;Comedy, Crime;7.1;281364;2010
Sport de filles;Drama, Sport;5.5;277;2010
Farang;Thriller, Action;6.3;3057;2020
Mother's Milk;Drama;6.4;44;2010
Ce que le jour doit à la nuit;Romance, Drama;7.8;4286;2010
Diaz: Un crime d'état;Drama, History;7.3;4140;2010
Overdrive;Thriller, Mystery, Adventure, Crime, Action;5.4;17294;2010
Monsters : Dark Continent;Thriller, ScienceFiction, Action, Drama, Sci-Fi;4.3;11484;2010
Drive-Away Dolls;Comedy, Thriller, Action, Crime;5.4;23656;2020
Cupcakes;Comedy, Music;6.0;675;2010
Miss Peregrine et les Enfants particuliers;Fantasy, Adventure, Drama, Family;6.7;201147;2010
Noël en cavale;Comedy, Family, Fantasy;6.3;5044;2010
Black Mail;Thriller;5.8;38;2020
Casse-tête chinois;Comedy, Romance, Drama;6.9;15567;2010
De l'autre côté du périph;Comedy, Action, Crime;5.8;6221;2010
Now Is Good;Romance, Drama;7.0;35378;2010
Nymphomaniac : Volume 1;Drama;6.9;135271;2010
Cocorico;Comedy;5.8;3278;2020
Les Mythos;Comedy;5.7;563;2010
Toutes nos envies;Drama;6.8;956;2010
Koan de Printemps;Drama, History;7.6;26;2010
Miss in Her Teens;Comedy;5.2;481;2010
Over the Edge;Thriller, Crime, Horror, Romance, Comedy, Drama;4.0;112;2010
Villa Captive;Thriller, Drama, Crime;3.8;357;2010
Des morceaux de moi;Comedy, Drama;6.2;614;2010
J'aime regarder les filles;Comedy, Romance, Drama;6.1;682;2010
L'homme qui rit;Drama;6.0;1484;2010
Le Guetteur;Thriller, Action, Crime, Mystery;5.7;2996;2010
Zépon;Comedy, Drama;5.6;7;2020
Le Capital;Drama;6.5;5726;2010
A very Englishman;Comedy, Drama, Biography;6.0;7463;2010
L'histoire de Karine;Comedy, Drama;5.4;107;2020
Three's a Shroud;ScienceFiction, Horror;3.7;54;2010
Classico;Comedy;4.5;381;2020
Des jeunes gens modernes;Fantasy, Musical, Drama, Documentary;5.3;44;2010
Jail Caesar;Drama, History;7.8;80;2010
Narcopolis;Thriller, ScienceFiction, Mystery, Sci-Fi;4.4;1927;2010
À l'aveugle;Thriller, Action, Mystery;5.7;1344;2010
Hitman & Bodyguard;Comedy, Action, Crime;6.9;255690;2010
Rives;Drama;5.9;60;2010
Young, High and Dead;Thriller, Horror;3.0;157;2010
Godland;Drama;7.1;8670;2020
Winnie l'ourson : Du Sang et du miel;Thriller, Horror;2.9;34032;2020
Love Lies Bleeding;Thriller, Adventure, Crime, Action, Romance, Drama;6.6;57535;2020
The Lost Language of Cranes;Romance, Drama;7.3;660;1990
Dans la maison;Comedy, Thriller, Drama, Mystery;7.3;35221;2010
L'oiseau;Drama;6.0;105;2010
Late September;, Drama;5.7;51;2010
City of Tiny Lights;Thriller, Drama, Crime, Mystery;5.6;2531;2010
La Clinique de l'amour;Comedy, Romance, Family;5.4;457;2010
Palerme;Comedy, Drama;6.5;682;2010
Un mâle;Drama;5.7;340;2020
Yuku et la fleur de l'Himalaya;Adventure, Family, Animation;6.8;150;2020
Les chants de Mandrin;Adventure;6.2;156;2010
Salvo;Romance, Thriller, Drama, Crime;6.1;1413;2010
Darker Shades of Summer;Romance, Thriller;2.6;549;2020
Retour à Séoul;Drama;6.9;9827;2020
Les pires;Comedy, Drama;6.7;1378;2020
Plan 75;ScienceFiction, Drama, Sci-Fi;6.6;2655;2020
Rodeo;Drama, Crime;6.1;973;2020
Ducobu Président!;Comedy, Family;3.8;229;2020
Un homme très recherché;Thriller, Drama, Crime;6.7;82634;2010
Nos frangins;Drama, History;6.2;222;2020
Les Segpa;Comedy;4.0;288;2020
JC comme Jesus Christ;Comedy;4.2;194;2010
The Neon Demon;Thriller, Horror;6.1;107716;2010
Dead of the Nite;Horror;2.9;567;2010
Two Faces of January;Romance, Thriller, Crime, Mystery;6.2;34584;2010
La passion de Dodin Bouffant;Romance, Drama, History;7.4;17981;2020
Docteur Frankenstein;Thriller, ScienceFiction, Horror, Drama, Sci-Fi;6.0;62077;2010
Dalva;Drama;7.3;2145;2020
L'Eden;Thriller, Drama;6.5;402;2020
Aftersun;Drama;7.6;114424;2020
Arthur, malédiction;Fantasy, Thriller, Horror;3.3;1171;2020
U Are the Universe;Comedy, Adventure, Drama, Sci-Fi;7.6;336;2020
Ashkal, l'enquête de Tunis;Thriller, Drama, Crime;6.0;508;2020
Fièvre méditerranéenne;Comedy, Drama;6.7;593;2020
Les Harkis;Drama, War, History;6.1;151;2020
Autobiographie d'un menteur;Comedy, Animation;5.9;1872;2010
Rush;Action, Drama, Sport, Biography;8.1;534466;2010
National Theatre Live: Henry V;Drama;7.5;138;2020
All in Good Time;Comedy, Romance;5.7;478;2010
L'extravagant voyage du jeune et prodigieux T.S. Spivet;Comedy, Adventure, Drama, Family;7.0;20777;2010
El corazón de Europa;Fantasy, Drama, Mystery;4.4;19;2020
Nuit noire en Anatolie;Thriller, Drama, Crime;6.9;1909;2020
À la belle étoile;Comedy, Drama, History, Biography;6.5;969;2020
Jour de gloire;Comedy, Drama;7.0;30;2020
Off White Lies;Comedy, Drama;6.6;214;2010
Le quartier;Drama;7.6;11;2020
Slaughter Is the Best Medicine;Thriller, Drama, Action, Mystery;3.3;116;2010
Jacky Caillou;Fantasy, Thriller, Drama;5.8;163;2020
Magdala;Drama;5.1;50;2020
Coup de foudre à Austenland;Comedy, Romance;6.3;24631;2010
Little Bone Lodge;Thriller, Mystery, Crime, Horror;6.0;12963;2020
Les Vieux Fourneaux 2: Bons pour l'asile;Comedy;5.0;186;2020
Bernadette;Comedy, Drama, Biography;6.4;1323;2020
I Against I;Thriller, Crime;4.3;601;2010
After Fall, Winter;Romance, Drama;6.4;1008;2010
La bête dans la jungle;Music, Drama;5.4;535;2020
Cavewoman;Drama, History;7.1;46;2020
A Clever Woman;Drama;8.3;9;2020
Un plan parfait;Comedy, Adventure, Romance;6.3;10186;2010
Storage 24;ScienceFiction, Horror, Sci-Fi;4.5;7594;2010
Un heureux événement;Comedy, Drama;6.5;4748;2010
Eating Miss Campbell;Comedy, Horror;4.5;578;2020
La lapidation de Saint Étienne;Drama;7.1;57;2010
The Old Oak;Drama;7.1;12803;2020
Visions of Filth;Horror;2.9;69;2020
Le secret de l'enfant-fourmi;Adventure, Drama;6.2;107;2010
Pour la France;Drama;6.2;440;2020
La tresse;Comedy, Drama;7.2;1892;2020
Les Versants;Thriller, Drama, Action;5.8;669;2020
Marvin's Song;, Drama;7.0;28;2010
Tower Block;Thriller, Action;5.9;5875;2010
La dette;Thriller, Drama, Mystery;6.3;801;2010
Un traître idéal;Thriller, Drama, Action, Crime;6.3;24853;2010
Piercing Brightness;ScienceFiction, Drama, Sci-Fi;3.6;154;2010
Untitled;Comedy, Drama, Horror;4.4;157;2010
Brash Young Turks;Drama, Crime;5.9;61;2010
Lore;Romance, Thriller, Drama, War;7.1;16266;2010
Heimat: Chronique d'un rêve;Drama, History;7.9;1587;2010
Il était une fois, une fois;Comedy;5.2;542;2010
Fossil;Thriller, Drama;4.8;178;2010
Glamour Dolls;Comedy, Drama;5.6;65;2010
The Adored;Thriller, Mystery, Horror, Romance, Drama;3.8;222;2010
The Invisible Life;Drama;5.2;162;2010
Dear Enemy;Comedy, Romance, Drama;4.5;177;2010
Les adoptés;Drama;6.7;1683;2010
Rising Tide;Thriller, Drama;5.8;49;2010
Cassos;Comedy;5.6;90;2010
Darkwood Manor;Comedy, Horror;5.7;81;2010
A Fantastic Fear of Everything;Comedy, Thriller, Horror;5.8;15548;2010
One O One;Drama;6.1;19;2010
Gébo et l'ombre;Drama;6.4;729;2010
Papadopoulos & Sons;Comedy, Drama;5.9;4237;2010
Le Grand Soir;Comedy;5.9;2144;2010
Un champion en or;Drama, Sport;5.8;1112;2010
LaRoy;Comedy, Thriller, Crime, ;6.5;6834;2020
Four Quartets;Drama;6.8;88;2020
Race for Glory: Audi vs. Lancia;Thriller, Drama, Sport, Biography;5.8;4846;2020
The Power;Drama, Crime, Horror;6.2;587;2010
The Convert;Drama, Action, History;6.4;5454;2020
Femme;Thriller, Drama;7.3;7302;2020
Les vacances de Ducobu;Comedy, Family;4.3;618;2010
Pauvre Richard;Comedy;3.7;81;2010
The Mummy: Resurrection;Horror;3.5;270;2020
La rizière;, Drama;7.8;28;2010
A Landscape of Lies - Directors Cut;Thriller, Drama, Crime;5.6;61;2010
Payback Season;Thriller, Drama, Action;3.7;664;2010
Lovemakers;Comedy, Romance;2.2;1038;2010
Jappeloup;Drama, Sport, Biography;6.6;1921;2010
La Créatrice;Drama, Biography;6.5;4037;2010
Zodi et Téhu, frères du désert;Comedy, Adventure, Family;6.1;283;2020
Les linceuls;Thriller, Drama, Horror, Sci-Fi;6.0;2286;2020
Fatum;Thriller, Adventure, Action, Crime;5.9;1620;2020
Emilia Pérez;Comedy, Musical, Drama, Crime;5.4;89053;2020
Les inséparables;Comedy, Adventure, Family, Animation;5.8;691;2020
Vesper Chronicles;Adventure, ScienceFiction, Drama, Sci-Fi;6.0;25529;2020
Grand Paris;Comedy, Adventure, ScienceFiction;5.9;176;2020
Scandaleusement vôtre;Comedy, Drama, Crime;7.0;38068;2020
Touristes;Comedy, Adventure, Romance, Crime;6.5;30981;2010
Little Mix: The Last Show (For Now...);Music;8.1;115;2020
Frankenstein: Legacy;, Thriller, Drama;3.6;206;2020
Non-Stop;Thriller, Action, Mystery;6.9;282240;2010
My Name Is Lenny;Drama, Sport, Biography;6.0;3624;2010
12 Years a Slave;Drama, History, Biography;8.1;764652;2010
La cour des miracles;Comedy;5.9;168;2020
Marinette;History, Drama, Sport, Biography;6.3;597;2020
Calling Nurse Meow;Comedy, Horror;4.4;32;2020
L'Écume des jours;Comedy, Drama, Fantasy;6.5;17051;2010
Love Bite;Comedy, Romance, Horror;4.6;1687;2010
Une vie meilleure;Drama;6.6;1836;2010
Mon crime;Mystery, Crime, Comedy, Drama, History;6.5;6342;2020
Dirtymoney;Thriller, Drama;5.2;68;2010
Extase;Drama;5.6;91;2000
Ne nous soumets pas à la tentation;Drama;6.1;299;2010
Le temps dure longtemps;Drama;6.6;1507;2010
Redcon-1;Thriller, ScienceFiction, Action, Horror;3.8;3793;2010
Émilie jolie;Family, Animation;5.7;80;2010
Starlet;Drama;7.0;10108;2010
Un mariage inoubliable;Comedy;5.4;2530;2010
The Lesson;Thriller;6.1;3550;2020
Les mouvements du bassin;Drama;4.5;102;2010
Fratè;Comedy;3.9;121;2020
Hier;Drama;5.0;231;2010
U.F.O.;ScienceFiction, Horror, Action, Comedy, Sci-Fi;3.0;3815;2010
Geezas;Comedy;5.0;53;2010
Tout fout le camp;Comedy;5.5;97;2020
L'échappée;Romance, Drama;6.3;761;2020
Freud's Last Session;Drama;6.1;6653;2020
Alibi.com 2;Comedy;6.5;3541;2020
Onze fleurs;Drama, Crime, History;7.0;787;2010
Inside Llewyn Davis;Music, Drama;7.4;167942;2010
À bas bruit;Drama;7.4;10;2010
Mort à vendre;Drama, Crime;6.6;411;2010
Derniers jours à Jérusalem;Drama;4.2;32;2010
Gueules noires;Adventure, Drama, Horror;5.6;2640;2020
The Happy Lands;Drama, History;7.3;79;2010
Monkey Sandwich;Drama;6.5;28;2010
La Reine Morte;Drama;6.1;556;2010
Dernière séance;Thriller, Drama, Horror;5.7;370;2010
Orage;Drama;4.7;128;2010
Louise Wimmer;Drama;6.5;429;2010
Plancha;Comedy;5.4;707;2020
Graba;Drama;6.0;33;2010
Le jardinier qui voulait être roi;Comedy, Family, Animation;6.7;124;2010
De rouille et d'os;Romance, Drama;7.4;71884;2010
Michael Kohlhaas;Drama, History;6.1;9526;2010
Turf;Comedy;4.2;539;2010
Notre Noël à la ferme;Comedy, Family;4.5;2098;2020
A Bigger Splash;Music, Thriller, Romance, Drama;6.4;34988;2010
Opération Eye in the Sky;Thriller, Drama, Action, War;7.3;94097;2010
Les Voies du destin;Romance, Drama, History, Biography;7.1;43673;2010
No;Drama, History;7.4;26722;2010
Third Contact;Thriller, Mystery, Fantasy, Drama, Sci-Fi;5.6;279;2010
Dinosaur Prison;Thriller, ScienceFiction, Horror, Action, Drama;2.8;222;2020
Alien Invasion;ScienceFiction, Horror, Sci-Fi;1.9;594;2020
BDE;Comedy;3.8;592;2020
La mémoire dans la chair;Drama;5.1;36;2010
Interview with a Hitman;Thriller, Drama, Action, Crime;5.8;10940;2010
Cornouaille;Drama;4.9;360;2010
Invasion;Thriller, Adventure, Drama, Action;5.6;978;2010
Postman Pat: The Movie;Comedy, Family, Animation;4.7;2036;2010
L'Enfant d'en haut;Drama, Crime;7.0;7440;2010
Plan de table;Comedy, Romance;5.6;866;2010
A.L.F.;Drama;6.7;138;2010
Cookie;Comedy, Drama;5.9;343;2010
Rocketman;Music, Drama, History, Biography;7.3;203604;2010
Stag Hunt;Comedy, Adventure, Drama, Horror;3.7;303;2010
La traversée;Comedy;5.9;425;2020
Shadows of a Stranger;Thriller, Crime, Mystery;5.4;35;2010
The Teller and the Truth;Romance, Crime, Mystery;6.1;48;2010
Populaire;Comedy, Romance, Sport;6.8;12992;2010
Deranged;Horror;3.0;422;2010
Les interdits;Adventure, Drama, History;6.0;159;2010
Survivre à Guantanamo;Drama;6.7;729;2010
Black Smoke Rising;Drama;7.3;110;2010
Le fils de l'autre;Drama;7.3;3847;2010
Lad: A Yorkshire Story;Drama;7.4;2537;2010
Bert & Dickie;TVMovie, Drama, History, Biography;6.5;393;2010
Gibier d'élevage;Drama, War, History;7.0;48;2010
J.A.C.E.;Drama;6.6;456;2010
L'été de Giacomo;Comedy, Drama;6.2;264;2010
Temps Mort;Drama;6.0;110;2020
Talking to Ghosts;Thriller, Drama, Crime;4.0;201;2020
Cloclo;Music, Drama, Biography;6.9;3297;2010
Happy Christmas;, Drama;5.3;9;2010
Holy Motors;Fantasy, Drama;7.0;50202;2010
Voie rapide;Drama;6.0;69;2010
Quand tu seras grand;Comedy, Drama;6.1;340;2020
Kelly + Victor;Romance, Drama;5.6;1109;2010
My Brother the Devil;Romance, Drama, Crime;6.5;3418;2010
Aya de Yopougon;Comedy, Romance, Animation;6.7;412;2010
The Phantom of the Opera at the Royal Albert Hall;Romance, Musical, Drama, Music;8.8;10415;2010
Zarafa;Adventure, Family, Animation;6.9;1957;2010
Des Escargots et des Hommes;Comedy;7.2;2510;2010
Steve Jobs;Drama, History, Biography;7.2;183354;2010
City of Dreamers;Drama;6.5;131;2010
May I Kill U?;Comedy, , Crime, Horror;5.5;503;2010
Amitiés sincères;Comedy, Romance, Drama;6.0;445;2010
Last Hitman, 24 heures en enfer;Comedy, Thriller, Crime;5.9;9539;2010
National Theatre Live: The Comedy of Errors;Comedy;7.2;44;2010
National Theatre Live: The Kitchen;, Drama;7.5;15;2010
Une bouteille à la mer;Drama;7.2;1155;2010
Operation Libertad;Drama;6.7;85;2010
In Camera;, Drama;5.7;282;2020
The Antwerp Dolls;Thriller, Action, Crime;3.9;436;2010
Imitation Game;Thriller, Biography, War, Drama, History;8.0;853142;2010
Community;Horror;4.2;636;2010
Les infidèles;Comedy, Drama;5.3;8933;2010
The Knife That Killed Me;Drama;6.9;91;2010
Big Game;Comedy, Adventure, Action, Thriller;5.4;36478;2010
Amy Goes to College;Thriller, Drama, Horror;6.6;10;2010
Shell;Drama;6.4;1820;2010
Un singe sur l'épaule;Drama;5.4;768;2010
Sacré Noël : Drôle de chorale;Comedy, Family;5.4;4700;2010
Everyone's Going to Die;Drama;6.7;336;2010
The Zombie King;Comedy, Horror;3.0;859;2010
Scrooge: Un (mé)chant de Noël;Animation, Adventure, Family, Comedy, Fantasy;6.2;8529;2020
Dead Europe;Drama;5.3;769;2010
Clair Obscur;Drama;5.5;177;2010
La partition inachevée;Drama;6.9;903;2010
El Niño;Thriller, Adventure, Action, Crime;6.4;6700;2010
Assassin's Creed;Adventure, ScienceFiction, Action, Sci-Fi;5.6;214496;2010
L'art de la fugue;Comedy, Drama;5.4;338;2010
Les saveurs du Palais;Comedy, Drama, Biography;6.4;7071;2010
Nous York;Comedy, Adventure, Drama;4.4;895;2010
Deadly Game;Thriller, Drama, Action, Crime;4.4;1751;2010
Grace de Monaco;Romance, Drama, Biography;5.7;21765;2010
L'oncle Charles;Comedy;4.3;287;2010
Scar Tissue;Thriller;4.4;206;2010
Augustine;Drama, History, Biography;6.1;1698;2010
The Paddy Lincoln Gang;Drama;7.9;85;2010
Seamonsters;Drama;6.6;363;2010
Spring Breakers;Thriller, Drama, Crime;5.3;152032;2010
The Patrol;Drama, Action, War;4.3;1119;2010
Out of Control;Thriller, Action, Crime;5.7;13475;2010
Les Papas du dimanche;Comedy, Drama;5.6;149;2010
Le sixième enfant;Comedy, Romance, Drama;6.7;479;2020
Perfect Mothers;Romance, Drama;6.2;37811;2010
Mes héros;Comedy, Drama;5.7;423;2010
Radiostars;Comedy, Drama;6.0;1531;2010
Stella est amoureuse;Comedy, Drama, Music;5.6;283;2020
The Stagg Do;Comedy;7.8;40;2010
Aux yeux de tous;Thriller, Drama;6.0;724;2010
Iron Claw;Drama, Sport, Biography;7.6;104861;2020
La Chasse;Drama;8.3;388046;2010
Möbius;Thriller, Drama;6.1;5932;2010
Ouf;Comedy, Romance, Drama;4.9;90;2010
The Warning;Horror;2.9;458;2010
Des mains en or;Comedy;5.6;189;2020
Je t'aime à l'italienne;Comedy, Musical, Romance, Drama;5.4;6612;2010
National Theatre Live: Travelling Light;, Drama, Biography;7.6;24;2010
National Theatre Live: Prima Facie;Drama, Crime;9.1;3022;2020
Absolutely Fabulous: Le Film;Comedy, Crime;5.4;13561;2010
Comme des frères;Comedy;6.4;1068;2010
Mobile Home;Comedy, Drama;6.4;440;2010
Armistice;Thriller, Horror;4.3;1178;2010
Julien & Claire;Music, Romance, Drama;7.4;90;2010
30° couleur;Comedy, Drama;4.8;128;2010
Milès;Thriller, Drama, Action, Crime;5.8;2360;2010
The Wee Man;Drama, Crime, History;6.1;2748;2010
Dylan Moran: Yeah, Yeah;Comedy;8.0;846;2010
Boys on Film 22: Love to Love You;Romance, Drama;6.7;57;2020
Wayfinder;Drama, Documentary;4.6;29;2020
5 hectares;Comedy;4.7;139;2020
Ginger & Rosa;Drama;6.2;11997;2010
Harrigan;Action, Crime;5.0;672;2010
The Starling Girl;Drama;6.7;2951;2020
Khwaabon Ka Jhamela;Romance, Drama;5.4;108;2020
Astrakan;Drama;6.1;172;2020
Le Gang des bois du temple;Drama, Action, Crime;6.3;288;2020
Parlez-moi de vous;Comedy, Drama;6.2;886;2010
La fille d'Albino Rodrigue;Drama, Mystery;5.8;77;2020
Sans jamais nous connaître;Romance, Thriller, Drama;7.6;71274;2020
Sea, No Sex & Sun;Comedy;4.4;194;2010
L'Âge atomique;Drama;5.8;504;2010
Lazarus;Music, Musical, ScienceFiction, Drama;7.7;42;2010
Gibraltar;Thriller, Crime;6.3;1537;2010
The Rise & Fall of a White Collar Hooligan;Thriller, Drama, Crime;5.1;2029;2010
Snow Therapy;Comedy, Drama;7.2;70457;2010
Litle Loves;Romance, Drama;6.3;355;2020
Tommy Guns;Adventure, Drama, War, History;6.3;293;2020
Tengo sueños eléctricos;Drama;6.7;1201;2020
Petites;Drama;6.2;158;2020
Une nuit;Romance, Drama;5.9;388;2020
Enfants de Sarajevo;Drama;6.4;697;2010
Pendant ce temps sur Terre;Adventure, Drama, Sci-Fi;6.0;930;2020
La clé des champs;Family, Documentary;6.3;242;2010
Jack Mimoun et les secrets de Val Verde;Comedy, Adventure;5.4;1134;2020
The Mothman Tapes;Horror;4.3;100;2020
Tempête;Comedy, Drama, Family;6.1;546;2020
The Gospel of Us;Drama, History;5.3;250;2010
Le tigre et le président;Comedy, History;6.1;303;2020
No Way Out;Thriller, Adventure, Action, Crime;5.7;17789;2010
Mikeyboy;Comedy, Adventure, Action, ;8.3;202;2010
Laissez-moi;Drama;6.6;263;2020
Mourir à Ibiza (Un film en trois étés);Comedy, Romance, Drama;6.2;53;2020
Une zone à défendre;Romance, Thriller, Drama;6.1;740;2020
35 Downhill;Comedy, Drama;7.1;88;2020
Comme des Abeilles;Comedy, Romance, Drama;6.9;66;2010
Comme un homme;Drama, Crime;5.6;242;2010
Zaytoun;Thriller, Adventure, Drama, War;6.6;1744;2010
The Bling Ring;Drama, Crime, Biography;5.6;94213;2010
Les vengeances de maître Poutifard;Comedy, Family;4.7;360;2020
Born to Be Blue;Music, Drama, Biography;6.8;9518;2010
OutPost 11;ScienceFiction, Drama, Mystery, Horror;3.8;830;2010
Un métier sérieux;Comedy, Drama;6.6;1932;2020
Une année difficile;Comedy;6.0;2917;2020
Les damnés ne pleurent pas;Drama;6.7;303;2020
Laura Laune : Le diable est une gentille petite fille;Comedy;8.0;15;2020
Magnificat;Comedy, Drama, Crime;6.1;198;2020
One Hour to Die;, Thriller, Horror;4.4;66;2010
Les miens;Drama;6.2;379;2020
La Fiancée du poète;Comedy, Drama;6.3;236;2020
Le pion du général;Thriller, Drama, Crime, Mystery;7.2;864;2020
Blanquita;Drama;6.3;395;2020
To the North;Thriller, Drama;6.2;538;2020
Hanging Gardens;Drama;7.0;128;2020
Freeze;Thriller, Horror;3.7;407;2020
Amore mio;Drama;6.1;89;2020
Dans l'ombre de Mary : La Promesse de Walt Disney;Comedy, Drama, History, Biography;7.5;172951;2010
Stalled;Comedy, Horror;4.7;2199;2010
God Help the Girl;Music, Romance, Drama, Comedy;6.4;9368;2010
Balada;Drama;5.8;74;2020
Trois nuits par semaine;Comedy, Romance, Drama;6.2;454;2020
A Forgotten Man;Thriller, Drama, History;6.4;61;2020
Citoyen d'honneur;Comedy, Drama;6.1;163;2020
Télé gaucho;Comedy;5.8;464;2010
Robots Supremacy;Adventure, ScienceFiction, Action, Sci-Fi;4.6;7816;2010
The Forgotten;Thriller, Horror;5.3;743;2010
Swan Lake;Fantasy, Drama, Music;8.4;268;2010
Keith Lemon: The Film;Comedy;2.6;4401;2010
Snow in Paradise;Thriller;4.8;591;2010
White Lie;Thriller;6.6;14;2010
Renoir;Romance, Drama, History, Biography;6.5;6102;2010
Strange Factories;Thriller, Drama, Horror;6.5;104;2010
The List;Thriller, Drama, Action, Crime;4.3;423;2010
Gangsters, Guns & Zombies;Comedy, Horror;3.9;823;2010
Meet Me in Montenegro;Comedy, Romance, Drama;5.9;391;2010
The Eschatrilogy: Book of the Dead;Fantasy, Horror;3.9;335;2010
Ma première fois;Romance, Drama;5.9;1426;2010
Nos plus belles vacances;Comedy, Family;5.3;333;2010
Tabou;Romance, Drama;7.3;7801;2010
Virgin Margarida;Drama;6.7;118;2010
Kasabian Live! Live at the O2;Music;7.8;45;2010
Doom Room;Thriller, Mystery, Horror;3.1;360;2010
Art of Darkness;Horror;3.1;319;2010
Youssef Salem a du succès;Comedy;6.6;683;2020
Voleuses;Comedy, Action, Crime;5.7;7612;2020
Rock the Casbah;Drama, Action, History;6.5;397;2010
Je fais feu de tout bois;Comedy;5.5;23;2010
En solitaire;Adventure, Drama, Sport;6.4;2628;2010
In Fear;Thriller, Mystery, Horror;5.4;10941;2010
Stars 80;Comedy;5.3;844;2010
Wrong Cops;Comedy, Crime, Mystery;6.0;8567;2010
London's Finest;Comedy, Action, Crime;4.4;440;2010
Voyage sans retour;Thriller, Action;4.0;42;2010
La mer à l'aube;Drama, War, History;6.8;854;2010
Maps to the Stars;Comedy, Drama, Mystery;6.2;43756;2010
3 Days to Kill;Thriller, Drama, Action;6.2;99820;2010
Rengaine;Drama;6.2;242;2010
Le gang des Antillais;Thriller;5.2;334;2010
Associés contre le crime...;Comedy, Crime, Mystery;4.4;601;2010
Get Lucky;Action;4.2;1623;2010
Le mentor;Comedy;6.6;37;2010
Where I Belong;Romance, Drama, History;6.3;68;2010
The Smell of Us;Drama;4.8;2005;2010
Pour une femme;Romance, Drama;6.6;934;2010
The Search;Drama, War;6.8;3060;2010
Aujourd'hui;Drama;6.4;264;2010
In jouw naam;Thriller, Drama, Family;6.2;57;2010
Le prénom;Comedy, Drama;7.3;19280;2010
Secret Sharer;Romance, Thriller, Drama;5.9;269;2010
The Bromley Boys;Comedy;6.2;4776;2010
The Last Showing;Thriller, Horror;5.1;1737;2010
Just the Wind;Drama;6.5;1409;2010
Jadoo;Comedy;6.0;483;2010
La chair de ma chair;Thriller, Drama, Crime;5.4;666;2010
Metéora;Romance, Drama;6.2;726;2010
The End We Start From;Thriller, Drama;5.9;8135;2020
Les As de la jungle - Opération Tour du monde;Comedy, Adventure, Action, Animation;5.6;385;2020
Crawl;Comedy, Drama;5.8;77;2010
Bonus Track;Comedy, Romance, Music;6.6;862;2020
Neneh Superstar;Comedy, Drama;5.4;254;2020
Upgraded;Comedy, Romance;6.1;29619;2020
Summer in February;Romance, Drama, Biography;5.6;4389;2010
Una noche;Romance, Drama;6.7;2005;2010
Urban Hymn;Drama, Crime;6.6;463;2010
American Nightmare;Thriller, ScienceFiction, Horror, Sci-Fi;5.8;251442;2010
Easter Bunny Massacre: The Bloody Trail;Horror;3.0;206;2020
Crocodile Swarm;Horror;2.7;242;2020
Jurassic Triangle;Adventure, Horror, Sci-Fi;2.4;284;2020
20 ans d'écart;Comedy, Romance;6.3;12674;2010
Fifi Languille;Comedy, Romance, Drama;6.6;492;2020
Sharqiya;Drama;6.6;73;2010
Bachelor Games;Comedy, Adventure, Action, Horror;4.3;553;2010
Un hiver en été;Drama;4.6;147;2020
Hawa;Comedy, Drama, Family;5.2;480;2020
Une promesse;Romance, Drama;5.7;4642;2010
La tour de guet;Drama;7.1;2968;2010
Addict;Thriller, Drama, Horror;6.6;17;2010
Into the Woods;Comedy, Musical, Music;7.9;155;2010
Un moment d'égarement;Comedy, Romance, Drama;6.2;10970;2010
Viking: Blood Lust;Action;3.8;335;2020
Viking: Battle of Heirs;Action;1.8;210;2020
Cartel;Thriller, Adventure, Crime, Action, Drama;5.4;107899;2010
Welcome to the Jungle;Comedy, Adventure, Action;4.9;14337;2010
Hammer of the Gods;History, Adventure, Action, Horror;4.5;8351;2010
Do Not Disturb;Comedy, Romance, Drama;4.9;801;2010
The Teacher;, Thriller, Drama, War;7.9;608;2020
À moi seule;Romance, Drama;6.1;385;2010
Il était temps;Comedy, Romance, Drama, Fantasy;7.8;412526;2010
Le paradis des bêtes;Comedy, Drama;5.9;137;2010
Visions;Thriller, Drama, Mystery;5.3;1243;2020
Le Cauchemar de Peter Pan;Thriller, Mystery, Horror;5.0;2401;2020
L'école est à nous;Comedy;6.3;213;2020
Reste un peu;Comedy;5.9;485;2020
L'Enfant du paradis;Drama;6.3;40;2020
L'Étoile filante;Comedy, Drama, Crime, Mystery;5.6;297;2020
Flo;History, Drama, Sport, Biography;6.0;255;2020
Les petits princes;Comedy, Drama;6.4;351;2010
Il pleut dans la maison;Comedy, Drama;6.0;304;2020
Une part manquante;Drama;6.7;292;2020
La Colline Parfumée;Romance, Drama;5.2;566;2020
Ton Noël ou le mien ?;Comedy, Romance;6.4;11025;2020
Seven Lucky Gods;Thriller, Drama;5.0;273;2010
Le cours de la vie;Comedy, Drama;5.6;167;2020
Alam;Drama;6.9;257;2020
Nénette;Comedy, Drama;5.5;308;2010
Dinner with My Sisters;, Drama;3.0;29;2010
Terroir;Thriller, Drama, Mystery;7.1;60;2010
Silver et le livre des rêves;Fantasy, Romance, Drama;5.5;2906;2020
La guerre des Lulus;Adventure, Drama, Family, History;6.1;324;2020
Hénaut président;Comedy;4.6;37;2010
Alceste à bicyclette;Comedy, Drama;6.6;3225;2010
Eyjafjallajökull;Comedy;5.6;4536;2010
La grande pétanque;Comedy, Sport;5.3;651;2010
La route d'Istanbul;Thriller, Drama;6.2;230;2010
Les engagés;Drama;5.5;113;2020
Vanishing Waves;Romance, Thriller, ScienceFiction, Sci-Fi;5.9;2908;2010
Montana;Thriller, Drama, Action, Crime;5.5;1585;2010
Agon;Drama, Crime;6.1;228;2010
Transcendance;Thriller, ScienceFiction, Mystery, Drama, Sci-Fi;6.2;243080;2010
Mince alors!;Comedy;5.4;1035;2010
Jimmy P. (Psychothérapie d'un Indien des Plaines);Thriller, Drama, Biography;6.1;3202;2010
Silent Night, Bloody Night: The Homecoming;Horror;3.0;522;2010
Thomas & Friends: Blue Mountain Mystery;Adventure, Family, Animation;6.5;407;2010
Ma bonne étoile;Drama;5.9;299;2010
Espoir voyage;Unknown, Documentary;6.7;17;2010
Half of a Yellow Sun;Romance, Drama;6.1;2221;2010
From Beneath;Thriller, Horror;2.8;967;2010
Paulette;Comedy, Crime;6.6;7858;2010
The Amityville Asylum;Horror;2.6;1525;2010
The Sky in Bloom;Thriller, Drama, Crime;5.7;132;2010
L'Hiver intérieur;Romance, Drama, War;7.2;42;2020
Plus fort que les bombes;Drama;6.6;14581;2010
Cendres glorieuses;Romance, Drama;7.0;349;2020
This Is What I Remember;Drama;6.3;36;2020
Closed Circuit;Thriller, Drama, Crime, Mystery;6.2;23813;2010
Disco Boy;Drama, War;6.3;1734;2020
Stéphane;Comedy, Thriller;6.4;161;2020
Chevalier Noir;Drama;5.6;192;2020
Angry Nazi Zombies;War, Horror;2.6;338;2010
Shanghai Belle;Drama;5.1;97;2010
Three Blind Mice;Horror;3.0;382;2020
Connected;Comedy, , Romance;7.4;17;2010
Kenneth;Comedy, Drama, Fantasy;7.5;99;2010
The Good Man;Drama;6.8;78;2010
Une famille respectable;Drama;6.5;566;2010
Pandemonium;Horror;5.2;1070;2020
La nuit du verre d'eau;Romance, Drama;6.5;150;2020
Le marchand de sable;Drama;6.2;138;2020
This Is Christmas;Comedy, Romance, Drama, TVMovie;7.0;3802;2020
A Long Way from Home;Romance, Drama;5.4;319;2010
Melaza;Drama;6.6;139;2010
Avant l'hiver;Drama;6.2;2224;2010
Calvary;Drama, Crime, Mystery;7.4;66334;2010
Suicide or Lulu and Me in a World Made for Two;Comedy, ScienceFiction, Drama, Sci-Fi;7.1;26;2010
Duo d'escrocs;Comedy, Romance, Drama;5.7;16417;2010
Bob the Builder: Big Dino Dig;Animation;5.6;44;2010
Un Château en Italie;Comedy, Drama;5.7;1285;2010
King George VI: The Man Behind the King's Speech;Documentary, History, Biography;6.7;171;2010
Ernest et Célestine: Le voyage en Charabïe;Comedy, Adventure, Family, Animation;7.0;971;2020
Rebecca;Romance, Thriller, Drama, Mystery;6.0;48571;2020
Les Âmes silencieuses;Thriller, Mystery, Horror;5.1;21715;2010
Pattie et la colère de Poséidon;Animation, Adventure, Family, Comedy, Fantasy;5.8;1034;2020
Come to My Voice;Drama;6.8;382;2010
The Watcher Self;Thriller, Drama, Mystery, Horror;4.7;107;2010
L'Excessive Tendresse Que J'ai pour Vous;Drama, History, Biography;6.2;248;2020
White Bird;Thriller, Drama, Mystery;6.4;30725;2010
Jolene: The Indie Folk Star Movie;Comedy, Romance;5.0;155;2010
Exorcist Chronicles;Horror;2.2;189;2010
Nouveau départ;Comedy, Romance;5.7;493;2020
Valérian et la Cité des mille planètes;Fantasy, Adventure, ScienceFiction, Action;6.4;204133;2010
L'enfant Du Sahara;Drama;6.6;76;2010
Rue des mauvais garçons;Romance, Drama;5.9;1206;2010
Kinds of Kindness;Comedy, Drama, Horror;6.5;59978;2020
Outpost: Rise of the Spetsnaz;ScienceFiction, Action, Horror, Sci-Fi;5.0;2589;2010
Riot;Crime;4.7;644;2010
Ibiza Dark;Romance, Thriller, Drama;8.4;18;2020
Au bout du conte;Comedy, Romance, Drama;5.8;1481;2010
Madame Solario;Drama;5.4;78;2010
Landes;Drama;6.0;124;2010
Horsehead;Fantasy, Mystery, Horror;4.8;1999;2010
South of Sanity;Horror;5.3;95;2010
Swung;Comedy, Romance, Drama;4.7;1350;2010
Love Never Dies;Music, Musical, Romance, Drama;6.6;3238;2010
Mariage à l'anglaise;Comedy, Romance;5.7;40094;2010
Ma Meilleure Amie;Comedy, Romance, Drama;6.8;20340;2010
La Blessure;Adventure, Drama, History;6.3;8217;2010
Weaverfish;Romance, ScienceFiction, Drama, Horror;4.2;299;2010
Holidays at the Ranch;Romance, Family;3.0;144;2020
Le retour;Drama;6.2;323;2020
Pauline détective;Comedy, Crime, Mystery;5.6;488;2010
The Winter;Fantasy, Drama, Mystery;7.3;99;2010
Across the River;Comedy, Romance, Drama;6.9;51;2010
Départ;Romance, Drama, Family;6.6;2984;2010
Forgiven;Thriller, Drama;6.0;3122;2010
Comme une louve;Drama;5.7;31;2020
The Hunted;Thriller, Horror;5.1;374;2020
Hooligans at War: North vs. South;War, Drama, Crime, Action;2.3;492;2010
La Dune;Drama;6.9;285;2010
Chez nous c'est trois!;Comedy, Romance, Drama;5.4;85;2010
Les Inoubliables;Thriller, Drama;6.0;105;2010
Les algues vertes;Thriller, Drama;6.6;639;2020
Camille redouble;Comedy, Romance, Drama;6.3;3040;2010
Adriana Lecouvreur;Romance, Musical, Drama, Music;7.4;22;2010
Les adorés;Drama;4.1;637;2010
Au-delà des collines;Romance, Drama;7.5;13510;2010
Pictures of Lily;Comedy, Romance, Drama;7.0;84;2010
Ballerina;Comedy, Adventure, Family, Animation;6.8;25599;2010
Black Sea;Thriller, Adventure, Drama;6.4;42280;2010
La rouge et la noire;Drama, Crime;6.0;38;2010
Spidarlings;Music, Thriller, Horror, Musical, Comedy;4.0;252;2010
Sunset Song;Drama;6.4;4170;2010
Tout en haut du monde;Adventure, Drama, Family, Animation;7.2;4140;2010
Convenience;Comedy, Action;5.9;1014;2010
Suspension of Disbelief;Thriller;4.2;692;2010
Blaze of Gory;Horror;3.3;667;2010
Mystère à Venise;Drama, Mystery, Crime, Horror;6.5;131524;2020
The Damned: Night of a Thousand Vampires;Music, Horror;8.3;8;2020
Hedda Gabler;Romance, Drama;4.6;128;2010
Forsaken, retour à Fowler City;Western, Drama, Action;6.4;14548;2010
Bowling;Comedy;5.0;541;2010
Hellboy;Fantasy, Adventure, Action, Horror;5.3;104504;2010
Benny Loves Killing;Drama;6.8;117;2010
Redirected;Comedy, Thriller, Action, Crime;6.4;34782;2010
Du Vent dans mes mollets;Comedy, Drama, Family;6.7;1107;2010
Les Profs;Comedy;5.2;4352;2010
The Other Widow;Drama;7.0;69;2020
La vie d'Adèle;Romance, Drama;7.7;168744;2010
Definition of Fear;Horror;3.7;309;2010
Photo;Drama;5.2;88;2010
Réussir sa vie;Comedy, Drama;5.5;78;2010
Trapped;Horror;3.4;89;2010
Encore Quelques Instants de Bonheur;Comedy, Romance, Drama;5.4;76;2020
Haunted 2: Apparitions;Drama, Horror;2.2;288;2010
Opération Muppets;Comedy, Adventure, Crime, Family;6.4;38202;2010
Bruno & Earlene Go to Vegas;Romance, Adventure, Drama, Western;5.2;156;2010
Psychotic;Thriller, Action, Horror;2.6;193;2010
Les Kaïra;Comedy;5.4;1792;2010
The Land of hope;Drama, Sci-Fi;6.5;1296;2010
Last Flight to Abuja;Unknown, Action;4.4;394;2010
Sammy 2;Adventure, Family, Animation;5.6;2660;2010
How to Have Sex;Drama;6.5;20228;2020
The Fitzroy;Comedy, ScienceFiction, Sci-Fi;4.7;466;2010
Un beau dimanche;Drama;6.3;998;2010
Elle s'en va;Comedy, Drama;6.4;2658;2010
Arrêtez-moi;Thriller, Drama, Mystery;5.6;584;2010
Alaska;Romance, Drama;6.7;2362;2010
Devil's Tower;Horror;3.4;788;2010
Northmen: Les Derniers Vikings;Adventure, Drama, Action, History;5.4;10995;2010
The Rise and Fall of a White Collar Hooligan 2;Thriller, Crime;4.6;654;2010
The Arbiter;Drama;5.8;147;2010
Vive la France;Comedy;5.7;4530;2010
The Big Steppers Tour: Live from Paris;Music, Documentary;8.5;503;2020
In a World...;Comedy;6.6;33449;2010
Un p'tit gars de Ménilmontant;Thriller, Drama, Crime;5.7;208;2010
Un enfant de toi;Romance, Drama, Comedy, Family;5.0;75;2010
Des sentiments contradictoires;Comedy, Romance, Drama;5.4;1156;2010
En mai, fais ce qu'il te plaît;Drama, War;6.7;1306;2010
Gnomeo & Juliet 2: Sherlock Gnomes;Mystery, Animation, Adventure, Family, Comedy, Fantasy;5.3;14858;2010
Layla;Thriller;5.8;228;2010
Amour & Turbulences;Comedy, Romance;6.3;5402;2010
Suzanne;Drama;6.7;1897;2010
The Casebook of Eddie Brewer;Thriller, Mystery, Horror;6.5;114;2010
Ripper's Revenge;Thriller, Drama, Horror;3.9;1072;2020
La cinquième saison;Drama, Mystery;6.8;1504;2010
Awesome Killer Audition;, Thriller;4.3;28;2010
Bonnard, Pierre et Marthe;Romance, Drama, History, Biography;6.5;717;2020
Le renard jaune;Drama, Crime;5.6;73;2010
La Danse de la réalité;Fantasy, Drama, Biography;7.4;9757;2010
Coldplay Music of The Spheres Live Broadcast from Buenos Aires;Music, Documentary;8.3;96;2020
Queen of Montreuil;Comedy, Drama;6.4;371;2010
In the Shadows;Thriller, Drama;7.0;1402;2010
We Are the Freaks;Comedy, Drama;4.6;371;2010
Le géant égoïste;Drama;7.3;12955;2010
Mandela: Un long chemin vers la liberté;Drama, History, Biography;7.1;29631;2010
L'amour et les forêts;Romance, Thriller, Drama;6.6;3136;2020
Le noir (te) vous va si bien;Drama;6.0;102;2010
Archaeology of Love;Romance, Drama;6.8;13;2020
We Are What We Are;Thriller, Drama, Horror;5.9;22596;2010
Un prince (presque) charmant;Comedy, Romance;5.6;756;2010
Dementamania;Thriller, Horror;5.3;225;2010
Beijing, New York;Romance, Drama;4.6;136;2010
Les garçons et Guillaume, à table!;Comedy;6.6;8187;2010
Una;Thriller, Drama;6.2;11934;2010
Alien: Covenant;Thriller, ScienceFiction, Mystery, Horror, Sci-Fi;6.4;329727;2010
Enemy;Thriller, Drama, Mystery;6.9;226818;2010
Blue Iguana;Thriller, Crime, Romance, Action, Comedy;5.6;7086;2010
Dawn;Drama;6.5;83;2010
Welcome to Karastan;Comedy, Drama;5.1;277;2010
The Machine;Thriller, ScienceFiction, Action, Drama, Sci-Fi;6.0;32514;2010
In the Belly of a Tiger;, Drama, Horror;7.4;102;2020
100% cachemire;Comedy;4.8;737;2010
Post partum;Thriller, Drama;5.7;52;2010
Drakkar;Thriller, Adventure, Action;4.1;1466;2010
Le grand méchant loup;Comedy, Romance;6.0;931;2010
Hidden in the Woods;Thriller;3.9;658;2010
Ma vie de Courgette;Animation, Romance, Family, Comedy, Drama;7.8;31282;2010
Le grand cahier;Drama, War;7.0;3309;2010
Je m'appelle Hmmm....;Drama;5.5;184;2010
Dark Touch;Horror;4.8;4491;2010
National Theatre Live: The Seagull;Drama;6.5;251;2020
Les reines du ring;Comedy, Sport;5.5;676;2010
La Fille de nulle part;Drama, Mystery, Horror;6.0;1251;2010
One by One;Drama;7.0;321;2010
Dounia et la princesse d'Alep;Family, Animation;6.8;207;2020
Winnie l'ourson : Du Sang et du miel 2;Thriller, Horror;4.7;11514;2020
Expendables 3;Comedy, Adventure, Action, Thriller;6.1;201559;2010
Zero Theorem;Comedy, ScienceFiction, Drama, Fantasy;6.0;50725;2010
Le secret de Kanwar;Fantasy, Drama, Horror;6.7;1069;2010
Dépression et des potes;Comedy;5.3;1049;2010
Inch'Allah;Drama;6.8;2729;2010
Bottom of the World;Thriller, Drama, Mystery;5.0;5383;2010
Judas Ghost;Fantasy, Horror;4.7;692;2010
Alyah;Drama;6.0;583;2010
La dame en noir 2: L'ange de la mort;Thriller, Drama, Horror;4.8;30094;2010
Survivors;Thriller, Drama, Horror;4.0;187;2010
It's a Lot;Comedy, Drama;2.8;175;2010
Mais qui a re-tué Pamela Rose?;Comedy;5.3;1567;2010
Rêve et silence;Drama;5.9;237;2010
Notre enfance à Tbilissi;Drama;6.7;277;2010
Having You;Comedy, Drama;6.4;933;2010
Puzzle;Romance, Drama;6.3;29928;2010
Traveller;Drama;5.3;108;2010
Haunter;Fantasy, Thriller, Mystery, Horror;5.9;19351;2010
Touch;Romance, Drama;7.4;5616;2020
The Lunchbox;Romance, Drama;7.8;63729;2010
En pays cannibale;Comedy;5.1;18;2010
Les gamins;Comedy;6.1;3491;2010
La Marque Des Anges-Miserere;Thriller;5.7;1399;2010
Surprise;Comedy, Drama;4.8;64;2010
The Ice Cream Wars;Crime;3.6;379;2010
La grande bellezza;Drama;7.7;102303;2010
Sous le figuier;Comedy, Drama;5.6;99;2010
Mauvaise fille;Drama;5.1;190;2010
The Hooligan Factory;Comedy, Action, Crime;4.8;2346;2010
Grand départ;Comedy, Drama;5.6;173;2010
The Gridiron;Comedy, Drama, Sport;5.3;151;2010
Bula Quo!;Comedy, Adventure, Action;3.9;376;2010
Trauma;Thriller, Mystery, Crime, Horror, Drama;4.7;1264;2010
The Fold;Thriller, Drama;4.7;211;2010
Fatboy Slim Live from the Big Beach Boutique;Music, ;7.2;21;2010
The Food Guide to Love;Comedy, Romance;5.6;1107;2010
Gangster Playboy: La chute des Essex Boys;Crime;3.9;950;2010
De grandes espérances;Thriller, Drama;6.5;848;2020
Lord of Tears;Drama, Horror;4.8;1607;2010
Private War;Drama, War, Biography;6.7;21850;2010
Après la bataille;Drama, History;5.6;627;2010
Bird People;Fantasy, Romance, Drama;6.1;3321;2010
Minuscule : La Conférence des Insectes;Adventure, Action, Family, Animation;7.1;9399;2010
Chercher le garçon;Comedy, Romance, Drama;5.8;117;2010
Common People;Comedy, Romance, Drama;5.3;165;2010
La pirogue;Drama;6.7;454;2010
La Playa;Drama;6.2;395;2010
La Crypte du dragon;Adventure, Action, Sci-Fi;3.8;2523;2010
Les Chevaux de Dieu;Drama;7.3;2120;2010
Mystery;Drama, Crime;6.4;1445;2010
Need for Speed;Thriller, Drama, Action, Crime;6.4;182896;2010
Pioneer;Thriller, Adventure, Drama;6.0;5411;2010
Tosca Live from the Royal Opera House;Music, Drama;7.2;50;2010
Trois mondes;Drama;6.5;828;2010
Zombie Hood;ScienceFiction, Action, Horror;3.6;191;2010
Tango Libre;Romance, Drama;6.1;1176;2010
Poisson rouge;Comedy;5.9;45;2020
Les Moomins sur la Riviera;Comedy, Family, Animation;6.0;1552;2010
Paradis: Foi;Drama;6.7;5478;2010
Paradis: Espoir;Drama;6.6;5269;2010
Bienvenue parmi nous;Drama;6.2;438;2010
L'innocence;Thriller, Drama;7.8;35235;2020
Pour le Pire et le Meilleur;Comedy;5.4;628;2020
À mon seul désir;Romance, Drama;6.2;1105;2020
27, Memory Lane;Fantasy, Romance, Drama;7.6;43;2010
La vie pure;Adventure, Drama, Documentary, Biography;6.5;68;2010
Slasher House;Horror;3.8;543;2010
Run;Thriller, Drama;6.0;162;2010
English Revolution;Thriller, Adventure, Horror, Comedy, Drama, Fantasy, History;6.2;14604;2010
Almost Married;Comedy;4.5;828;2010
La Fleur de l'âge;Comedy, Drama;5.8;239;2010
Tamla Rose;Music, Drama;6.4;1396;2010
Beyond;Romance, ScienceFiction, Drama, Sci-Fi;4.0;1157;2010
Été 1992;Comedy, Drama, Biography;6.8;5003;2010
Vincent doit mourir;Fantasy, Thriller, Drama, Comedy;6.4;3236;2020
Les Beaux Jours;Romance, Drama;6.3;1939;2010
Comrade Kim Goes Flying;Comedy, Adventure, Romance;6.2;345;2010
007 Spectre;Thriller, Adventure, Action;6.8;480613;2010
The Borderland;Thriller, Action;3.0;398;2010
Code Name Venus;Romance, Adventure, Action;5.0;191;2010
Brooklyn;Romance, Drama;7.5;155270;2010
Nymphomaniac : Volume 2;Drama, Mystery;6.6;100994;2010
Mourir peut attendre;Thriller, Adventure, Action;7.3;465327;2020
Jacky au royaume des filles;Comedy;6.1;2797;2010
Comme par magie;Comedy, Drama;5.4;152;2020
Leçons d'harmonie;Drama;7.3;1065;2010
Sunrise;Drama, Crime, Mystery;6.3;324;2010
Modern Life Is Rubbish;Comedy, Romance, Music;5.8;1061;2010
Les Mauvais Esprits;Thriller, Mystery, Horror;4.9;18414;2010
Souvenir;Music, Romance, Drama, Comedy;6.0;1200;2010
Mowgli : La Légende de la jungle;Fantasy, Adventure, Drama;6.5;67721;2010
After the World Ended;ScienceFiction, Drama, Sci-Fi;5.0;70;2010
Salsa Fury;Comedy, Romance, Sport;6.2;20246;2010
All About Albert;Comedy, Romance, Drama;7.0;67959;2010
Rue Mandar;Comedy;4.8;154;2010
Un week-end à Paris;Comedy, Romance, Drama;6.4;8833;2010
Vulcania;Thriller, ScienceFiction;4.7;244;2010
Queen and Country;Comedy, Drama, Biography;6.2;1940;2010
Emily Dickinson, a Quiet Passion;Drama, Biography;6.4;6526;2010
Hard Shoulder;Thriller, Horror;3.6;366;2010
Howl;Fantasy, Action, Horror;5.5;17039;2010
Unhinged Retribution;Mystery, Horror;3.6;203;2020
Enemies Closer;Thriller, Action;5.1;6936;2010
Une belle fin;Drama;7.4;9311;2010
Rendez-vous à Kiruna;Drama;6.5;148;2010
Soldiers of the Damned;Thriller, Action, War, Horror;3.9;920;2010
Clifford;Comedy, Adventure, Family, Fantasy;5.9;18042;2020
Dr. Goldstein;Comedy;3.8;168;2010
Jean de la Lune;Fantasy, Sci-Fi, Family, Animation;6.5;515;2010
Colosio;Thriller, Drama, Crime;7.3;1342;2010
L'affaire Dreyfus;Thriller, Drama, History;7.2;22191;2010
The Homesman;Western, Drama;6.6;37296;2010
Casa Nostra;Drama, Family;5.6;21;2010
Adieu Berthe - L'enterrement de mémé;Comedy, Drama;6.0;977;2010
Arrête de pleurer Pénélope;Comedy;4.6;105;2010
Au galop;Comedy, Romance, Drama;6.1;207;2010
Adieu au Langage;Fantasy, Drama;5.8;6512;2010
Pterodactyl 2;Horror, Sci-Fi;3.6;289;2020
Anomalisa;Comedy, Romance, Drama, Animation;7.2;77224;2010
Une chanson pour ma mère;Comedy;5.1;123;2010
Jimi: All Is by My Side;Music, Drama, Biography;5.7;7180;2010
Dom Hemingway;Comedy, Drama, Crime;6.1;27956;2010
Kick;Thriller, Drama, Horror;3.0;251;2010
The November Man;Thriller, Adventure, Action, Crime;6.3;71988;2010
Le jour attendra;Thriller, Crime;4.5;383;2010
Denis;Comedy;4.5;223;2010
Hors les murs;Romance, Drama;6.6;1645;2010
Carol;Romance, Drama;7.3;148625;2010
Desert Dancer;Music, Drama, Biography;6.2;2062;2010
Le fantôme de Canterville;Comedy, Family, Animation;5.9;1540;2020
Tip Top;Comedy, Thriller, Crime;4.7;712;2010
Une place sur la Terre;Drama;6.5;611;2010
After;Romance;6.1;45;2010
La femme au tableau;Drama, History, Biography;7.3;64937;2010
Le Passé;Drama, Mystery;7.7;51814;2010
La traversÃ©e;Thriller, Drama;5.2;202;2010
Le Sang des Templiers 2;Adventure, Drama, Action;4.3;3118;2010
The Happy Prince;Drama, Biography;6.3;6077;2010
Les Sorcières de Zugarramurdi;Comedy, Adventure, Action, Horror;6.4;15865;2010
Jeff Panacloc: A la poursuite de Jean-Marc;Comedy, Adventure;4.8;194;2020
La Vénus à la fourrure;Drama;7.1;21526;2010
Secrets of a Wallaby Boy;Comedy, ScienceFiction;5.5;36;2020
Je verrai toujours vos visages;Drama;7.5;4335;2020
Outlast;TVMovie, Horror;4.2;48;2020
Open Windows;Thriller, Action, Crime, Mystery;5.1;15453;2010
Les grandes ondes (à l'ouest);Comedy, Drama, History;6.4;666;2010
Les drôles de poissons-chats;Comedy, Drama;7.0;2174;2010
The Maid;Romance, Drama;4.4;1339;2010
Frequencies;Romance, ScienceFiction, Mystery, Sci-Fi;6.7;14998;2010
Le clan;Comedy;6.4;345;2020
Swim Little Fish Swim;Comedy, Drama, Music;5.9;852;2010
Océane;Comedy;6.9;35;2010
Abus de faiblesse;Drama;5.9;1353;2010
Rocker;, Drama;6.4;294;2010
Chicken;Drama;6.8;548;2010
Paris à tout prix;Comedy;5.7;2213;2010
Dog Flesh;Drama;5.4;120;2010
Kirikou et les hommes et les femmes;Fantasy, Adventure, Family, Animation;6.5;738;2010
Tom à la ferme;Thriller, Drama, Mystery;6.9;19717;2010
Joséphine;Comedy, Romance;5.8;1576;2010
Christmas Slay;Fantasy, Mystery, Horror;2.6;268;2010
Philomena;Comedy, Drama, Biography;7.6;105679;2010
Le grand cirque;Comedy;6.1;53;2020
Les coquillettes;Comedy, Drama;5.5;394;2010
Dead Man Talking;Comedy, Drama;6.9;503;2010
Exhibition;Drama;5.8;1620;2010
Passer l'hiver;Drama;5.9;9;2010
Les Visiteurs : La Révolution;Comedy, Fantasy;4.6;5048;2010
Prêt à tout;Comedy, Romance;5.4;572;2010
Molly Moon et le Livre magique de l'hypnose;Fantasy, Adventure, Family;5.2;1314;2010
Outlawed;Action;3.7;1976;2010
Taken 3;Thriller, Action;6.0;210256;2010
Heretic;Horror;3.2;381;2010
Recommended by Enrique;Western, Adventure, Crime;5.2;22;2010
P.O.E.: Project of Evil;Horror;2.9;251;2010
Gone Too Far;Comedy, Drama;5.7;440;2010
Son of a Gun;Thriller, Drama, Action, Crime;6.4;30380;2010
Sils Maria;Drama;6.7;31965;2010
De toutes nos forces;Drama, Sport;6.6;1256;2010
Je ne suis pas mort;Drama;6.9;93;2010
La bande des Jotas;Comedy, Crime;5.5;185;2010
Au nom du fils;Drama;6.3;400;2010
La duchesse de Varsovie;Drama;5.6;51;2010
Dark Vision;Mystery, Horror, Sci-Fi;3.3;335;2010
Blockbuster;Comedy;5.5;460;2010
Heckle;Comedy, Drama;5.9;52;2010
Crossland;Thriller, Horror;3.6;74;2010
The Rack Pack;Comedy, Drama, Sport;7.0;1295;2010
Nyurnberg;Adventure, Drama, History;4.8;527;2020
Exil;Drama;5.1;31;2010
Mr. Turner;Drama, History, Biography;6.8;27974;2010
Attila Marcel;Comedy, Drama, Music;7.0;3431;2010
Despite the Falling Snow;Romance, Thriller, Drama, Mystery;5.8;3735;2010
Kill Your Friends;Comedy, Music, Crime, Thriller;6.0;10249;2010
Outpost 37: l'ultime espoir;Thriller, ScienceFiction, Action, Sci-Fi;4.7;6612;2010
Le sanctuaire;Fantasy, Thriller, Horror;5.7;19290;2010
How to Be a Man;Comedy;6.7;3437;2010
Salem;Fantasy, Drama;5.3;110;2020
Wahou!;Comedy;5.7;478;2020
Christmas with the Prince;Romance, Adventure;2.8;216;2020
The Escapee 3: The Final Escape;Action;2.6;66;2020
Hard Copy;Thriller, Drama;3.4;256;2020
Sunshine on Leith;Music, Musical, Romance, Comedy, Drama;6.6;7563;2010
Eden Lodge;Thriller, Mystery, Horror;3.4;469;2010
La vie rêvée de David L;Comedy, Drama;6.6;71;2010
Division 19;Thriller, ScienceFiction, Action, Sci-Fi;3.4;3396;2010
Divin enfant;Comedy;5.0;133;2010
L'Attrape-rêves;Drama;5.3;4195;2010
Amsterdam Express;Drama;6.8;347;2010
Scrawl;Fantasy, Horror;3.0;380;2010
Zouzou;Comedy, Drama, Family;5.1;89;2010
Soulmate;Mystery, Horror;5.0;873;2010
La femme du ferrailleur;Drama;6.8;1381;2010
Dragonfly;Thriller, Drama, Crime;6.0;72;2010
La Jalousie;Romance, Drama;6.4;2034;2010
A Second Son;Thriller, Drama;5.0;45;2010
Un jour dans la vie de Billy Lynn;Drama, Action, War, Sport;6.2;24672;2010
Jauja;Fantasy, Adventure, Drama, Western;6.3;4664;2010
Paradise Lost;Thriller, Crime, Romance, Drama, History;6.5;23844;2010
Gunman;Drama, Action, Crime, Mystery;5.8;44244;2010
L'origine de la violence;Romance, Drama;6.1;131;2010
Super-bourrés;Comedy;6.0;336;2020
Granny of the Dead;Comedy, Horror;3.0;326;2010
The Canal;Thriller, Drama, Mystery, Horror;5.8;15225;2010
La stratégie de la poussette;Comedy;5.4;961;2010
La Cité Rose;Comedy, Drama, Crime;6.4;365;2010
En attendant la mer;Fantasy, Drama;6.5;107;2010
La confrérie des larmes;Thriller;5.6;572;2010
Convention of the Dead;Comedy, Action, Horror;6.6;19;2010
Capitaine Morten et la reine des araignées;Adventure, Family, Animation;5.6;260;2010
Shakespeare's Globe: All's Well That Ends Well;Comedy, Drama;7.5;63;2010
La crème de la crème;Comedy, Drama;5.8;1561;2010
Boule & Bill;Comedy, Family;4.4;816;2010
Inchallah un fils;Drama;7.2;1706;2020
Benjamin Britten: Peace and Conflict;Music, Drama, Documentary, Biography;6.5;48;2010
Identicals;Thriller, ScienceFiction, Sci-Fi;3.8;2057;2010
À coup sûr;Comedy;4.6;701;2010
Une vie entre deux océans;Romance, Drama;7.2;61672;2010
Wajma, une fiancée afghane;Romance, , Drama;7.2;476;2010
La Légende de Barney Thomson;Comedy, Drama, Crime;6.2;6783;2010
Indian Palace: Suite royale;Comedy, Romance, Drama;6.5;36936;2010
Plastic;Comedy, Drama, Action, Crime;6.0;8374;2010
Salaud, on t'aime;Comedy, Romance, Drama;5.5;390;2010
Je suis supporter du Standard;Comedy, Drama;5.4;211;2010
L'Étrangleur de Boston;Thriller, Drama, Crime, History;6.5;38082;2020
Lilting ou la délicatesse;Romance, Drama;7.2;6734;2010
L'étoile du jour;Drama;5.4;77;2010
Y Swn;Drama, History;7.3;245;2020
Alice de l'autre côté du miroir;Fantasy, Adventure, Family;6.2;129042;2010
Les Poings contre les murs;Thriller, Drama, Crime;7.3;50088;2010
Blackwood;Thriller, Horror;5.3;1224;2010
The Duke of Burgundy;Romance, Drama, Mystery;6.5;14838;2010
Les yeux jaunes des crocodiles;Drama;6.3;1575;2010
Voyages en Italie;Comedy, Romance;5.9;218;2020
Les meutes;Thriller, Drama, Crime;6.3;683;2020
Train Station;Comedy, Drama, Crime, Mystery;5.8;184;2010
Avant que les flammes ne s'éteignent;Drama, Crime;4.9;234;2020
Saint Petersburg;Romance, Drama;5.8;102;2010
Belle comme la femme d'un autre;Comedy, Romance;4.6;238;2010
The Devil's Bargain;Drama, Mystery, Horror;6.0;350;2010
The Survivalist;Thriller, ScienceFiction, Drama, Sci-Fi;6.4;19479;2010
Mes soeurs;Drama;6.6;170;2010
Oppression;Thriller, Drama, Mystery, Horror;4.8;15327;2010
Sand Castle;Drama, Action, War;6.3;29153;2010
The Legend of the 5ive;Horror;5.6;49;2010
Le fidèle;Romance, Drama, Crime;6.3;5931;2010
Resident Evil : Chapitre final;ScienceFiction, Action, Horror, Sci-Fi;5.5;104837;2010
Dans la cour;Comedy, Drama;6.3;1477;2010
Lulu femme nue;Comedy, Romance, Drama;6.5;890;2010
Marie-Line et son juge;Comedy, Drama;6.3;428;2020
Les choses simples;Comedy;6.5;1091;2020
Pas très normales activités;Comedy;3.7;400;2010
One Deep Breath;Romance, Thriller, Drama;4.5;150;2010
Malady;Romance, Drama, Mystery, Horror;4.0;258;2010
Pop Redemption;Comedy, Music;6.0;1455;2010
Comme un lion;Drama;6.1;231;2010
Tu honoreras ta mère et ta mère;Comedy;5.2;206;2010
Goodbye Morocco;Drama;6.1;236;2010
Wicked Games: Rimini Sparta;Drama;7.3;56;2020
Soirée filles;Comedy;4.7;838;2010
Quai d'Orsay;Comedy;6.4;4036;2010
Casanova variations;Fantasy, Drama, Music, Biography;5.9;276;2010
'71;Thriller, Crime, Action, War, Drama;7.2;63322;2010
Leave to Remain;Drama;6.3;379;2010
Otro Sol;Adventure, Crime, History, Documentary;6.2;17;2020
Matei copil miner;Drama, Family;6.9;105;2010
La Fin de tout;Drama, Documentary;6.4;23;2020
In a Heartbeat;Romance, Mystery, Horror;3.0;302;2010
La petite;Drama;6.2;418;2020
àma Gloria;Comedy, Drama;7.0;859;2020
Bâtiment 5;Drama, History;6.3;1027;2020
La fille de son père;Comedy, Drama;6.3;430;2020
Banel & Adama;Drama;6.3;760;2020
Christina Noble;Drama, Biography;6.8;1913;2010
The Bridge at the End of the World;Thriller, Drama, Action;6.2;116;2010
Top Dog;Drama, Crime;5.0;1694;2010
A Fallible Girl;, Drama;6.9;31;2010
Catch Me Daddy;Thriller, Drama;6.3;1556;2010
Indochine: Central Tour au cinéma;Music;7.1;10;2020
Le Grand Retournement;Comedy, Drama, History;6.1;37;2010
Darkest Day;Adventure, Action, Horror;3.5;1300;2010
The Activist;Thriller;4.9;125;2010
Tótem;Drama;7.0;3793;2020
La Barbe;Drama, History;6.8;978;2020
Cidade Rabat;Drama;6.3;55;2020
Mes séances de lutte;Drama;5.4;715;2010
Indivision;Drama;5.1;31;2020
Cielo abierto;Drama;7.4;19;2020
I'm Still Here;Romance, Thriller, Drama;7.6;1306;2010
La vraie vie des profs;Comedy;3.8;344;2010
Les jardins du roi;Romance, Drama;6.5;26235;2010
Love is Strange;Romance, Drama;6.7;13536;2010
Tigresse;Comedy, Adventure, Drama;6.4;262;2020
Opium;Comedy, Musical, Drama;4.6;511;2010
La vie domestique;Drama;5.9;443;2010
Sira;Drama;6.5;221;2020
Viver Mal;Drama;6.9;521;2020
Bonne conduite;Comedy, Crime;6.0;849;2020
Kletka ishet ptitsu;Drama;6.3;77;2020
Le Comte de Monte-Cristo;Adventure, Drama, Action, History;7.6;35554;2020
Hôtel Normandy;Comedy, Romance;4.7;346;2010
The Quiet Hour;Thriller, ScienceFiction, Drama, Sci-Fi;4.6;1716;2010
La Sirène;Drama, War, Animation;6.8;202;2020
Tomorrow;Drama;6.1;362;2010
The Addicted;Horror;2.2;160;2010
11.6;Thriller, Drama, Biography;5.7;2658;2010
Victor Young Perez;Drama, History, Biography;6.3;588;2010
Le Temps de l'aventure;Romance, Drama;6.4;1123;2010
Chandelier;Thriller, Drama, Mystery;5.3;428;2010
A Dark Reflection;Thriller;5.2;699;2010
Montanha - Un adolescent à Lisbonne;Drama;6.4;521;2010
Ma belle gosse;Comedy, Drama;5.4;45;2010
Des lendemains qui chantent;Comedy;5.7;416;2010
Some Rain Must Fall;, Drama;5.5;119;2020
En tongs au pied de l'Himalaya;Comedy, Drama;6.1;123;2020
Girl from the North Country;Music, Musical, Drama;7.3;25;2020
La vie pour de vrai;Comedy;5.7;1199;2020
Identify;ScienceFiction, Action, Horror, Sci-Fi;5.7;15569;2010
Tatami;Thriller, Drama, Sport;7.5;2490;2020
The Penguin Lessons;, Drama;7.1;3011;2020
Sages-femmes;Drama;7.1;430;2020
Royal Shakespeare Company: The Comedy of Errors;Comedy, ;6.5;8;2020
Meet Me in Paris;Romance, Comedy;4.1;144;2020
Le Théorème de Marguerite;Comedy, Drama, Mystery;6.8;2560;2020
Le scandale Paradjanov ou la vie tumultueuse d'un artiste soviétique;Romance, Drama;6.7;340;2010
Burn It Up, Djassa;Music, Drama, Crime;3.6;55;2010
The Best Years;Comedy, Drama, Crime;4.5;3066;2010
The Scopia Effect;Thriller, ScienceFiction, Horror, Sci-Fi;3.9;652;2010
The Professional;Thriller, Action;5.6;10760;2010
Vermines;Horror;6.2;12926;2020
Churchill;Drama, History, Biography;6.0;16164;2010
L'autre Laurens;Comedy, Thriller, Crime, Fantasy;5.4;114;2020
Compulsion;Thriller, Drama, Crime, Mystery;6.5;16;2020
The Prince;Fantasy, Drama;6.1;250;2020
Le Roi des Ombres;Thriller, Drama, Crime;4.9;936;2020
Boys Behind Bars;Drama;6.2;41;2010
I.T.;Thriller, Drama, Crime, Mystery;5.5;17290;2010
The D Train;Comedy, Drama;5.1;11802;2010
The Chaperone;Drama;6.6;1990;2010
Historia del miedo (Histoire de la peur);Thriller, Drama, Mystery;5.0;399;2010
A Warning to the Curious;Horror;4.0;86;2010
La Nuit au musée : Le Secret des pharaons;Comedy, Adventure, Family, Fantasy;6.2;142709;2010
Locke;Thriller, Drama;7.1;164427;2010
3X3D;Comedy, Drama;5.9;375;2010
The Summer Book;Drama;7.0;341;2020
Saint Laurent;Romance, Drama, Biography;6.1;6701;2010
Yves Saint Laurent;Drama, Biography;6.2;13455;2010
AfterDeath;Thriller, Mystery, Horror;4.0;2157;2010
Journal d'une femme de chambre;Drama;5.5;3128;2010
Silent Witnesses;Romance, Drama, Documentary;6.9;36;2020
Notre tout petit petit mariage;Comedy;3.8;410;2020
Pour l'honneur;Comedy, Sport;5.6;213;2020
Bonobo;Comedy, Drama;5.4;581;2010
Fury;Drama, Action, War;7.6;578749;2010
The Holiday List;Comedy;4.2;212;2020
Sea Fever;ScienceFiction, Drama, Mystery, Horror;5.7;15261;2010
La Tendresse;Comedy, Drama;6.2;386;2010
National Theatre Live: Good;Drama, War;8.2;273;2020
S.A.S: Section d'assaut;Thriller, Action, War;4.6;2133;2010
The Riot Club;Thriller, Drama;6.0;24638;2010
Moonwalkers;Comedy, Action;6.1;10158;2010
Ida;Drama;7.4;62016;2010
AKA;Thriller, Action, Crime;6.6;14240;2020
Everest;Adventure, Drama, History, Biography;7.1;240283;2010
Le Procès du chien;Comedy;6.1;669;2020
The Salvation;Western, Thriller, Drama, Action;6.7;44819;2010
The Theory of Love;Comedy, Romance, Fantasy;7.6;11;2010
Hide & Seek;Romance, Drama;4.5;1332;2010
Dying Light;Thriller, Mystery, Horror;6.2;34;2010
Ce week-end là...;Comedy, Drama;6.9;25506;2010
Drunk on Love;Comedy, Romance;5.7;81;2010
Damaged;Thriller, Drama, Action, Crime;4.7;7379;2020
L'étrange couleur des larmes de ton corps;Thriller, Mystery, Horror;5.9;4505;2010
L.A. Slasher;Comedy, Drama, Crime, Horror;3.2;1029;2010
Deux jours, une nuit;Drama;7.3;51437;2010
The Christmas Candle;Drama, Family;6.3;2861;2010
London Falling;Thriller, Action, Crime;3.0;1226;2010
Le prix du passage;Thriller, Drama;5.5;119;2020
Eka & Natia, chronique d'une jeunesse géorgienne;Drama;7.3;7196;2010
Eric Clapton: Across 24 Nights;Music;8.6;63;2020
De l'usage du sex-toy en temps de crise;Drama;6.7;12;2010
L'Amour ouf;Music, Thriller, Crime, Comedy, Romance, Drama;7.0;5283;2020
Omar la fraise;Comedy, Drama, Crime;5.9;785;2020
Aimer, boire et chanter;Comedy, Romance, Drama;6.0;1387;2010
Jeune et Jolie;Romance, Drama;6.7;39524;2010
Sinister 2;Thriller, Mystery, Horror;5.3;64044;2010
Ma langue au chat;Comedy, Drama;5.8;230;2020
Le ravissement;Drama;6.9;1291;2020
La mer et ses vagues;Drama;6.1;24;2020
Apparition of Evil;Mystery, Crime, Horror;3.7;107;2010
Danila Poperechniy: FUN/LIFE;Comedy;6.9;73;2020
Sommeil d'hiver;Drama;8.0;57510;2010
Une rencontre;Romance, Drama;6.2;3747;2010
Ton absence;Romance, Drama, Comedy;6.4;1019;2010
Bacurau;Western, Thriller, Mystery, Adventure, Action, Drama;7.3;32415;2010
T2 Trainspotting;Comedy, Drama, Crime;7.1;137284;2010
La promesse verte;Drama;6.2;321;2020
Ma maman est en Amérique, elle a rencontré Buffalo Bill;Animation;6.9;74;2010
Greyhawk;Drama, Crime;5.9;162;2010
Philip Roth: Unmasked;Documentary, Biography;7.4;82;2010
Vandal;Drama;5.9;199;2010
Silverhide;Thriller, Mystery, Horror;2.4;239;2010
Orthodox;Drama, Crime;5.1;312;2010
The Borderlands;Thriller, Horror, Sci-Fi;5.8;11518;2010
Ransom Games;Thriller, Adventure, Action, Crime;5.5;4055;2010
Backtrack: Les Revenants;Thriller, Mystery, Horror, Fantasy, Drama;5.9;14292;2010
Message Man;Thriller, Action, Crime;5.9;5167;2010
Goal of the Dead;Comedy, Horror;5.5;1684;2010
Serial Kaller;Horror;2.9;145;2010
Gemma Bovery;Comedy, Romance, Drama;6.4;7107;2010
La mante religieuse;Drama;5.6;196;2010
Les gazelles;Comedy;5.4;890;2010
Cheba Louisa;Comedy;5.8;103;2010
Acceptance;Thriller, Drama, Crime;4.7;33;2010
Gatwick Gangsters;Adventure, Drama, Action, Crime;2.8;750;2010
Je fais le mort;Comedy, Crime, Mystery;5.9;1027;2010
Scintilla;ScienceFiction, Horror, Sci-Fi;4.6;2032;2010
Knight of the Dead;Fantasy, Action, Horror;2.7;676;2010
Annihilation;Adventure, ScienceFiction, Drama, Horror;6.8;379394;2010
Le chanteur;Drama;6.0;11;2010
Qu'est-ce qu'on a fait au Bon Dieu ?;Comedy;7.0;46948;2010
On the Milky Road;Comedy, Drama, Fantasy;6.3;5047;2010
Benoît Brisefer : Les Taxis rouges;Comedy, Adventure, Family;4.5;208;2010
Kingsman : Services secrets;Comedy, Adventure, Action, Crime;7.7;752460;2010
The Wick: Dispatches from the Isle of Wonder;Comedy, Drama, Documentary;8.5;7;2010
De guerre lasse;Thriller, Drama, Crime;5.3;345;2010
Les rencontres d'après minuit;Comedy, Romance, Drama, Fantasy;5.6;1800;2010
United Passions: La Légende du Football;Drama, Sport, History;2.1;4487;2010
Fighting Heart;Drama, Sport;4.2;695;2010
The Childhood of a Leader;Drama;6.2;7236;2010
Sauvages;Thriller, Drama;5.5;669;2010
Cemetery of Splendour;Fantasy, Drama, Mystery;6.8;5748;2010
Les salauds;Romance, Thriller, Drama, Crime;6.1;3897;2010
Le prochain film;Comedy, Drama;6.5;42;2010
Luise;Romance, Drama, History;6.5;92;2020
3 coeurs;Romance, Drama;5.9;2686;2010
Deadly Virtues: Love.Honour.Obey.;Thriller, Drama;4.8;1996;2010
La marche;Comedy, Drama, History;6.2;419;2010
Dead Snow: Red vs. Dead;Comedy, Action, Horror;6.8;27759;2010
Son épouse;Drama;5.5;192;2010
L'harmonie familiale;Comedy;5.4;9;2010
Grand Central;Comedy, Romance, Drama;6.2;3050;2010
Brothers' Day;Drama, Crime;3.8;176;2010
Fiston;Comedy;5.3;1521;2010
La braconne;Comedy, Drama;6.1;64;2010
Second Coming;Drama;5.1;698;2010
The More You Ignore Me;Comedy;6.0;864;2010
Mon fils;Drama;7.2;1909;2010
L'autre vie de Richard Kemp;Fantasy, Thriller, Crime;6.5;1091;2010
Né quelque part;Comedy, Drama;6.2;719;2010
The Midnight Horror Show;Horror;3.3;680;2010
La fille du 14 juillet;Comedy;6.3;1288;2010
La Bataille de Solférino;Comedy, Drama;6.5;1144;2010
Tonnerre;Comedy, Romance, Drama;6.3;375;2010
Who Needs Enemies;Thriller, Drama, Crime;5.4;372;2010
Les Apaches;Drama;5.9;370;2010
Mandorla;Fantasy, Drama;5.2;48;2010
Le coeur des hommes 3;Comedy, Romance, Drama;5.6;502;2010
La grande boucle;Comedy, Sport;5.9;695;2010
White Collar Hooligan 3;Thriller, Crime;4.0;478;2010
Piégé;Thriller, War;5.0;342;2010
Heli;Romance, Drama, Crime;6.8;5535;2010
Grigris;Drama, Crime;6.4;609;2010
A Touch of Sin;Drama, Crime, Action;7.1;13414;2010
L'inconnu du lac;Romance, Thriller, Drama;6.9;16871;2010
9 mois ferme;Comedy, Crime, Mystery;6.4;5515;2010
Mohamed Dubois;Comedy;5.0;619;2010
Status Quo: Pictures - Live at Montreux;Music;7.6;18;2000
Tashkafa: Stories of the Street;Unknown, Documentary;6.7;39;2010
Love Me Do;Thriller, Drama, Crime;5.7;102;2010
Henri;Drama;6.2;288;2010
Pour ton anniversaire;Thriller, Drama;5.5;199;2010
Coherence;Thriller, ScienceFiction, Mystery, Sci-Fi;7.2;159777;2010
Catacombes;Thriller, Mystery, Horror;6.3;122728;2010
Magic in the Moonlight;Comedy, Romance, Drama;6.5;72271;2010
2 automnes 3 hivers;Comedy;6.6;806;2010
Lucy;Thriller, ScienceFiction, Action, Sci-Fi;6.4;557086;2010
Shaun le mouton, le film;Comedy, Adventure, Family, Animation;7.3;45245;2010
Aga;Drama;7.0;2686;2010
Nos héros sont morts ce soir;Drama, Crime, Mystery;6.0;173;2010
1ère Classe Barrows;Drama, Action, War;3.9;229;2010
Qui vive;Drama;5.8;519;2010
Celluloid;Thriller, Drama;5.2;39;2010
White Settlers;Thriller, Mystery, Horror;4.7;2919;2010
Nina Forever;Comedy, Romance, Drama, Horror;5.6;5379;2010
Hippocrate;Comedy, Drama;6.8;3620;2010
Amar Akbar & Tony;Comedy, Romance, Drama;5.3;312;2010
Winter;Drama;6.4;172;2010
Ashens and the Quest for the Gamechild;Comedy, Adventure;6.0;1724;2010
The Fly Room;Drama, Biography;6.1;97;2010
Valley of the Witch;Horror;3.2;463;2010
My Old Lady;Comedy, Romance, Drama;6.4;10506;2010
Dead Walkers: Rise of the 4th Reich;Horror;1.3;202;2010
Dragon Nest: Le Réveil du dragon;Fantasy, Adventure, Action, Animation;6.2;3488;2010
Panic Home;Thriller, Drama, Action, Crime;5.2;5033;2010
Jamais le premier soir;Comedy, Romance;4.7;861;2010
Tu seras un homme;Comedy, Drama;6.8;122;2010
Over Your Dead Body;Thriller, Drama, Horror;6.1;1659;2010
#Starvecrow;Thriller, Drama, Crime;4.9;25;2010
Tirez la langue, mademoiselle;Comedy, Drama;5.9;555;2010
Jeff Wayne's Musical Version of the War of the Worlds Alive on Stage! The New Generation;Music, Adventure, Musical, Action;7.7;554;2010
The Dead 2;Drama, Action, Horror;5.1;2223;2010
Kidnapping Mr. Heineken;Thriller, Mystery, Crime, Action, Drama;6.1;22123;2010
Cute Little Buggers;Comedy, Horror, Sci-Fi;3.4;479;2010
Libre et assoupi;Comedy;6.6;1669;2010
Sangue del mio sangue;Drama, Mystery, History;6.1;1291;2010
The Tormented;Thriller, Drama, Horror;3.3;55;2010
The Silent Storm;Romance, Drama;5.3;484;2010
The Last Scout;Adventure, ScienceFiction, Drama, Mystery;4.2;2564;2010
Celui que nous laisserons;Music, Musical, Drama;6.8;105;2010
The ABCs of Death 2;Comedy, Horror;5.4;9438;2010
Fausse Route;Thriller, Drama, Mystery, Horror;5.3;3934;2010
L'homme qu'on aimait trop;Drama, Crime, Mystery;6.1;1942;2010
Mob Handed;Thriller;2.4;212;2010
In the Deep;Thriller, Mystery, Horror, Adventure;5.6;63265;2010
Mère;Comedy, Drama;7.2;89;2010
Tom le cancre;Adventure;4.2;13;2010
The Snare;Thriller, Mystery, Horror;5.3;10797;2010
Money;Thriller;6.5;492;2010
La French;Thriller, Action, Crime;7.1;12850;2010
Loin des hommes;Drama, War;7.2;9224;2010
Loubia Hamra;Drama;5.1;59;2010
Electricity;Drama;6.1;914;2010
Paris pieds nus;Comedy;6.3;3740;2010
Life Is a Trumpet;Comedy, Romance, Drama;6.3;467;2010
War Book;Drama;6.8;721;2010
The Hatching;Comedy, Thriller, ScienceFiction, Horror;4.0;966;2010
Le Transporteur: Héritage;Thriller, Action, Crime;5.2;46348;2010
Viktor;Thriller, Drama, Action, Mystery;3.8;574;2010
Brothers of War;Drama, War;4.4;326;2010
La règle du jeu;Comedy, Drama;6.8;19;2010
The Disappearance of Lenka Wood;Crime;3.0;314;2010
La légende des Kray;Drama, Crime;4.9;2180;2010
Barbie: Mariposa et le Royaume des fées;Fantasy, Family, Animation;6.2;2121;2010
L'Adulescent;Comedy;5.0;715;2010
Corbin Nash;Thriller, Action, Horror;4.3;5298;2010
Zomblogalypse;Comedy, Horror;2.9;271;2020
Noble Earth;Drama;5.7;51;2010
Eva ne dort pas;Drama;5.6;657;2010
Moi, Olga;Drama, Crime, History, Biography;6.6;2825;2010
The Anomaly;Thriller, ScienceFiction, Mystery, Action, Sci-Fi;4.7;7840;2010
Limonov. La ballade;Biography, Drama, History, Animation;5.9;940;2020
Blackbird;Drama;7.5;77;2010
The Trip to Italy;Comedy, Drama;6.6;16337;2010
L'affaire Jessica Fuller;Thriller, Drama, Crime, Mystery;4.6;5312;2010
Le Crocodile du Botswanga;Comedy;5.2;1721;2010
Buttercup Bill;Romance, , Drama;5.9;115;2010
American Nightmare 2: Anarchy;Thriller, Action, Horror, Sci-Fi;6.4;168057;2010
Le promeneur d'oiseau;Drama, Family;6.9;697;2010
Tu veux... ou tu veux pas?;Comedy, Romance;5.4;2433;2010
Bill;Comedy, Family, History;6.6;3497;2010
Peter Grimes on Aldeburgh Beach;Music;8.5;19;2010
12 ans d'âge;Comedy;5.2;119;2010
Juliette;Comedy, Drama;5.2;161;2010
For the Blinds;Fantasy, Adventure, ScienceFiction, Sci-Fi;6.3;21;2010
The Shadows: The Final Tour;Music, Unknown;7.8;24;2000
Un Hologramme pour le Roi;Comedy, Romance, Drama;6.1;48607;2010
Une merveilleuse histoire du temps;Romance, Drama, Biography;7.7;496805;2010
L'Avant-centre;Comedy, Romance, Drama;6.3;395;2010
100 Streets;Drama, Crime;5.8;4603;2010
Bypass;Thriller, Drama;5.6;355;2010
Kidon;Comedy, Action;5.1;353;2010
Le Sens de l'humour;Romance, Drama;6.3;83;2010
Eastern Boys;Romance, Drama, Crime;6.9;4005;2010
Ancient Demon Succubi;Thriller, Horror;3.4;28;2010
The Guvnors;Thriller, Crime;5.7;3490;2010
Doutes: Chronique du sentiment politique;Comedy, Drama;2.3;44;2010
Maintenant ou jamais;Drama, Crime;5.7;329;2010
Death of a Farmer;Drama;8.5;27;2010
Summer;Romance, Drama;6.3;3540;2010
SOS: Save Our Skins;Comedy, Horror;5.5;272;2010
Little Gay Boy;Fantasy, Drama;4.5;186;2010
Always in the Present;Drama;7.1;22;2010
Deadly Intent;Thriller, Drama, Mystery, Horror;3.7;336;2010
Une histoire banale;Drama;6.0;247;2010
Tigers;Thriller, Drama;7.2;1892;2010
La chair de ma chair;Drama;5.9;27;2010
Edge of the World;Adventure, Drama, History;5.4;3060;2020
Midnight Globe;Thriller;6.2;10;2010
Chronique d'un Affranchi;Thriller, Action, Crime;4.8;8;2010
Shongram;Drama, Action, History;6.3;108;2010
The Goob;Romance, Drama;5.7;1316;2010
Peterman;Thriller, Drama, Crime;5.8;126;2010
Adama;Adventure, Drama, War, Animation;6.7;367;2010
7 Cases;Thriller, Drama, Crime;3.3;216;2010
The Harry Hill Movie;Comedy, Adventure, Family;3.9;2479;2010
Avis de mistral;Comedy, Romance, Drama;6.6;4246;2010
Babysitting;Comedy;6.7;12757;2010
Mia madre;Drama;6.8;7904;2010
Criminal: Un espion dans la tête;Thriller, ScienceFiction, Crime, Action, Sci-Fi;6.3;73293;2010
Altamira;Drama, History, Biography;6.0;3185;2010
L'Armée du Salut;Drama;5.6;712;2010
Les vacances du petit Nicolas;Comedy, Family;6.2;3677;2010
Death Walks;Comedy, Mystery, Horror;3.9;820;2010
Le Grimoire d'Arkandias;Fantasy, Adventure, Comedy, Family;4.8;393;2010
The Thirteenth;, Horror;7.9;26;2010
Seul dans Berlin;Thriller, Drama, War, History;6.5;10257;2010
Oggy et les cafards;Comedy, Adventure, Family, Animation;6.4;1255;2010
Extinction;Thriller, Adventure, Action, Horror;3.1;1329;2010
Des étoiles;Drama;6.6;95;2010
L'Enquête;Thriller, Drama;6.6;1042;2010
Le Livre de la jungle;Animation, Adventure, Action, Family, Fantasy, Drama;7.3;299211;2010
À toute épreuve;Comedy;5.5;348;2010
La crypte;Drama;5.8;54;2010
La saison des femmes;Drama;7.5;6299;2010
Jasmine;Animation;6.9;45;2010
On a failli être amies;Comedy, Drama;5.8;596;2010
Adieu Marx;Comedy;5.2;18;2010
Spaceship;ScienceFiction, Drama;3.9;261;2010
Before I Disappear;Adventure, Drama;7.2;10312;2010
Mon âme par toi guérie;Drama;6.3;233;2010
Le Procès de Viviane Amsalem;Drama;7.7;7045;2010
Man Up;Comedy, Romance, Drama;6.8;58405;2010
The Beat Beneath My Feet;Comedy, Drama, Family;6.4;1948;2010
Gare du Nord;Romance, Drama, Comedy;6.0;297;2010
Love & Friendship;Comedy, Romance, Drama;6.4;27030;2010
Cruel Summer;Thriller, Drama, Horror;5.4;1126;2010
Appropriate Behavior;Comedy, Romance, Drama;6.5;4887;2010
Les suffragettes;Drama, History;6.9;45696;2010
Fonzy;Comedy;5.3;672;2010
Le garçon invisible;ScienceFiction, Adventure, Action, Comedy, Fantasy;6.2;4494;2010
Somnus;Thriller, Adventure, ScienceFiction, Sci-Fi;2.9;467;2010
We'll Never Have Paris;Comedy, Romance;4.6;3861;2010
The Program;Drama, Sport, Biography;6.5;19963;2010
sur Les Traces de Sarah Kane;Drama;4.2;380;2010
La niña de fuego;Thriller, Drama;7.2;7745;2010
Les trois frères, le retour;Comedy;4.8;1851;2010
Two Down;Comedy, Thriller, Crime;6.0;2081;2010
Papa lumière;Drama;5.2;70;2010
Ortega and His Enemies;Romance, Drama, Crime, Action;6.5;297;2010
Out of Innocence;Drama, Crime;7.4;98;2010
Le Grand Cirque mystique;Drama;5.2;668;2010
The Inbetweeners 2;Comedy;6.4;47902;2010
Lili Rose;Romance, Drama, Comedy;6.6;22;2010
Sous les jupes des filles;Comedy, Romance;5.3;2447;2010
L'Année prochaine;Drama;5.9;99;2010
Trois exercices d'interprétation;Drama;6.1;135;2010
El mudo;Comedy, , Drama;6.0;210;2010
Histoire de ma mort;Drama, History;6.3;873;2010
Métabolisme ou quand le soir tombe sur Bucarest;Drama;6.1;1208;2010
Mouton;Drama;5.8;156;2010
The Ugly One;Drama;5.9;58;2010
L'amour est un crime parfait;Thriller, Drama, Crime, Mystery;5.8;2214;2010
Folies Bergère;Comedy;6.4;1070;2010
Breaking the Bank;Comedy;4.8;1033;2010
Soundtrack to Sixteen;Comedy, Romance;5.8;318;2020
Fear of Water;Romance, Drama;5.3;413;2010
Jimmy's Hall;Drama, History, Biography;6.7;7156;2010
Torture;Horror;4.7;150;2020
Mea Culpa;Thriller, Action, Crime;6.1;3073;2010
Terrorism Considered as One of the Fine Arts;Fantasy, Drama, Crime, Documentary;7.2;16;2000
Les Francis;Comedy;4.3;400;2010
To Tokyo;Fantasy, Thriller, Drama, Horror;3.7;142;2010
Bastardo;Drama;7.0;110;2010
Cristo Rey;Romance, Drama, Action;5.8;200;2010
A Hitman in London;Action, Crime;3.9;2003;2010
Palestine Stereo;, Drama;5.2;162;2010
C.A.M.;Thriller, Horror, Sci-Fi;2.4;186;2020
Singing Women;Drama;6.1;752;2010
Jet Trash;Thriller, Drama;5.0;380;2010
Pasolini;Drama, History, Biography;5.9;4750;2010
The Bookshop;Drama;6.5;18238;2010
Diplomatie;Drama, War, History;7.1;6031;2010
Cryptic;Comedy, Horror;4.8;280;2010
Le Beau Monde;Comedy, Drama;5.9;315;2010
Girafada;Drama;6.3;317;2010
Marie Heurtin;Drama, Biography;7.5;1991;2010
Le dernier diamant;Thriller, Drama, Crime;6.3;1812;2010
David Brent: Life on the Road;Comedy, Music;6.3;22615;2010
Demon Baby;Thriller, Horror;3.1;1172;2010
Le Sud sinon Rien;Drama, Family;6.2;294;2010
The Last House on Cemetery Lane;Horror;3.3;1518;2010
Amour sur place ou à emporter;Comedy, Romance;4.6;394;2010
Qu'Allah bénisse la France;Drama;5.5;337;2010
Belle et Sébastien;Adventure, Drama, Family;6.9;5841;2010
Pleasure Island;Thriller, Drama, Crime;4.8;162;2010
Desierto;Thriller, Adventure, Drama, Action;6.1;11117;2010
Down Dog;Comedy;5.1;148;2010
Let Us Prey;Thriller, Drama, Horror;5.8;11414;2010
Le monde de Nathan;Romance, Drama;7.1;30832;2010
Seve: The Movie;Drama, Documentary, History, Biography;7.1;972;2010
L'Homme de Main: L'Ennemi Public #1;Drama, Crime, Action, Biography;5.4;2472;2010
Dusha shpiona;Thriller, Drama, Mystery;5.0;377;2010
Mum, Dad, Meet Sam;Comedy, Romance;4.3;126;2010
The Old, the Young & the Sea;Adventure, Action, Documentary, Biography;8.4;110;2010
Luther: Soleil déchu;Drama, Action, Crime;6.4;69409;2020
No Reasons;Thriller, Drama, Horror;3.3;828;2010
We Still Kill the Old Way;Comedy, Action, Crime;6.0;5305;2010
Honeytrap;Romance, Drama, Crime;5.9;857;2010
Les Anges du ciel;Thriller, Drama, Crime, War;4.0;850;2010
The Bird Catcher;Thriller, Drama, War;5.9;1988;2010
Un illustre inconnu;Thriller, Drama;6.7;2116;2010
The Carrier;Thriller, ScienceFiction, Horror, Action, Drama, Sci-Fi;3.9;1169;2010
Du goudron et des plumes;Comedy, Drama, Family;5.9;125;2010
Mr. Holmes;Drama, Crime, Family;6.8;69403;2010
Pride;Comedy, Drama, Biography;7.8;63596;2010
Tristesse Club;Comedy, Drama;6.0;613;2010
Appel inconnu;Thriller, Adventure, Crime, Action, Drama;6.6;11384;2010
Room;Thriller, Drama;8.1;467829;2010
Theeb: La naissance d'un chef;Thriller, Adventure, Drama;7.2;11773;2010
iBoy;ScienceFiction, Action, Crime, Sci-Fi;5.9;24842;2010
Les terrasses;Drama;5.8;87;2010
La Sapienza;Drama;6.5;1174;2010
Les Animaux fantastiques;Fantasy, Adventure, Family;7.2;525187;2010
My Feral Heart;Drama;6.9;466;2010
Blood Lust;Mystery, Horror;2.5;252;2010
Une nouvelle amie;Comedy, Romance, Drama;6.5;9346;2010
Xenia;Romance, Drama;6.7;4472;2010
Holidays in the Sun;Romance, Drama, Comedy;5.6;1128;2010
Norfolk;Thriller, Drama;4.2;258;2010
La rançon de la gloire;Comedy, Drama;5.7;947;2010
House of VHS;Fantasy, Mystery, Horror;2.6;194;2010
My Happy Ending;Comedy, Drama;5.3;532;2020
Breakfast with Jonny Wilkinson;Comedy;5.8;90;2010
Toxic Apocalypse;Thriller, Action;3.7;193;2010
Lou! Journal infime;Comedy;6.1;670;2010
Le Barbecue;Comedy;6.1;3331;2010
Palmiers dans la neige;Romance, Drama, History;7.3;12852;2010
Métamorphoses;Fantasy, Drama;5.3;921;2010
Arrête ou je continue;Comedy, Drama;5.8;542;2010
La liste de mes envies;Comedy, Drama;5.4;494;2010
Situation amoureuse: C'est compliqué;Comedy, Romance;5.4;1005;2010
96 heures;Thriller;5.6;433;2010
Mon amie Victoria;Drama;6.4;356;2010
Les combattants;Comedy, Adventure, Romance;6.6;6410;2010
Alliés;Drama, Action, War;5.1;1050;2010
Slow West;Western, Thriller, Adventure, Action, Romance, Drama;6.9;48949;2010
Small Town Hero;Drama, Crime;4.1;147;2010
Foals Live at the Royal Albert Hall;Music, Documentary;8.6;75;2010
Kids in Love;Romance, Drama;5.2;2031;2010
Alléluia;Thriller, Crime, Horror, Romance, Drama;6.2;3485;2010
Age of Kill;Action;3.8;912;2010
K-Shop;Thriller, Crime, Horror;5.9;2156;2010
Les châteaux de sable;Comedy, Romance, Drama;6.7;388;2010
Shooting for Socrates;Comedy, Drama, Sport;5.8;337;2010
National Theatre Live: Othello;Drama;8.2;196;2010
Papa Was Not a Rolling Stone;Comedy, Drama, Music;5.8;164;2010
Le dernier coup de marteau;Drama;6.6;544;2010
Cruella;Comedy, Adventure, Crime;7.3;281491;2020
Je ne suis pas lui;Drama;6.4;1316;2010
Le Jour de la comète;Comedy, Adventure, ScienceFiction, Fantasy;5.5;71;2010
La chambre bleue;Thriller, Mystery, Crime, Romance, Drama;6.3;3854;2010
Week-ends;Comedy, Drama;5.5;197;2010
Still the Water;Romance, Drama;6.7;3150;2010
Vincent et la fin du monde;Comedy, Drama;6.9;583;2010
Poltergeist Activity;Horror;2.5;967;2010
Quand je ne dors pas;Romance;8.0;103;2010
Stoner Express;Comedy;4.7;1082;2010
Dust on the Tongue;Drama;6.2;171;2010
Zombie Spring Breakers;Comedy, Action, Horror;3.3;1184;2010
The Fort;Drama, War;5.5;15;2020
A Wonderful Christmas Time;Comedy;5.5;129;2010
Brèves de comptoir;Comedy, Drama;5.1;197;2010
À 14 ans;Drama;4.9;205;2010
The Redwood Massacre;Horror;3.2;2464;2010
Hangar 10;Thriller, ScienceFiction, Horror, Sci-Fi;3.7;1692;2010
Survivor;Thriller, Action, Crime;5.6;36594;2010
Manpower;Drama;6.7;72;2010
Palma Real Motel;Romance, Drama;6.5;919;2010
SMS;Comedy;4.6;420;2010
La passion Van Gogh;History, Drama, Mystery, Animation;7.8;66201;2010
Paris of the North;Comedy, , Drama;6.3;427;2010
Carpe Diem: European Escapade;Comedy, Adventure, Drama, Thriller;6.7;33;2010
Zero;Comedy, Drama, Action;6.1;51;2010
The Devil Complex;Thriller, Horror;3.0;808;2010
Tale of Tales : Le Conte des contes;Fantasy, Romance, Drama, Horror;6.4;32333;2010
Moshi Monsters: Le film;Animation, Adventure, Family, Comedy, Fantasy;3.3;696;2010
Curse of the Phoenix;Horror;5.1;88;2010
My Bloody Banjo;Comedy, Fantasy, Horror;5.0;375;2010
Simon;Thriller, Drama, Horror;2.9;352;2010
Les Mille et Une Nuits : Volume 1 - L'Inquiet;Drama;6.9;2537;2010
In Circles;ScienceFiction, Drama, Mystery, Sci-Fi;3.6;295;2010
Feed the Devil;Thriller, Adventure, Horror;3.4;422;2010
Les héritiers;Comedy, Drama;7.1;2233;2010
The Autopsy of Jane Doe;Thriller, Mystery, Horror;6.8;153602;2010
Just Jim;Comedy, Thriller, Drama;5.7;2004;2010
Xmoor;Thriller, Horror;4.0;823;2010
Flowerman;Romance, Thriller, Drama;3.8;161;2010
The Falling;Thriller, Drama, Mystery;5.3;8499;2010
Sandow;Drama, Sport;6.7;16;2010
Mosquito: A Fistful of Bitcoins;Comedy, ScienceFiction, Western, Sci-Fi;6.8;56;2010
HHhH;Thriller, Biography, Action, War, History;6.4;19172;2010
The Sleeping Room;Horror;4.5;1126;2010
La Chute de Londres;Thriller, Action;5.9;175623;2010
À ceux qui nous ont offensés;Drama, Action, Crime;5.8;9440;2010
Banksy's Coming for Dinner;Unknown, Drama;3.9;24;2000
Le temps des rêves;Drama;6.3;1353;2010
This House;Comedy, , Drama;7.9;261;2010
Castles in the Sky;TVMovie, Biography, War, Drama, History;6.8;1258;2010
Coriolanus;Drama, War, History;8.4;2302;2010
War Horse;Drama, War;8.5;373;2010
La belle jeunesse;Romance, Drama;6.1;1331;2010
Still Alice;Drama;7.5;147216;2010
Le jour de mon retour;Adventure, Drama, Biography;6.0;10046;2010
MI-5 Infiltration;Thriller, Drama, Action;6.2;24432;2010
Seul contre tous;History, Drama, Sport, Biography;7.1;102924;2010
La prochaine fois je viserai le coeur;Thriller, Drama, Crime;6.4;3364;2010
Saint Bernard;Fantasy, Horror;5.3;237;2010
Residue;Drama, Mystery, Horror;5.3;2403;2010
The Lost Generation;Thriller, Horror;3.5;62;2010
Pan;Adventure, Action, Family, Comedy, Fantasy;5.7;68421;2010
L'apprenti Père Noël et le flocon magique;Comedy, Adventure, Family, Animation;6.2;326;2010
Essex Boys: Retribution;Crime;4.3;937;2010
Les amitiés invisibles;Thriller, Drama;5.6;415;2010
Révolution Zendj;Drama;6.0;52;2010
Nola Circus;Comedy;4.9;103;2010
Disparue en hiver;Thriller, Drama;5.5;174;2010
Audax;Adventure, ScienceFiction, Action, Sci-Fi;4.9;45;2010
Respire;Drama;7.0;8048;2010
Grimsby : Agent trop spécial;Comedy, Adventure, Action;6.2;115585;2010
Breakdown;Thriller, Drama, Action, Crime;5.0;912;2010
Goldfrapp: Tales of Us;Music;8.1;57;2010
Stan et Ollie;Comedy, Drama, Biography;7.2;40842;2010
A United Kingdom;Drama, History, Biography;6.9;17394;2010
The Liberator;Action;3.6;88;2010
Stefan Zweig, adieu l'Europe;Drama, History, Biography;6.7;2766;2010
N'importe qui;Comedy;5.0;674;2010
Samba;Comedy, Romance, Drama;6.7;17653;2010
Ablations;Thriller, Mystery;4.7;158;2010
Bébé Tigre;Drama;6.5;120;2010
Bon rétablissement!;Comedy;5.9;789;2010
Loulou, l'incroyable secret;Family, Animation;6.4;173;2010
Atlántida;Drama;6.2;110;2010
Cañada Morrison;Drama;6.6;330;2010
Fièvres;Drama, Family;6.6;115;2010
Discount;Comedy, Drama;6.2;570;2010
Je me tue à le dire;Comedy, Drama;6.4;234;2010
L'Oranais;Drama, History;6.9;207;2010
Le chagrin des oiseaux;Drama, War;7.1;18692;2010
Zama;Drama, History;6.7;7444;2010
Le mystère des jonquilles;Crime, Mystery;5.2;23;2010
I Superbiker 2 - The Showdown;Documentary, Sport;5.7;29;2010
The Time of Their Lives;Comedy;6.1;1265;2010
Quelques minutes après minuit;Fantasy, Adventure, Drama, Family;7.4;96526;2010
The Eye of Silence;Fantasy, Thriller, Drama, Horror;5.8;86;2010
Supercondriaque;Comedy;6.0;9548;2010
Avril et le monde truqué;Thriller, ScienceFiction, Animation, Adventure, Comedy, Fantasy;7.2;8751;2010
The First Line;Drama;4.7;334;2010
Happy;Comedy, Romance, Drama;4.9;281;2010
Away;Drama, Crime;6.4;2027;2010
Gaz de France;Comedy, ScienceFiction, Drama, Sci-Fi;5.5;280;2010
Boys Like Us;Comedy, Drama;5.4;154;2010
Le Grand homme;Drama;6.9;165;2010
Mrs. Brown's Boys D'Movie;Comedy;4.2;5654;2010
Desi Munde;Musical, Drama;3.6;14;2010
Elle l'adore;Comedy, Thriller, Drama;6.5;2031;2010
108 Rois-Démons;Adventure, Family, Animation;5.7;182;2010
L'affaire SK1;Drama, Crime;6.6;2933;2010
Bodybuilder;Comedy, Drama;6.1;703;2010
Gaby Baby Doll;Comedy, Romance, Drama;6.0;236;2010
Matilda, la comédie musicale;Comedy, Drama, Family, Fantasy;7.0;31200;2020
Shooting Clerks;Comedy, Drama, Biography;5.9;249;2010
Crystal's Shadow;Thriller, ScienceFiction, Mystery, Sci-Fi;3.5;591;2010
Captain Webb;Drama;5.6;127;2010
Francofonia, le Louvre sous l'Occupation;Drama, History;6.6;3076;2010
Vikings - L'âme des guerriers;Thriller, Adventure, Action, Horror;3.4;303;2010
The Last Sparks of Sundown;Comedy;8.0;13;2010
Hôtel;Comedy, Animation;7.2;34;2010
Where Is Anne Frank;Drama, Family, History, Animation;6.4;1938;2020
Mercuriales;Drama;6.1;426;2010
Set Fire to the Stars;Drama, History, Biography;5.8;1508;2010
Préjudice;Drama;6.5;522;2010
Damascus Cover;Thriller, Mystery;5.3;3404;2010
Patient Zero;Thriller, Drama, Action, Horror;4.6;10657;2010
Tuer un homme;Thriller, Drama, Crime;6.3;1677;2010
La malédiction du Queen Mary;Drama, Mystery, Horror;4.1;4640;2020
The Lobster;Romance, Drama, Comedy, Sci-Fi;7.1;319095;2010
Twink;Drama;4.8;87;2010
Nice 2 Meet U;Comedy, Romance, Drama;6.6;52;2010
La Légende du Golf;Romance, Drama, Biography;6.4;1417;2010
Les aveugles;Drama;7.2;1719;2010
The Gift;Thriller, Drama, Action;7.1;688;2010
The House of Him;Horror;5.3;231;2010
Criminals, le dernier casse;Crime;5.7;2369;2010
Maestro;Comedy, Drama;6.8;678;2010
The Unfolding;Thriller, Mystery, Horror;3.7;916;2010
Full English Breakfast;Thriller, Action, Crime, Mystery;2.7;609;2010
Mon roi;Romance, Drama;7.1;14679;2010
Le portail;Drama;6.3;392;2010
Retour à Ithaque;Comedy, Drama;6.5;876;2010
Vie sauvage;Drama;6.6;674;2010
Arnaud fait son 2e film;Comedy;5.7;141;2010
Ma ma;Drama;6.4;4920;2010
Zoe and the Astronaut;Romance, ScienceFiction, Drama, Sci-Fi;5.4;122;2010
Altar;Mystery, Horror;4.9;4324;2010
Lancaster Skies;Drama, Action, War;4.3;1777;2010
Mediterranea;Drama;6.6;1822;2010
L'apôtre;Drama;6.8;143;2010
Boots on the Ground;Horror;3.6;344;2010
Les Ponts de Sarajevo;Drama, Documentary;5.9;406;2010
Le Ciel du centaure;Drama;6.6;55;2010
Fastlife;Comedy;4.5;530;2010
L'enlèvement de Michel Houellebecq;Comedy, Drama;6.7;1482;2010
Valentin Valentin;Crime;5.5;251;2010
Wasp;Romance, Drama;5.3;1167;2010
Boxe;Romance, Drama;5.7;259;2010
L'Incomprise;Drama;6.6;1485;2010
Gholam;Thriller, Drama, Crime;5.5;473;2010
Hot Property;Comedy, Drama;4.2;285;2010
Welcome to Curiosity;Thriller;4.2;1686;2010
Angels in Notting Hill;Comedy, Drama, Fantasy;6.4;64;2010
The Lighthouse;Thriller, Horror, Drama, History;5.3;1225;2010
Mechanic: Résurrection;Thriller, Adventure, Action, Crime;5.7;98523;2010
Dead in a Week Or Your Money Back;Comedy, Drama, Action;6.3;7110;2010
La résistance de l'air;Thriller, Drama;5.7;630;2010
Gus Petit oiseau, grand voyage;Comedy, Adventure, Family, Animation;5.5;1922;2010
The Book of Gabrielle;Comedy, Drama;6.1;44;2010
Blood Moon;Western, Thriller, Horror;4.6;1168;2010
Le Père Noël;Comedy;6.3;885;2010
Douze printemps;Comedy, Drama, Family;6.3;115;2010
The Darkest Universe;Comedy, Romance, Drama, Mystery;5.5;244;2010
Les jours venus;Comedy, Drama;4.7;80;2010
Une aventure;Romance, , Drama;6.2;28;2010
64 minutes chrono;Thriller, Action, Crime;5.3;9718;2010
45 ans;Romance, Drama;7.1;35946;2010
Sing Street;Comedy, Romance, Drama, Music;7.9;104595;2010
Belgica;Drama;6.7;4864;2010
The Daniel Connection;Thriller, Mystery;4.8;70;2010
Port-au-Prince, dimanche 4 janvier;Drama;5.5;11;2010
La famille Bélier;Comedy, Drama, Music;7.3;30616;2010
The Mirror;Horror;4.3;1409;2010
Voix Off;Drama;6.0;137;2010
Chasing Wonders;Drama;5.4;258;2020
Mon frère s'appelle Robert et c'est un idiot;Drama, Crime;4.8;473;2010
Hungerford;ScienceFiction, Action, Horror, Sci-Fi;3.8;2449;2010
Alone;ScienceFiction, Drama, Horror, Sci-Fi;4.6;1340;2010
Nativity 3: Dude, Where's My Donkey?!;Comedy, Family;3.7;2262;2010
Containment;Thriller, ScienceFiction, Horror, Sci-Fi;4.9;3622;2010
Making Off;Crime, Horror;4.9;189;2010
Tear Me Apart;Romance, Thriller, Horror;4.5;325;2010
Submergence;Romance, Thriller, Drama;5.4;9608;2010
Éternité;Romance, Drama;5.5;1464;2010
L'exorcisme D'Anna Ecklund;Thriller, Drama, Horror;2.5;1243;2010
Geronimo;Romance, Drama;6.2;614;2010
Stratton;Thriller, Adventure, Action;4.8;5866;2010
Horseplay;Comedy, Crime;4.5;146;2010
London Road;Music, Thriller, Crime, Musical, Drama;5.3;2287;2010
Super Z;Comedy, Horror;5.0;108;2020
Essex Vendetta;Drama;2.8;214;2010
L'Ultime combat;Drama, Action, Sport;6.4;3260;2010
Kill Kane;Thriller, Action, Crime;3.8;1092;2010
Les gorilles;Comedy, Action;3.6;453;2010
Chic !;Comedy, Drama;5.6;537;2010
Us and Them;Thriller, Drama, Crime;5.2;818;2010
Home for Christmas;Comedy, Romance;5.4;380;2010
Contes italiens;Comedy, Romance, Drama, History;5.8;1050;2010
Plan Z;Horror;3.9;856;2010
Les chevaliers blancs;Drama;6.1;710;2010
24 jours, la vérité sur l'affaire Ilan Halimi;Thriller, Drama;6.3;748;2010
Shed of the Dead;Comedy, Horror;4.2;2620;2010
Un chat pour la vie;Drama, Family, Biography;7.3;35598;2010
Don't Hang Up;Thriller, Horror;5.6;17045;2010
Jamais de la vie;Drama;6.2;347;2010
Des Apaches;Drama;5.6;95;2010
Caprices;Comedy, Romance;6.0;1157;2010
Belles familles;Comedy, Romance, Drama;5.7;1065;2010
Don't Knock Twice;Fantasy, Drama, Horror;5.1;15366;2010
En terrain miné;Thriller, Biography, Adventure, War, Drama;7.1;14986;2010
Sword of Vengeance;Adventure, Drama, Action, History;4.4;2610;2010
Petroleum Spirit;, Thriller, Drama;6.5;28;2010
Divorce à la française;Comedy, Romance;4.4;653;2010
Soft Lad;Romance, Drama;5.8;1249;2010
Burn Burn Burn;Comedy, Drama;6.8;2144;2010
Bunnyman Vengeance;Horror;3.0;453;2010
Tainted Canvas;Romance, Drama;5.2;45;2020
Girls for Sale;Drama;4.3;96;2010
Bring Us Your Women;Music, History, Animation;4.8;63;2010
He Who Dares: Downing Street Siege;Thriller, Action, Crime;3.0;1097;2010
Alliés;Thriller, Action, War, Romance, Drama;7.1;175418;2010
The Epidemic;TVMovie, Adventure, Crime, Horror, Action, War, Fantasy;5.7;72;2020
The Xpose;Thriller, Mystery, Crime, Romance, Drama;3.4;1978;2010
Tiens-toi droite;Comedy;4.3;116;2010
Blood Father;Thriller, Drama, Action, Crime;6.4;69400;2010
L'Ombre des femmes;Romance, Drama;6.4;1607;2010
ID2: Shadwell Army;Drama, Action, Crime;4.6;1066;2010
Ivan and the Dogs;, Drama;6.4;270;2010
Insiders;Thriller, Adventure, Drama, Crime;6.2;7575;2010
La Statue de la Liberté naissance d'un symbole;Documentary, History, Biography;7.6;13;2010
Bande de filles;Drama;6.9;10339;2010
Thomas & Friends: Sodor's Legend of the Lost Treasure;Comedy, Adventure, Family, Animation;6.3;590;2010
Let's Be Evil;Thriller, ScienceFiction, Horror, Sci-Fi;3.8;5616;2010
L'olivier;Comedy, Drama;6.8;3908;2010
Seul sur Mars;Adventure, ScienceFiction, Drama, Sci-Fi;8.0;968076;2010
Angélique;Drama;6.4;1561;2010
The Dig;Drama, History, Biography;7.1;86053;2020
La tortue rouge;Fantasy, Drama, Family, Animation;7.5;40421;2010
Dealer;Thriller, Action, Crime;6.3;607;2010
Free Fall;Comedy, Drama;6.5;1377;2010
Voyage en Chine;Drama;6.5;235;2010
La Nuit Rebelle;Comedy, ;7.6;8;2010
Loin de mon père;Drama;5.4;248;2010
Hope;Drama;6.7;201;2010
Alias Maria;Drama, War;6.3;413;2010
Paranormal Bad Trip;Comedy, Drama, Fantasy, Horror;4.7;31;2010
Mad Love in New York;Drama, Crime;6.8;9784;2010
Le zoo;War, Adventure, Family, History;6.5;1508;2010
Looters, Tooters and Sawn-Off Shooters;Drama, Crime;2.9;259;2010
Learning to Breathe;Drama;5.6;70;2010
Kidnap Me;Comedy, Thriller, Romance, Crime;5.8;79;2010
Duty of Care;Comedy, Drama;6.6;20;2010
Clash of the Dead;Horror;3.2;370;2010
The Door;Thriller, Horror;5.3;20149;2010
Kicking Off;Comedy, Crime, Sport;3.7;347;2010
Kabullywood;Comedy, Drama, War;7.2;65;2010
Vue sur mer;Romance, Drama;5.3;23141;2010
War on Everyone: au-dessus des lois;Comedy, Action, Crime, Mystery;5.8;21023;2010
The Last Witness;Thriller, Drama, Crime, History;5.6;2132;2010
L'institutrice;Drama;6.6;1430;2010
Une mère;Drama, Mystery;5.1;85;2010
The Profs 2;Comedy;4.4;1846;2010
L'attente;Drama;6.5;2659;2010
Elle;Thriller, Drama, Crime;7.1;72981;2010
England Is Mine;Music, Drama, Biography;5.8;3949;2010
Mange tes morts;Thriller, Drama;6.3;528;2010
Fever;Drama, Crime;5.1;149;2010
Siege on Liperti Street;Thriller, Drama, Action;5.8;188;2010
American Honey;Romance, Adventure, Drama;7.0;48412;2010
The Lady in the Van;Comedy, Drama, Biography;6.7;33456;2010
Revolt;ScienceFiction, Action, Sci-Fi;5.3;10604;2010
À la recherche de Rohmer;Romance, Drama;5.1;53;2010
The Jesus Freak;Comedy, Action;5.3;25;2010
Le Casse;Thriller, Action, Crime, Mystery;5.5;21483;2010
Making It;Comedy, Drama;7.1;21;2010
Cordelia;Thriller, Drama, Horror;4.6;4483;2010
Au-delà des montagnes;Romance, Drama;6.9;6716;2010
Undercover Hooligan;Drama, Crime;4.0;452;2010
L'échappée belle;Comedy, Adventure, Romance, Drama;6.7;10225;2010
Lion;Drama, Biography;8.0;259531;2010
The Doo Dah Man;Drama;6.2;156;2010
Au fil d'Ariane;Comedy, Drama;5.5;390;2010
Survival Instinct;Thriller, Action, Horror;3.3;118;2010
The Wife;Drama;7.2;44292;2010
Les Naufragés du Fol Espoir;Unknown, Drama;7.4;17;2010
Gente de Bién;Drama;6.7;513;2010
Notre petite soeur;Drama, Family;7.6;17900;2010
Et maintenant nous sommes en vie;Romance, Drama;6.6;52;2010
Tempête;Drama;6.5;134;2010
Jungle;Thriller, Adventure, Drama, Biography;6.7;67299;2010
The Hippopotamus;Comedy;6.4;4456;2010
Diamant noir;Thriller, Drama, Crime;6.4;823;2010
Astérix : Le Domaine des dieux;Comedy, Adventure, Family, Animation;6.9;16234;2010
Les Nuits d'été;Comedy, Drama;5.9;114;2010
Where Horses Go to Die;Drama;7.3;87;2010
Mirinda, avant l'aurore;Drama;7.0;53;2010
The Gates of Vanity;, Thriller, Drama, Horror;5.6;45;2010
The Cutting Room;Thriller, Horror;3.4;487;2010
Amnesia;Drama;6.1;1222;2010
Love;Romance, Drama;6.1;71010;2010
Autumn Lights;Drama, Mystery;5.1;6695;2010
Les révoltés;Drama;5.5;47;2010
The Open;ScienceFiction, Drama, Sport, Sci-Fi;7.3;104;2010
Dark Signal;Thriller, Mystery, Horror;4.4;1620;2010
Dry;Drama;7.6;93;2010
Pauline;Thriller, Drama;6.5;1728;2010
Lucifer's Night;Thriller, Horror;2.8;117;2010
We Are Your Friends;Music, Romance, Drama, Comedy;6.2;41645;2010
Snuff Reel: When Death Becomes Art;Thriller, Horror;5.7;73;2010
La Tête haute;Drama;6.9;3967;2010
Le tout nouveau testament;Comedy, Drama, Fantasy;7.1;36294;2010
Mal de pierres;Romance, Drama;6.6;6959;2010
The Most Gigantic Lying Mouth of All Time;Music, TVMovie;8.0;43;2000
Curse of the Witching Tree;Horror;3.7;1610;2010
Men Who Save the World;Comedy, Drama;6.7;222;2010
The Kissing Booth;Comedy, Romance;5.9;98786;2010
Fidelio, l'odyssée d'Alice;Romance, Adventure, Drama, Comedy;6.4;937;2010
Near Death Experience;Comedy, Drama;5.9;379;2010
As a Prelude to Fear;Thriller, Mystery, Horror;3.8;775;2020
House of Afflictions;Thriller, Horror;3.6;132;2010
Même les souris vont au paradis;Animation, Adventure, Family, Comedy, Fantasy;6.7;875;2020
Au plus près du soleil;Drama;6.2;291;2010
Une famille à louer;Comedy, Romance;5.5;2466;2010
Je vous souhaite d'être follement aimée;Drama;6.5;126;2010
Transfert;Thriller, Adventure, Action, Mystery;2.5;695;2010
Une déflagration;Thriller, Drama;5.6;995;2010
Le nouveau;Comedy;6.7;1678;2010
Funny Cow;Comedy, Drama;6.5;2580;2010
3000 Nuits;Drama;7.1;1306;2010
Awaiting;Thriller, Drama, Horror;4.8;977;2010
The Conversations;Romance, Comedy, Drama, Fantasy, Sci-Fi;5.6;47;2010
Coulrophobia;Horror;2.3;156;2010
À trois on y va;Comedy, Romance;6.3;1252;2010
Hanging in There;Comedy, Drama;8.6;30;2010
Edith, en chemin vers son rêve;Adventure, Drama;6.6;2847;2010
Invasion Planet Earth;ScienceFiction, Adventure, Drama, Action;3.0;1506;2010
Family Film;Adventure, Drama;6.3;453;2010
Une Enfance;Drama;6.8;333;2010
Terre battue;Comedy, Drama, Sport;6.1;293;2010
Selective Listening;Comedy, Drama;4.1;125;2010
Fury Race;Drama, Action, Crime;3.0;314;2010
Borley Rectory;Drama, Documentary, Horror, Animation;5.7;592;2010
31;Thriller, Crime, Horror;5.1;24005;2010
Birds Like Us;Adventure, Family, Animation;4.6;330;2010
Seuls;ScienceFiction, Adventure, Horror, Family, Fantasy;5.1;1845;2010
Bang Gang;Romance, Drama;5.5;3546;2010
The Intent;Drama, Crime;4.4;962;2010
Two/One;Fantasy, Drama;6.0;700;2010
Pseudonym;Thriller, Drama, Horror;4.8;57;2010
Clémence;Romance;5.8;53;2000
Chronic;Drama;6.6;3731;2010
Max et Lenny;Drama;6.3;56;2010
La Dernière leçon;Drama, Family;6.8;334;2010
Les bêtises;Comedy;5.6;322;2010
The Statesman;Drama;5.0;30;2010
Les Chaises musicales;Comedy, Drama;5.7;384;2010
Harvest of the Dead;Horror;3.8;85;2010
Mune : Le Gardien de la Lune;Animation, Adventure, Family, Comedy, Fantasy;7.1;8467;2010
Gates of Darkness;Drama, Mystery, Horror;3.7;704;2010
How to Talk to Girls at Parties;Comedy, ScienceFiction, Romance, Music;5.7;12872;2010
Dumbo;Fantasy, Adventure, Family;6.2;85745;2010
ChickLit;Comedy;4.6;451;2010
My Lonely Me;Thriller, Musical, Drama, Music;5.6;603;2010
Pères, fils et autres histoires;Drama, Crime;6.2;432;2010
La stoffa dei sogni;Comedy;6.6;191;2010
Pikadero;Comedy, Drama;6.5;418;2010
Un jeune poète;Comedy, Adventure, Drama, ;6.0;160;2010
The Violators;Drama;6.0;542;2010
Tokyo Fiancée;Comedy, Romance, Drama;6.4;2275;2010
Microbe et gasoil;Comedy, Adventure, Drama;6.7;3206;2010
Dark Beacon;Thriller, Horror;3.6;1519;2010
Tarif de Nuit;Thriller, Horror;5.5;1654;2010
Baby Driver;Drama, Action, Crime;7.5;650946;2010
Country of Hotels;Drama, Mystery, Horror;5.1;67;2010
Ligne de Crédit;Drama;6.8;123;2010
Mile End;Thriller, Drama, Crime, Mystery;5.1;121;2010
Les âmes noires;Drama, Crime;6.8;3253;2010
On voulait tout casser;Comedy, Drama;5.6;411;2010
Les filles au Moyen Âge;Comedy;7.0;69;2010
Nos futurs;Comedy;6.1;641;2010
The Princess of France;Comedy, Romance, Drama;6.0;311;2010
Fort Buchanan;Comedy, Romance, Drama;5.2;192;2010
Mary Shelley;Romance, Drama, History, Biography;6.4;18596;2010
Quand les chevaux apprendront à pleurer;, Drama;5.8;86;2010
Los Hongos;Drama;6.5;460;2010
Redistributors;Thriller;3.9;324;2010
A Woman at Night;Drama, Mystery;7.8;285;2020
Rock'n Chili;Thriller, Adventure, Crime, Action, Comedy;4.1;3432;2010
Nos femmes;Comedy, Romance, Drama;5.2;581;2010
The Carer;Comedy, Drama;6.6;1477;2010
Hector;Drama;6.9;1838;2010
Alleycats;Thriller, Action;4.8;1066;2010
Benny t'aime très fort;Comedy, Thriller, Horror;5.6;3452;2010
Arrêtez-moi là;Drama;6.4;259;2010
Sur les traces de ma mère;Romance, Drama;7.4;43;2010
Sasquatch;Comedy;8.2;40;2010
By Any Name;Drama, Action, Mystery;4.2;174;2020
In a Year;Comedy, Romance, Drama;6.8;31;2010
L for Leisure;Comedy;6.0;175;2010
How Not to Work & Claim Benefits: (and Other Useful Information for Wasters);Comedy, Drama;6.3;223;2010
Next Level;Thriller, ScienceFiction, Adventure, Action, Sci-Fi;4.9;4211;2010
The Rezort;Thriller, Horror, Sci-Fi;5.3;9994;2010
Fox Trap;Mystery, Horror;4.4;643;2010
Happy Birthday, Toby Simpson;Comedy, Romance, Drama;6.1;281;2010
War of the Servers;ScienceFiction, Animation, Adventure, Action, Comedy, Drama;8.0;83;2000
Ciao Ciao;Drama;5.9;150;2010
Land;Drama;6.6;172;2010
Un début prometteur;Comedy, Drama;5.5;296;2010
The Black Prince;Drama, History;5.7;1106;2010
Mustang;Drama;7.6;41933;2010
Tsili;Drama, War;5.2;73;2010
Les Rois du monde;Comedy, Drama;5.1;122;2010
Sway;Drama;6.6;46;2010
Murder in Pacot;Drama;6.4;189;2010
One and Two;Fantasy, Thriller, Drama;5.2;2496;2010
John From;Drama;6.4;566;2010
Occupants;Thriller, ScienceFiction, Horror, Sci-Fi;5.0;1353;2010
Le Combat ordinaire;Drama;5.5;181;2010
Revanche;Thriller, Action;4.9;83;2010
On a marché sur Bangkok;Comedy, Adventure;4.4;476;2010
La 9e Vie de Louis Drax;Fantasy, Thriller, Drama, Mystery;6.3;15525;2010
La maison que Jack a bâtie;Thriller, Drama, Crime, Horror;6.8;99706;2010
History's Future;Drama;5.5;107;2010
Colonia;Drama, History, Biography;7.0;58572;2010
The Butchering;Thriller, Drama, Mystery, Horror;3.6;273;2010
The Book of Vision;History, Drama, Mystery;7.5;17983;2020
A Swan Lake;Music, Drama;7.7;52;2010
National Theatre Live: A Streetcar Named Desire;Drama;8.2;1195;2010
A Haunting at the Rectory;Drama, Horror;2.9;1014;2010
Ce sentiment de l'été;Drama;6.6;725;2010
21 nuits avec Pattie;Comedy, Drama, Mystery;6.2;690;2010
Solange et les vivants;Comedy, Drama;6.0;67;2010
Dark Show;Thriller, Drama, Horror;5.3;110;2010
Bis;Comedy, Fantasy;5.5;1880;2010
Je suis à vous tout de suite;Comedy, Drama;6.0;695;2010
The Tombs;Horror;3.2;327;2010
Radiator;Comedy, Drama;6.8;244;2010
L'amour ne pardonne pas;Romance, Drama;4.8;43;2010
Robin des Bois, la véritable histoire;Comedy, Adventure;4.2;536;2010
Le talent de mes amis;Comedy;5.1;477;2010
Adama;Drama;6.5;169;2010
Cosmos;Comedy, Drama, Crime, Fantasy;5.7;2254;2010
La fille du patron;Comedy, Romance, Drama;5.4;840;2010
Les loups;Drama;6.2;224;2010
Keeper;Romance, Drama;6.6;495;2010
Ma vie avec John F. Donovan;Drama;6.1;8056;2010
Un monde ailleurs;Thriller, Drama, Mystery;6.8;14;2020
Exodus to Shanghai;Adventure, Action, Comedy, Romance, Drama;6.0;111;2010
Wandering Hearts;Comedy, Romance;5.8;81;2010
Trois souvenirs de ma jeunesse;Romance, Drama;6.7;3891;2010
L'enfer de cristal;Adventure, Drama, Action;3.7;736;2010
Toni Erdmann;Comedy, Drama;7.3;53459;2010
The Blood Harvest;Horror;2.7;157;2010
North v South;Thriller, Crime;4.1;491;2010
Virtual Revolution;ScienceFiction, Action, Crime, Sci-Fi;5.1;2115;2010
Nous trois ou rien;Comedy, Drama;7.2;2814;2010
Ange & Gabrielle;Comedy, Romance;5.8;1127;2010
Un homme idéal;Thriller, Drama;6.8;5107;2010
Light Years;Drama;6.2;84;2010
Cruel;Crime, Horror;6.3;273;2010
Firebird;Romance, Drama, War, Biography;7.1;13954;2020
La chute des frères Krays;Thriller, Crime;4.6;769;2010
Une histoire de fou;Drama, History;6.8;684;2010
Shine;Music, Drama;4.6;253;2010
Arthur et Merlin;Fantasy, Adventure, Family;4.4;1600;2010
The Pyramid Texts;Drama;8.4;43;2010
Ali and Nino;Romance, Drama, War;6.8;11537;2010
Foujita;Drama, History, Biography;6.1;104;2010
La Particule humaine;ScienceFiction, Drama, Sci-Fi;6.1;1710;2010
Andròn: Le Labyrinthe Noir;ScienceFiction, Action, Sci-Fi;2.7;3258;2010
Shakespeare's Globe: A Midsummer Night's Dream;Comedy, Fantasy;8.4;202;2010
Realive;ScienceFiction, Drama, Sci-Fi;5.9;5656;2010
Hostile;Fantasy, Drama, Action, Horror;5.8;119;2010
Je suis mort mais j'ai des amis;Comedy;6.3;409;2010
Monochrome;Thriller, Drama;4.9;221;2010
Papa ou maman;Comedy, Romance, Drama;6.0;5143;2010
Une prière avant l'aube;Drama, Action, Crime, Biography;6.8;27322;2010
In Extremis;Thriller, Horror;4.5;583;2010
Dheepan;Drama, Crime;7.2;17524;2010
Dark Sense;Thriller;4.9;393;2010
L'Elu;Drama, War;5.3;1113;2010
Canaries;Comedy, ScienceFiction, Horror, Sci-Fi;3.7;667;2010
Robot World;Thriller, ScienceFiction, Sci-Fi;3.8;499;2010
Belle et Sébastien : L'aventure continue;Adventure, Family;6.6;1807;2010
Le goût des merveilles;Comedy, Romance, Drama;6.8;3567;2010
Je ne suis pas un salaud;Drama;6.5;597;2010
Lolo;Comedy;5.7;4533;2010
Un homme coréen;Drama;5.6;42;2010
Black Stone;Drama;6.2;100;2010
Love Is Thicker Than Water;Comedy, Romance, Drama;5.8;487;2010
The Return;Thriller, Crime, Mystery;6.6;49;2010
American Nightmare 3 : Élections;Thriller, Action, Horror, Sci-Fi;6.0;115256;2010
El Arca de Noé;Comedy, ScienceFiction, Drama, Sci-Fi;5.5;53;2010
Lamia;Drama;5.9;11;2010
Coração Atlântico;Drama;8.1;9;2010
The Honourable Rebel;Drama, History, Biography;7.2;12;2010
Deep;Comedy, Adventure, Family, Animation;4.2;1681;2010
Sky;Romance, Drama;5.8;2484;2010
Braqueurs d'élite;Thriller, Adventure, Action, Crime;5.5;12173;2010
Bons baisers du tueur;Thriller, Drama, Crime, Mystery;5.8;17626;2020
Crow;Fantasy, Thriller, Horror;4.4;252;2010
Le Convoi;Thriller, Drama, Action;5.4;884;2010
Être;Drama;5.3;54;2010
Valley of Love;Fantasy, Drama;6.1;2399;2010
Shopping Channels;Comedy, Romance;6.8;6;2010
Les Animaux fantastiques : Les Crimes de Grindelwald;Fantasy, Adventure, Family;6.5;321415;2010
Les Animaux fantastiques : Les Secrets de Dumbledore;Fantasy, Adventure, Family;6.2;183851;2020
Lord of the Dance: Dangerous Games;Music;6.4;115;2010
London House;Thriller, Drama;6.1;11419;2010
Ixcanul;Drama;7.1;3359;2010
Florence Foster Jenkins;Comedy, Drama, Biography;6.8;61056;2010
2:Hrs;Adventure, ScienceFiction, Family;4.1;1028;2010
Robert the Doll;Drama, Mystery, Horror;3.0;3125;2010
Cold Ground;ScienceFiction, Mystery, Horror, Sci-Fi;5.0;6783;2010
King John;Drama, History;7.7;59;2010
Blood Orange;Thriller;4.4;918;2010
Even Lambs Have Teeth;Thriller, Horror;5.1;3548;2010
Le lendemain;Drama;6.5;1893;2010
Cleaver: Rise of the Killer Clown;Horror;3.9;248;2010
Parfum de printemps;Comedy;6.9;113;2010
Replicas;Thriller, ScienceFiction, Action, Drama, Sci-Fi;5.5;43744;2010
Sous X;Drama;4.8;49;2010
Dieu, ma mère et moi;Comedy, Drama;5.7;752;2010
Tin;Drama;5.5;65;2010
Criminal Audition;Comedy, Thriller, Drama, Mystery;4.0;320;2010
The Last Boy;ScienceFiction, Mystery, Fantasy, Drama, Sci-Fi;4.8;10449;2010
Free Fire;Comedy, Action, Crime, Mystery;6.3;52238;2010
Par accident;Drama;6.1;146;2010
L'oeil du cyclone;Drama;7.5;77;2010
L'effet aquatique;Comedy, Romance, Drama;6.2;1148;2010
Et ta soeur;Comedy, Romance, Drama;5.4;533;2010
Qui c'est les plus forts?;Comedy, Drama, Music;5.3;222;2010
Floride;Comedy, Drama;6.5;798;2010
Comme un avion;Comedy, Drama;6.5;1725;2010
Repas de famille;Comedy;3.4;110;2010
Papagajka;Thriller, Drama, Mystery;6.8;67;2010
The Liberation of Skopje;Drama, War;6.4;424;2010
Une histoire américaine;Comedy, Romance, Drama;5.7;100;2010
Un Français;Drama;6.2;1127;2010
Kommunisten;Drama;6.1;202;2010
The Redeeming;Thriller, Drama, Mystery;4.4;460;2010
The Rizen;ScienceFiction, Action, Horror, Sci-Fi;3.4;444;2010
Vers l'autre rive;Fantasy, Romance, Drama;6.3;2095;2010
Les deux amis;Comedy, Romance, Drama;5.9;2251;2010
VS.;Music, Drama;5.9;531;2010
A Room to Die For;Thriller, Horror;3.6;437;2010
Nos vies après eux;Comedy;6.1;13037;2010
The Crucifixion;Thriller, Mystery, Horror;5.1;9833;2010
Late Summer;Thriller, Drama, Mystery;5.2;382;2010
Achoura La Nuit des Enfants;Fantasy, Thriller, Horror;4.9;534;2010
Opération Anthropoid;Thriller, Action, War, Drama, History;7.2;56985;2010
The Passing;Drama;6.0;420;2010
Comment je suis devenue une jeune femme influente;Comedy;6.0;5286;2010
Jason Bourne;Thriller, Action, Mystery;6.6;250231;2010
Unhallowed Ground;Thriller, Horror;3.5;378;2010
Playmobil, le Film;Comedy, Adventure, Family, Animation;4.9;5002;2010
Things of the Aimless Wanderer;Drama;6.7;34;2010
Adult Life Skills;Comedy, Drama;6.3;4283;2010
The White King;ScienceFiction, Drama, Sci-Fi;5.5;4826;2010
Jean-François and the Meaning of Life;Comedy, Adventure, Family;6.2;156;2010
Taj Mahal;Thriller;5.4;825;2010
Toro;Thriller, Drama, Action, Crime;5.9;3548;2010
Baden Baden;Comedy, Drama;6.5;815;2010
Arès;Thriller, ScienceFiction, Drama, Sci-Fi;6.2;4622;2010
L'hermine;Comedy, Romance, Drama, Crime;6.5;2459;2010
Les Veuves;Thriller, Drama, Crime;6.8;106872;2010
Faire Connaissance avec la France;Drama;6.6;786;2010
Virus of the Dead;Thriller, Action, Horror;2.5;284;2010
Les cowboys;Western, Thriller, Drama;6.7;2293;2010
Au nom de ma fille;Drama, Crime, Biography;7.1;3785;2010
En équilibre;Drama;6.4;842;2010
Plouf Olly Plouf et le Trésor des pirates;Family, Animation;5.2;56;2010
Drink Me;Thriller, Drama, Horror;3.7;261;2010
Antigang;Drama, Action, Crime;5.7;4440;2010
The Transparent Woman;, Thriller, Horror;5.0;83;2010
Le Dernier Duel;Action, Thriller, Drama, History;7.3;195615;2020
Anton Tchékhov 1890;Drama, History, Biography;6.3;312;2010
Entre Amis;Comedy, Drama;4.9;817;2010
Cannibals and Carpet Fitters;Comedy, Horror;5.2;975;2010
Good Luck Algeria;Comedy, Sport;5.9;357;2010
From Here to Eternity: The Musical;Music, Musical, Drama, War;7.3;84;2010
Toute première fois;Comedy, Romance;5.9;1961;2010
Crache-coeur;Drama;5.7;147;2010
Video Killer;Horror;3.8;48;2010
National Theatre Live: Medea;Fantasy, Drama;8.0;232;2010
National Theatre Live: John;Drama;7.8;28;2010
The Witch;Fantasy, Drama, Mystery, Horror;7.0;331968;2010
The Snarling;Comedy, Fantasy, Horror;4.5;597;2010
Les secrets de mon père;Drama, History, Animation;6.6;135;2020
Cat Skin;Romance, Drama;5.8;354;2010
La nuit a dévoré le monde;Thriller, Drama, Horror;6.0;17581;2010
18% Grey;Drama;5.7;272;2020
Tout, tout de suite;Thriller, Drama;6.4;171;2010
Under the Shadow;Fantasy, Drama, War, Horror;6.8;31235;2010
Give Them Wings;Drama;6.0;117;2020
Demi;Drama;6.6;14;2010
Chuck Steel: Night Of The Trampires;Comedy, Action, Horror, Animation;6.8;725;2010
Nikdy nejsme sami;Drama;5.7;124;2010
It Came from the Desert;Comedy, Adventure, Action, Horror;4.3;2001;2010
Évolution;Drama, Mystery, Horror;5.9;7816;2010
The Young Lady;Romance, Drama;6.8;28797;2010
Jim Davidson: No Further Action - Back & Live;Comedy;8.0;14;2010
Les délices de Tokyo;Drama;7.4;13552;2010
Strangeways Here We Come;Comedy, Crime;5.3;579;2010
L'odeur de la mandarine;Romance, Drama, History;6.3;382;2010
I Am Not a Serial Killer;Thriller, Mystery, Crime, Horror, Drama;6.2;16525;2010
L'échappée belle;Drama;6.1;213;2010
Paris-Willouby;Comedy, Drama;5.2;294;2010
Malgré la nuit;Drama, Mystery, Horror;5.8;609;2010
Hollower;Thriller, Horror;4.1;237;2010
NN;Drama;6.5;167;2010
Quand on a 17 ans;Romance, Drama;7.2;7570;2010
Bonded by Blood 2;Thriller, Drama, Crime;4.8;2227;2010
The Mysterious Death of Pérola;Thriller, Mystery, Horror, Fantasy, Drama;7.9;92;2010
Parallel;Thriller, Drama, Mystery;5.6;48;2010
Asphalte;Comedy, Drama;7.0;3738;2010
16/03;Drama, Action, History;4.5;143;2010
Golden Years;Comedy, Action, Crime;6.1;1368;2010
The Creature Below;ScienceFiction, Horror, Sci-Fi;3.7;1453;2010
Detour;Thriller, Action;6.2;6742;2010
Arcadia;Thriller, ScienceFiction, Action, Sci-Fi;4.2;345;2010
To Dream;Drama;5.2;107;2010
Enragés;Thriller, Mystery, Crime, Action, Drama;5.8;1993;2010
Pumpkins;Horror;2.6;295;2010
Extraction;Thriller, Action;4.1;12249;2010
Polina, danser sa vie;Drama;6.7;2022;2010
Ma vie de chat;Comedy, Drama, Family, Fantasy;5.3;25170;2010
A Love You;Comedy, Romance;5.3;257;2010
Tout pour être heureux;Comedy, Drama;6.2;596;2010
Face à la nuit;ScienceFiction, Drama, Crime, Sci-Fi;6.3;2251;2010
FirstBorn;Horror;4.8;2031;2010
Babysitting 2;Comedy;6.4;7957;2010
Vendeur;Comedy, Drama;5.9;209;2010
À Peine J'ouvre les Yeux;Music, Drama;6.7;1496;2010
Stanley a Man of Variety;Comedy;6.3;98;2010
Le dîner des vampires;Comedy, Action, Horror;5.4;3413;2010
The Gatehouse;Fantasy, Adventure, Drama, Horror;4.7;309;2010
The Marriage of Reason & Squalor;Comedy, Drama, Fantasy;5.5;69;2010
My Cousin Rachel;Romance, Drama, Mystery;6.0;21644;2010
We Still Steal the Old Way;Comedy, Drama, Action, Crime;5.2;1391;2010
The Collaborators;Drama, Crime;6.8;43;2010
Smoking Guns;Comedy, Drama, Crime;5.1;2050;2010
Lies We Tell;Romance, Thriller, Crime;4.2;698;2010
Arctic Dogs : Mission polaire;Comedy, Adventure, Animation;4.9;2397;2010
Ni le ciel ni la terre;Fantasy, Drama, War, Mystery;6.3;1243;2010
Animals;Comedy, Drama;6.0;2361;2010
Samouraï Academy;Western, Animation, Adventure, Action, Family, Comedy;5.8;7128;2020
Faut pas lui dire;Comedy, Romance;5.0;555;2010
Cerise;Comedy;5.5;229;2010
Les Malheurs de Sophie;Comedy, Drama, Family;5.3;462;2010
Éperdument;Romance, Drama, Biography;5.9;2637;2010
Marie et les naufragés;Comedy;6.1;241;2010
Marguerite;Comedy, Drama, Music;6.9;5769;2010
Marguerite et Julien;Romance, Drama, History;5.2;1145;2010
La loi du marché;Drama;6.8;6984;2010
Dégradé;Comedy, Drama;6.5;370;2010
Cord;Fantasy, Romance, ScienceFiction, Horror;4.2;196;2010
Bientôt les jours heureux;Drama;4.8;170;2010
Hannah;Drama;5.9;1441;2010
The Oath (Le serment d'Hippocrate);Thriller, Drama, Crime;6.4;2552;2010
After Louise;Comedy, Drama;5.8;72;2010
Hallows Eve;Thriller, Horror;3.8;283;2010
La femme du fossoyeur;Drama;6.4;834;2020
Salt and Fire;Thriller, Adventure, Drama, Action;4.2;3090;2010
Off Piste;Thriller, Drama, Action;4.6;918;2010
Native;ScienceFiction, Drama, Sci-Fi;4.3;585;2010
Aux;Thriller, Action, Horror;4.3;436;2010
Porto;Romance, Drama;6.0;2374;2010
Rosalie Blum;Comedy;6.8;1408;2010
Instant Death;Action, Crime;4.2;744;2010
Under Control;Thriller, Action, Mystery;4.5;1421;2010
Antihuman;ScienceFiction, Drama, Horror, Sci-Fi;2.2;194;2010
Le Hobbit: Le Retour du Roi du Cantal;Comedy, Adventure;7.2;16;2010
Iron Arm : Le Justicier de fer;ScienceFiction, Action;3.7;365;2010
Poésie sans fin;Fantasy, Drama, History, Biography;7.5;6839;2010
A Reykjavík Porno;Thriller, Drama;5.3;26;2010
100 Bullets;Drama, Action, Crime;4.4;129;2010
Long Live the Bride;Drama;6.2;68;2010
The Marker;Thriller, Crime;5.2;522;2010
L'ombre de la violence;Thriller, Drama, Crime;6.8;7908;2010
Terminal;Thriller, Crime, Action, Comedy, Drama;5.4;26315;2010
Les anarchistes;Thriller, Drama, History;5.7;1113;2010
Connasse, princesse des coeurs;Comedy;5.6;1653;2010
Sieranevada;Comedy, Drama;7.3;5946;2010
Fatima;Drama, Family;6.5;1550;2010
Mort à Sarajevo;Drama;6.3;1397;2010
Les nouvelles aventures d'Aladin;Comedy, Adventure, Fantasy;4.8;2813;2010
Les ogres;Drama;6.9;818;2010
À tous les vents du ciel;Drama;6.0;83;2010
La taularde;Drama;6.2;408;2010
Un peu, beaucoup, aveuglément;Comedy, Romance, Drama;6.6;7282;2010
La vanité;Comedy, Drama;6.4;251;2010
La rivière sans fin;Drama;5.2;273;2010
Going to Brazil;Comedy, Drama;5.0;903;2010
Cessez-le-feu;Drama, History;6.1;554;2010
Peace to Us in Our Dreams;Drama;6.1;478;2010
Paddington 2;Comedy, Adventure, Family;7.8;105943;2010
Une Rébellion Ordinaire;Drama;5.3;237;2010
Le Combattant;Drama, History, Biography;5.5;7960;2020
Tank 432;Thriller, Action, Mystery, Horror;3.3;2095;2010
SAS: Rise of the Black Swan;Thriller, Drama, Action;5.3;22619;2020
Moth;Thriller, Drama, Mystery, Horror;2.8;970;2010
Je suis un soldat;Drama;6.0;388;2010
Caught;Horror, Sci-Fi;4.3;834;2010
The Receptionist;Drama;6.5;289;2010
Fallen Soldiers;Mystery, Horror;4.5;102;2010
My Pure Land;Thriller, Drama;6.3;363;2010
Grindsploitation;Action, Crime, Horror;4.6;243;2010
Tout de suite maintenant;Comedy, Romance, Drama;5.7;419;2010
Alberto Giacometti, the Final Portrait;Comedy, Drama, History, Biography;6.2;6242;2010
Le chant du merle;Romance, Drama;6.0;17;2010
Aaaaaaaah!;Comedy, Thriller, Horror;4.5;991;2010
Burning Birds;, Drama;6.9;114;2010
Arrête ton cinéma!;Comedy;5.0;213;2010
D'une pierre deux coups;Drama;4.8;85;2010
Le coeur régulier;Drama;5.9;156;2010
La vache;Comedy, Adventure, Drama;6.7;2883;2010
The Wasting;Fantasy, Thriller, Drama;3.9;185;2010
La Tour 2 contrôle infernale;Comedy;4.2;931;2010
Le trésor;Comedy;6.6;3273;2010
Martin Eden;Romance, Drama;7.0;8264;2010
Maintenant ils peuvent venir;Drama, War;7.1;106;2010
Aylesbury Dead;Horror;4.5;39;2010
The Rizen: Possession;ScienceFiction, Action, Horror, Sci-Fi;3.3;262;2010
Le Train de Sel et de Sucre;Adventure, Drama, War;6.4;196;2010
Starfish;Drama, Biography;6.6;808;2010
Mercenaire;Drama, Sport;6.5;780;2010
Je compte sur vous;Thriller, Biography, Crime, Comedy, Drama;5.7;424;2010
Pattaya;Comedy;4.8;1989;2010
Amor;Drama;6.3;24;2010
Tout schuss;Comedy;4.1;380;2010
Finding Your Feet;Music, Romance, Family, Comedy, Drama;6.8;7578;2010
Miss Sloane;Thriller, Drama;7.5;86053;2010
Les oiseaux de passage;Family;6.3;173;2010
The Last Girl : Celle qui a tous les dons;ScienceFiction, Adventure, Horror, Action, Drama;6.6;66740;2010
Chasseuse de géants;Fantasy, Thriller, Drama;6.1;33508;2010
Un Petit Boulot;Comedy, Action, Crime;6.4;1985;2010
Dobaara: See Your Evil;Mystery, Horror;3.8;494;2010
Les Heures sombres;Drama, History, Biography;7.4;231341;2010
Le Merveilleux Jardin secret de Bella Brown;Comedy, Romance, Drama, Fantasy;6.9;13912;2010
The Misfortunes of François Jane;, Drama;6.7;12;2010
L'âme du tigre;Drama;6.4;27;2010
Blind Sun;Mystery;5.3;1684;2010
The Haunted;Thriller, Mystery, Horror;3.8;737;2010
Origine Inconnue;Thriller, ScienceFiction, Action, Sci-Fi;4.3;10345;2010
Jean-Christophe & Winnie;Adventure, Family, Comedy, Drama, Fantasy;7.2;88020;2010
With Love from Suffolk;Comedy, Romance, Drama;6.4;93;2010
Comment c'est loin;Comedy, Drama, Music;6.9;2210;2010
Aftermath;Thriller, Drama, Mystery;5.7;27776;2010
Jeff Lynne's ELO at Hyde Park;Music;8.7;76;2010
Eliminators;Thriller, Action;5.6;5084;2010
Saint Amour;Comedy, Drama;6.0;1631;2010
Break;Drama, Crime, Sport;4.8;285;2020
A Christmas Star;Comedy, Family;5.1;2132;2010
Blood Money;Thriller, Drama, Mystery, Horror;4.1;581;2010
Iona;Drama;5.3;371;2010
Women;Thriller, Drama, Crime, Horror;4.3;821;2020
L'Enquête;Thriller, Drama, Crime;6.2;2491;2010
Deadman Apocalypse;Adventure, Action, Sci-Fi;2.2;284;2010
Le secret des banquises;Comedy, Romance, Drama, ScienceFiction;5.2;1190;2010
Essex Boys: Law of Survival;Adventure, Drama, Action, Crime;2.9;928;2010
Shakespeare's Globe Theatre: Antony & Cleopatra;Romance, , Drama, History;8.0;26;2010
National Theatre Live: Everyman;Comedy, , Drama, Music;7.4;97;2010
Jeunesse;Drama;5.8;73;2010
Nekros;Thriller;4.8;50;2010
Peterloo;Drama, History;6.5;5756;2010
Zk3;Mystery, Horror;4.2;40;2010
Access All Areas;Comedy, Drama, Music;4.7;264;2010
Encore heureux;Comedy, Drama;5.6;464;2010
L'étage du dessous;Drama;6.4;1081;2010
Folles de joie;Comedy, Drama;7.1;10500;2010
Battle of the Sexes;Comedy, Drama, History, Biography;6.7;61942;2010
National Theatre Live: The Hard Problem;Drama;7.5;81;2010
Amis publics;Comedy, Drama, Crime;4.9;524;2010
La femme de la plaque argentique;Fantasy, Romance, Drama, Horror;5.7;1040;2010
Venise sous la neige;Comedy, Drama;5.2;73;2010
By Our Selves;Drama, Documentary;6.4;126;2010
La fille inconnue;Thriller, Drama, Crime, Mystery;6.5;10760;2010
La Danseuse;Drama, History, Biography;6.5;2864;2010
Masaan;Drama;8.1;33108;2010
Les Elues;Drama;6.7;2144;2010
Le voyage au Groenland;Comedy, Drama;6.3;1446;2010
Dans les forêts de Sibérie;Adventure, Drama;7.0;1503;2010
Peaches;Comedy, ScienceFiction, Romance, Fantasy;5.9;88;2010
Le procès du siècle;Drama, History, Biography;6.8;24439;2010
Juste la fin du monde;Drama;6.8;25823;2010
Les confessions;Thriller, Drama, Mystery;6.1;2011;2010
The Silence of the River;Drama;8.0;48;2010
Kingsman : Le Cercle d'or;Comedy, Adventure, Action;6.7;385448;2010
The Warriors Gate;Adventure, Action, Family, Comedy, Fantasy;5.4;5861;2010
Preternatural;Comedy, Mystery, Horror;4.8;93;2010
L'Apprenti Bourreau;Drama;6.6;1852;2010
How to Fake a War;Comedy;4.5;404;2010
Forever Tomorrow;Drama;6.6;181;2010
Vampires: Lucas Rising;, Horror;3.5;145;2010
Nuit de Grève;Drama;5.4;17;2010
Lords of Chaos;Music, Thriller, Biography, Horror, Drama;6.6;21135;2010
Loving;Romance, Drama, Biography;7.0;37892;2010
Sya;Comedy, Thriller, Mystery;7.5;13;2010
Walk with Me;Romance, Drama, War;6.5;447;2010
La Dream Team;Comedy, Sport;5.5;852;2010
Homeless Ashes;Drama;5.9;2222;2010
Planétarium;Fantasy, Drama, Mystery;4.6;3976;2010
Stones;Music, Romance, Drama;8.4;22;2010
We Are the Flesh;Fantasy, Drama, Horror;4.7;3622;2010
Much Loved;Drama;6.2;3193;2010
The Con Is On;Comedy, Crime;3.8;9034;2010
La Mort de Staline;Comedy, Drama, History;7.3;120508;2010
Mad to Be Normal;Drama, History, Biography;6.0;1867;2010
Les Mille et Une Nuits : Volume 2 - Le Désolé;Romance, Drama;7.0;1683;2010
Les Mille et Une Nuit : Volume 3 - L'Enchanté;Drama;6.4;1367;2010
Fahim;Comedy, Drama, Family, Biography;6.9;1947;2010
#Flora63;Comedy, Romance, Drama;6.3;3212;2010
The Sitter;Mystery, Horror;4.2;600;2010
Neruda;Drama, Crime, Biography;6.8;11325;2010
Un homme à la hauteur;Comedy, Romance, Drama;6.3;9607;2010
Voir du pays;Drama, War;6.2;885;2010
KillerSaurus;ScienceFiction, Adventure, Horror, Action, Comedy;2.5;177;2010
Cro Man;Comedy, Adventure, Family, Animation;6.1;24709;2010
Dearest Sister;Drama, Horror;5.9;492;2010
Scott and Sid;Comedy, Drama;5.9;4755;2020
Eye on Juliet;Romance, Drama;6.4;615;2010
6 Days;Thriller, Drama, Action, History;6.2;25947;2010
The Cold Front;Thriller, Drama, Crime, Mystery;5.4;385;2010
Ghosts of Darkness;Comedy, Mystery, Horror;4.6;1192;2010
Mountain Fever;Thriller, Drama, Horror;3.5;331;2010
The Young Offenders;Comedy, Adventure, Crime;7.1;13637;2010
Personal Shopper;Thriller, Drama, Mystery;6.1;44758;2010
Les beaux jours d'Aranjuez;Drama;4.5;712;2010
The Cannibal in the Jungle;ScienceFiction, Crime, Horror, Sci-Fi;6.0;440;2010
Motherfuckers;ScienceFiction, Animation, Crime, Action, Comedy;6.7;5435;2010
I Am Hooligan;Thriller, Drama, Action, Crime;2.4;332;2010
La nouvelle vie de Paul Sneijder;Drama;6.7;584;2010
Trahisons;Romance, Drama, War, History;6.8;16235;2010
Girls with Balls;Comedy, Horror;4.0;3911;2010
Ma Loute;Comedy, Fantasy;6.0;5023;2010
The Last Photograph;Drama, Family;5.7;248;2010
Le petit vampire;Animation, Adventure, Family, Comedy, Fantasy;5.5;2064;2010
L'ange blessé;Drama;6.6;297;2010
Apostasy;Drama;6.9;2697;2010
Divines;Drama, Crime;7.3;10791;2010
Robinson Crusoé;Comedy, Adventure, Family, Animation;5.4;6866;2010
Dofus - Livre 1: Julith;Animation, Adventure, Action, Comedy, Fantasy;7.5;851;2010
Golem, le tueur de Londres;Thriller, Horror, Crime, Mystery;6.3;24053;2010
CTRL;Thriller, ScienceFiction, Horror, Sci-Fi;2.7;227;2010
Babai, mon père;Drama;6.3;597;2010
La Peur;Drama, War, History;5.5;272;2010
Jamais contente;Drama;5.9;352;2010
Joséphine s'arrondit;Comedy;5.5;810;2010
Le fils de Jean;Drama;7.3;2038;2010
Five;Comedy, Drama, Crime;6.3;4889;2010
Toril;Thriller, Drama, Crime;6.3;135;2010
Le fils de Joseph;Comedy, Drama;6.5;920;2010
Fais de beaux rêves;Romance, Drama;6.5;2058;2010
Bangkok Nites;Drama;6.6;203;2010
Désigné coupable;Thriller, Drama, Crime, Biography;7.5;68053;2020
The Ashcroft Entity;Thriller, Drama, Horror;3.8;194;2010
Guillaume, la jeunesse du conquérant;Adventure, Drama, History;4.3;197;2010
Astral;Thriller, ScienceFiction, Horror, Drama, Sci-Fi;4.6;4944;2010
Whisky Galore;Comedy, Romance;5.9;2142;2010
Lowlife Love;Romance, Drama;6.4;506;2010
Flow;Adventure, Drama, Family, Animation;7.9;78119;2020
Ben Collins Stunt Driver;Action, Documentary;4.6;248;2010
Irréprochable;Thriller, Drama;6.4;1071;2010
Le Christ aveugle;Drama;5.8;318;2010
Deux Rémi, deux;Comedy, Fantasy, Mystery;5.5;133;2010
Ma famille t'adore déjà !;Comedy;5.1;685;2010
L'emprise;Drama, Mystery, Horror;4.3;1102;2020
Temporal;Drama;4.9;47;2010
Crowhurst;Drama, Sport, Biography;6.2;126;2010
Paris est une Fête;Thriller, Drama;6.4;5569;2010
Late Shift;Thriller, Crime, Adventure;7.0;1514;2010
Premiers crus;Drama;5.8;465;2010
Mindhorn;Comedy, Adventure, Action;6.3;13923;2010
A Dark Song;Fantasy, Drama, Mystery, Horror;6.2;23467;2010
Good Tidings;Thriller, Horror;4.2;466;2010
High Life;Thriller, ScienceFiction, Mystery, Drama, Sci-Fi;5.7;43626;2010
À l'heure des souvenirs;Drama, Mystery;6.4;7904;2010
Un jour mon prince;Comedy;5.9;86;2010
Just Charlie;Drama;6.9;995;2010
Pension complète;Comedy;4.5;594;2010
L'idéal;Comedy, Drama;5.1;791;2010
Waterboys;Comedy, Drama, Music;6.8;714;2010
Le gang Kelly;Western, Thriller, Biography, Crime, Action, Drama;6.0;13965;2010
Mia et le lion blanc;Adventure, Drama, Family;6.5;6789;2010
La madre;Drama;5.7;125;2010
Gloves Off;Comedy, Drama;5.3;339;2010
Shadow of the Missing;Horror;2.6;141;2010
Adopte un veuf;Comedy, Drama;6.2;1447;2010
La Fine équipe;Comedy;4.4;48;2010
Et mon coeur transparent;Drama, Mystery;5.4;180;2010
The Holly Kane Experiment;Thriller, Drama;4.2;1703;2010
The Covenant : Mission en Afghanistan;Thriller, Drama, Action, War;7.5;189605;2020
Madly;Romance, Drama;5.4;261;2010
Sur quel pied danser;Comedy, Musical, Music;5.7;154;2010
La pièce;Comedy, Drama;4.0;51;2010
Chant d'hiver;Comedy, Drama;6.2;369;2010
Blood Feud;Drama, Action;3.5;101;2010
The Sky Trembles and the Earth Is Afraid and the Two Eyes Are Not Brothers;Fantasy, Drama;6.3;269;2010
Anti Matter;ScienceFiction, Mystery, Horror, Sci-Fi;5.7;6314;2010
La fille aux deux visages;Romance, Thriller, Crime, Horror;6.0;31;2010
Saint Georges;Drama, Crime;6.9;2151;2010
Moon Dogs;Comedy, Drama;6.5;309;2010
Red Devil;Comedy, Thriller, Drama, Crime;3.6;4256;2010
La montagne;Drama;6.0;196;2010
Album de famille;Comedy, Drama;6.1;1451;2010
Teen Star Academy;Comedy, Family;3.4;270;2010
Perfect Piece;Comedy, Romance, Drama, Family;4.2;73;2020
The Noonday Witch;Thriller, Drama, Horror;5.2;770;2010
Les Tuche 2: Le rêve américain;Comedy;4.9;2090;2010
C'est quoi cette famille?!;Comedy;6.1;1289;2010
Carole Matthieu;Thriller, Drama;5.4;285;2010
You, Me and Him;Comedy;5.9;2161;2010
L'ornithologue;Adventure, Drama, Mystery;6.3;3878;2010
Where Do We Go from Here?;Comedy, Romance, Drama;6.1;197;2010
Le dernier jour d'Yitzhak Rabin;Thriller, Drama, Documentary, History;6.1;471;2010
The Devil's Candy;Thriller, Drama, Mystery, Horror;6.3;22808;2010
Wùlu;, Drama, Crime;6.7;446;2010
Baccalauréat;Drama, Crime;7.3;15140;2010
Sex Doll;Romance, Thriller, Drama, Mystery;4.6;2306;2010
Les derniers parisiens;Drama;5.9;460;2010
L'étudiante et Monsieur Henri;Comedy, Drama;6.7;4869;2010
Le cabanon rose;Comedy, Drama, Crime;6.6;58;2010
Touch Me Not;Drama;5.6;3111;2010
Kursk;Thriller, Adventure, Action, Drama, History;6.6;22690;2010
Grave;Drama, Horror;6.9;93437;2010
Campo Grande;Drama;6.6;230;2010
Un homme charmant;Drama;6.7;403;2010
The Devil Outside;Drama;5.6;129;2010
Dark Highlands;Horror;4.4;429;2010
Emmett Till;Drama, Crime, History, Biography;7.2;16867;2020
Le Portrait interdit;Romance, Drama;6.0;126;2010
Everybody Knows;Thriller, Drama, Crime, Mystery;6.9;39414;2010
Sorgoï Prakov, My European Dream;Comedy, Horror;6.2;830;2010
Les frères Sisters;Western, Drama;6.9;73580;2010
Await Further Instructions;Mystery, Horror, Sci-Fi;4.9;10033;2010
Zombies Have Fallen;Thriller, ScienceFiction, Horror, Action, War, Fantasy, Sci-Fi;2.4;1095;2010
Le Dernier Vice-Roi des Indes;Drama, History, Biography;6.7;8738;2010
Camping 3;Comedy, Drama;4.4;1204;2010
Titan;Thriller, ScienceFiction, Mystery, Romance, Drama;4.8;34351;2010
Interruption;Thriller, Drama, Mystery;6.4;567;2010
Kalo Pothi, un village au Népal;Drama, Action, History;6.9;1558;2010
The Square;Comedy, Drama;7.1;80513;2010
Remember Me;Comedy, Romance, Drama;5.8;546;2010
Hooligan Legacy;Action, Crime;3.6;183;2010
The Curse of Robert the Doll;Horror;3.0;1538;2010
Jurassic Predator;Comedy, Adventure, Action;2.9;368;2010
Hugh Laurie: Live on the Queen Mary;Music;8.7;51;2010
Caro Emerald: In Concert;Music;8.4;13;2010
Hedi: Un Vent de Liberté;Romance, Drama;6.7;1353;2010
Like Cattle Towards Glow;ScienceFiction, Drama, Sci-Fi;4.3;416;2010
Corniche Kennedy;Drama, Crime;5.4;366;2010
A Guidebook to Killing Your Ex;Comedy, Drama, Horror;4.1;248;2010
3 Billboards : Les Panneaux de la vengeance;Comedy, Drama, Crime;8.1;582932;2010
Brice 3;Comedy, Adventure, Action;4.4;1708;2010
Frantz;Romance, Drama, History;7.5;18154;2010
Dans la forêt;Thriller, Drama, Horror;5.6;706;2010
Paula;Drama, History, Biography;6.4;883;2010
Nos âmes la nuit;Romance, Drama;6.9;15622;2010
Revenger;Thriller, Action, Crime;4.7;9654;2010
Nocturne;Drama;5.8;43;2010
Crash Test Aglaé;Comedy, Drama;6.5;694;2010
Des nouvelles de la planète Mars;Comedy, Drama;6.2;1369;2010
Le voyage de Fanny;Drama, War, History;7.0;1719;2010
Dalida;Music, Drama, Biography;6.9;3803;2010
Muse;Fantasy, Thriller, Mystery, Horror;5.4;4010;2010
Jours de France;Comedy, Romance, Drama;5.8;631;2010
Shapes;Comedy, Unknown;9.7;13;2020
Demain et tous les autres jours;Drama;6.2;335;2010
Hibou;Comedy, Romance;4.9;222;2010
Rocky Horror Show Live;Comedy, Musical, Music, Horror;8.1;886;2010
Aloys;Fantasy, Drama;6.3;2283;2010
Hotel Cambridge;Drama, Documentary;7.8;593;2010
Sometimes Always Never;Comedy, Drama, Mystery;6.3;3447;2010
Moka;Drama;6.3;1312;2010
Les premiers les derniers;Comedy, Romance, Drama, Crime;6.3;1111;2010
6 Children & 1 Grandfather;Comedy, Family, TVMovie;4.0;269;2010
The Gaelic King;Fantasy, Adventure, Action, History;3.8;409;2010
The Isle;Thriller, Mystery, Adventure, Horror, Fantasy;4.9;11593;2010
Père Fils Thérapie!;Comedy, Crime;5.1;360;2010
Dieumerci!;Comedy;5.8;232;2010
La prunelle de mes yeux;Comedy, Romance;5.1;219;2010
Une vie;Drama;6.4;1363;2010
Juillet août;Comedy, Drama;5.4;275;2010
Belle dormant;Comedy, Drama, Fantasy;6.0;118;2010
Demain tout commence;Comedy, Drama;7.3;29499;2010
Chouf;Drama, Crime;6.3;496;2010
Médecin de campagne;Comedy, Drama;6.5;3420;2010
Les inséparables;Drama, History, Biography;6.1;1473;2010
Fanged Up;Comedy, Horror;4.4;1931;2010
La Favorite;Comedy, Thriller, Drama, Biography;7.5;247598;2010
Blade of the Immortal;Fantasy, Adventure, Drama, Action;6.7;20047;2010
Dogs;Thriller, Drama;7.0;3306;2010
La folle histoire de Max et Léon;Comedy, Adventure, War;6.2;2862;2010
National Theatre Live: The Beaux' Stratagem;Comedy, ;7.7;54;2010
Dans la brume;Thriller, ScienceFiction, Mystery, Action, Drama;5.9;8038;2010
National Theatre Live: Man and Superman;Comedy, Drama;8.2;215;2010
Love Wedding Repeat;Comedy, Romance;5.6;22700;2020
Comment j'ai rencontré mon père;Comedy;5.2;134;2010
Réparer les vivants;Drama;6.9;3636;2010
L'ami - François d'Assise et ses frères;Drama, History, Biography;5.5;181;2010
Théo et Hugo dans le même bateau;Romance, Drama;7.0;4274;2010
Movie Madness;Thriller, Horror;5.3;65;2010
Heis: Chroniques;Comedy, Drama;7.5;21;2010
Shakespeare's Globe: Titus Andronicus;Drama;8.0;57;2010
Six Minutes to Midnight;Thriller, Drama, War;5.9;6431;2020
Le petit locataire;Comedy;5.8;606;2010
L'esprit d'équipe;Thriller, Drama, Biography;6.7;1579;2010
Retour chez ma mère;Comedy, Drama;5.8;2427;2010
Royal Shakespeare Company: Love's Labour's Lost;Comedy, Romance;8.1;54;2010
Wild Rose;Music, Drama, Comedy;7.1;16113;2010
House of Salem;Horror;4.3;298;2010
The 12 Slays of Christmas;Horror;4.2;120;2010
Le cancre;Romance, Drama;5.4;130;2010
Le coeur en braille;Comedy, Drama;6.5;480;2010
Pom-Pom Ladies;Comedy, Drama, Sport;6.1;8017;2010
The Unkindness of Ravens;Drama, Horror;5.0;405;2010
La Mort de Louis XIV;Drama, History, Biography;6.8;2705;2010
Quelques mots d'amour;Drama;6.5;956;2010
Swiperight;Horror;3.9;42;2020
Souffler plus fort que la mer;Drama;6.2;14;2010
Zoologie;Comedy, ScienceFiction, Drama, Fantasy;6.4;1249;2010
Iqbal, l'enfant qui n'avait pas peur;Animation, Adventure, Family, Comedy, Drama;6.5;77;2010
Cigarettes et chocolat chaud;Comedy;6.3;589;2010
Elvis Costello: Detour Live at Liverpool Philharmonic Hall;Music;6.8;14;2010
Maman a tort;Comedy, Drama;6.5;273;2010
The Book of Birdie;Fantasy, Horror;5.3;161;2010
Canicule;Thriller, Drama, Crime, Mystery;6.8;37020;2020
Les dissociés;Comedy;6.9;711;2010
La Terre des Oubliés;Horror, Drama, Mystery, History;5.7;5913;2010
Une robe pour Mrs Harris;Comedy, Drama;7.1;34610;2020
Hampstead;Comedy, Romance, Drama;6.1;7811;2010
Sentinel;Thriller, ScienceFiction, Mystery, Horror, Drama;4.9;7828;2020
Prevenge;Thriller, Crime, Horror, Comedy, Drama, Fantasy;5.9;8966;2010
The Levelling;Drama;6.4;2848;2010
The Pass;Romance, Drama;6.5;4598;2010
La part obscure;Thriller, Mystery;5.8;15188;2010
The Who: Quadrophenia - Live in London;Music;8.1;37;2010
The Chamber;Thriller, Horror;4.4;1294;2010
Moi, Daniel Blake;Drama;7.8;66794;2010
The Library Suicides;Thriller;5.4;243;2010
Acceptable Damage;Drama;4.7;432;2010
Le passé devant nous;Drama;7.0;276;2010
Millénium : Ce qui ne me tue pas;Thriller, Adventure, Action, Crime;6.1;54045;2010
The Song of Scorpions;Drama;6.0;712;2010
Primaire;Drama, Family;6.6;536;2010
Sollers Point: Baltimore;Drama;5.7;842;2010
Harmonium;Drama;6.9;2997;2010
Le client;Thriller, Drama;7.7;66846;2010
Tour de France;Comedy, Drama;5.7;436;2010
Polina;Fantasy, Adventure, Family;4.4;237;2010
Brotherhood;Thriller, Drama, Crime;6.0;4439;2010
Another Mother's Son;Drama, War, Biography;6.8;1791;2010
Compte tes blessures;Music, Drama;6.3;394;2010
Chubby Funny;Comedy, Drama;6.1;110;2010
Le peuple loup;Animation, Adventure, Action, Family, Fantasy;8.0;41925;2020
Eileen;Thriller, Mystery, Crime, Romance, Drama;5.9;17472;2020
Love Is Dead;Comedy;5.2;268;2010
Romans;Thriller, Drama;5.5;1708;2010
Coeurs cicatrisés;Drama, Biography;7.1;1330;2010
Requiem for Mrs. J;Comedy, Drama;7.2;766;2010
Sleeping Beauty: A Gothic Romance;Fantasy, Drama, Music;8.2;60;2010
Around the Sun;Romance, Drama;5.7;358;2010
Haunted 3: Spirits;Horror;1.9;281;2010
D-Day Assassins;War;2.8;562;2010
Aquarius;Drama;7.4;21295;2010
Trashtastic;Comedy, Action, Horror;6.9;56;2010
Branagh Theatre Live: The Winter's Tale;Drama;7.8;311;2010
Tazzeka;Comedy, Drama;6.6;149;2010
Bees Make Honey;Comedy, Romance, Drama, Mystery;4.7;4481;2010
Rester Vertical;Comedy, Drama;5.9;2608;2010
La mécanique de l'ombre;Thriller, Action, Mystery;6.2;2760;2010
Ouijageist;Horror;2.7;139;2010
Ta mère!;Comedy, Romance, Drama;5.7;14;2010
Despair;Thriller, Drama;4.2;2881;2010
Habit;Horror;5.0;1118;2010
Brahman Naman;Comedy;5.5;2071;2010
Pororoca, pas un jour ne passe;Drama;7.0;1495;2010
Ballerine: Rêve d'Étoile;Family;4.5;181;2010
Paterson;Comedy, Romance, Drama;7.3;92216;2010
Darkweb;Thriller, Action;2.7;958;2010
La fille de Brest;Drama, Biography;6.6;1568;2010
30 printemps;Comedy, Drama;6.8;5877;2010
Retour à Montauk;Romance, Drama;5.9;1400;2010
Tracks;Comedy, Romance;5.4;176;2010
God's Petting You;Comedy, Thriller, Crime;5.3;267;2020
Ouvert la nuit;Comedy, Drama;5.4;656;2010
Radin !;Comedy;5.9;6404;2010
Stars 80, la suite;Comedy, Music;3.6;245;2010
Final Score;Thriller, Adventure, Drama, Action;5.8;14764;2010
uk18;Thriller, Drama, Horror;6.0;91;2010
Il a déjà tes yeux;Comedy;6.2;3379;2010
Au revoir là-haut;Comedy, War, Drama, Crime;7.4;11706;2010
B&B;Thriller;5.5;936;2010
Vicky;Comedy;4.3;205;2010
La Région sauvage;Thriller, ScienceFiction, Mystery, Horror, Drama;6.1;7177;2010
Nuestro tiempo;Drama;6.8;2209;2010
Ça ira mieux là-bas;Comedy;4.8;41;2010
That Good Night;Drama;6.6;773;2010
The Importance of Being Earnest on Stage;Comedy, Romance, History;8.3;140;2010
Fleur de Tonnerre;Thriller, Biography, Crime, Drama, History;4.9;235;2010
Mes trésors;Comedy, Crime;5.5;2555;2010
Et derrière moi une cage vide;Drama;4.7;244;2010
Dreamland;Western, Thriller, Drama;5.9;8856;2010
Tout l'argent du monde;Thriller, Biography, Crime, Drama, History;6.8;94236;2010
Le serpent aux mille coupures;Thriller, Crime;6.0;467;2010
7 jours pas plus;Comedy, Drama;6.2;401;2010
Offensive;Thriller, Crime, Horror;6.4;267;2010
Zombillénium;Comedy, Fantasy, Family, Animation;6.3;1175;2010
Pris de court;Drama, Crime;5.4;263;2010
Journeyman;Drama, Sport;7.0;4971;2010
Stubby;Animation, Adventure, War, Family, History;6.9;2733;2010
Close;Thriller, Drama, Action, Adventure;5.7;28062;2010
Dirt Road to Lafayette;Drama;6.6;137;2010
Mobile étoile;Music, Drama, Comedy;5.8;63;2010
Ils sont partout;Comedy;5.5;1781;2010
Tableau de chasse;Thriller, Drama, Crime, Mystery;6.3;6263;2010
A Caribbean Dream;Comedy, Romance, Drama, Fantasy;6.1;79;2010
Invasion Earth;ScienceFiction, Sci-Fi;2.8;209;2010
Di Ness (Le miraculé);Comedy, Drama;6.3;177;2010
Les Naufragés;Comedy;4.2;260;2010
Madame Hyde;Comedy, Drama, Fantasy, Sci-Fi;5.1;1695;2010
La route sauvage;Adventure, Drama, Sport;7.1;14462;2010
La Sage-femme;Drama;6.7;3156;2010
The Hatton Garden Job;Thriller, Action, Crime;5.6;6533;2010
Rock'n Roll;Comedy, Drama, Family;6.0;5069;2010
Ma vie avec James Dean;Comedy, Drama;6.4;627;2010
Suicide Club;Thriller, Horror;3.4;298;2010
Marie Madeleine;Drama, History, Biography;5.9;11995;2010
Eternal Beauty;Comedy, Romance, Drama;6.3;2537;2010
Wind River;Thriller, Drama, Crime, Mystery;7.7;296450;2010
Eric Clapton au Royal Albert Hall;Music;8.2;86;2010
Into the Black Abyss: Deathstream;Horror;5.8;50;2020
L'Extraordinaire Voyage du fakir;Comedy, Adventure, Drama;6.8;8895;2010
Sicilian Ghost Story;Fantasy, Drama, Crime, Mystery;6.5;2468;2010
Louisa: An Amazing Adventure;Adventure, History, Animation;7.5;27;2020
Tistou les pouces verts;Animation, Adventure, War, Family, Fantasy;8.1;42;1990
Anon;ScienceFiction, Crime, Mystery, Sci-Fi;6.1;50339;2010
The Head Hunter;Thriller, Crime;5.4;127;2010
Boys on Film 1: Hard Love;Comedy, Romance, Drama, Horror;5.5;128;2000
Les derniers jours d'une ville;Drama;7.1;639;2010
Official Secrets;Thriller, Biography, Crime, Drama, History;7.3;57897;2010
Woman Walks Ahead;Western, Drama, History, Biography;6.7;8926;2010
Colette;Drama, History, Biography;6.7;27286;2010
Boys on Film 2: In Too Deep;Horror, Romance, Comedy, Fantasy, Drama;6.2;88;2000
Contre ton coeur;Drama;5.7;407;2010
Affreux et méchants;Comedy, Crime;5.9;825;2010
Godless;Drama;6.1;722;2010
Gutland;Thriller, Drama, Mystery;6.1;1474;2010
Bodkin Ras;Thriller, Drama, Crime;6.4;108;2010
Robert and the Toymaker;Horror;3.3;1031;2010
Cabin 28;Horror;3.2;1364;2010
Bastion;Thriller, Drama, Mystery;6.3;18;2010
Corporate;Thriller, Drama;6.5;1207;2010
Noureev;Drama, Biography;6.6;7230;2010
Ideal Home;Comedy, Drama;6.4;11942;2010
Mom and Dad;Comedy, Thriller, Horror;5.6;28874;2010
Attrition;Adventure, Action, Crime, Mystery;3.8;1563;2010
Otages à Entebbe;Thriller, Crime, Action, Drama, History;5.9;17860;2010
Daphné;Comedy, Drama;6.0;2290;2010
Crosscurrent;Romance, Drama, Fantasy;6.6;670;2010
Penance;Romance, Action, History;6.0;238;2010
Some Adult Content;Comedy;3.6;99;2020
National Theatre Live: Jane Eyre;Music, Drama;8.0;398;2010
303 Squadron;Drama, War;5.5;2539;2010
Do Me Love;Comedy, Romance, Drama;4.9;97;2000
Les bonnes manières;Fantasy, Drama, Music, Horror;6.7;4469;2010
The Drowning of Arthur Braxton;Fantasy, Drama;5.8;169;2020
La Cambrioleuse;Drama;5.8;96;2010
Apnée;Comedy, Drama;6.1;228;2010
Ice Mother;Comedy, Romance, Drama;6.8;669;2010
Horizon Line;Thriller, Adventure, Drama, Horror;4.8;12214;2020
Si tu voyais son coeur;Drama, Crime;4.7;459;2010
Cagefighter;Action, Sport;4.5;618;2020
Widow's Walk;Thriller, Horror, Drama, Mystery;4.7;386;2010
Boys on Film 5: Candy Boy;Romance, Drama;6.2;64;2010
Une vie ailleurs;Drama, Family;6.8;243;2010
Que le diable nous emporte;Comedy, Romance, Drama;5.2;393;2010
Tides;Drama;5.9;72;2010
Bravo virtuose;Comedy, Action, Crime;6.0;210;2010
Ghost Stories;Drama, Mystery, Horror;6.4;38635;2010
Lola Pater;Drama;6.4;496;2010
The Weekend;Comedy;4.6;498;2010
11 fois Fátima;Drama;6.8;401;2010
Two Pigeons;Comedy, Thriller, Horror;5.5;1361;2010
National Theatre Live: Les Liaisons Dangereuses;Romance, Drama;7.9;134;2010
Espèces menacées;Drama;6.3;328;2010
Le Caire Confidentiel;Thriller, Drama, Crime, Mystery;6.8;9660;2010
Interlude in Prague;Music, Drama, History;6.2;859;2010
Pachamama;Fantasy, Adventure, Family, Animation;6.8;1045;2010
Boys on Film 8: Cruel Britannia;Drama;6.5;88;2010
The Constitution;Comedy, Drama;7.7;3340;2010
London Rampage;Action;3.8;108;2010
Boys on Film 9: Youth in Trouble;, Drama;6.8;82;2010
Egomaniac;Comedy, Horror;5.7;81;2010
Bienvenue à Marly-Gomont;Comedy, Drama, Biography;7.0;12169;2010
Viking: La fureur des Dieux;Adventure, Action;2.4;652;2010
Kingdom of the Northmen: Les guerriers damnés;Fantasy, Adventure, Action;3.4;213;2010
4 enfants et moi;Fantasy, Family;5.1;1896;2020
Rouges étaient les lilas;Crime;6.2;24;2010
L'art du mensonge;Drama, Crime, Mystery;6.7;51763;2010
Thomas et ses amis: La Grand Course;Comedy, Adventure, Family, Animation;5.7;402;2010
Lucid;Thriller, Sci-Fi;4.6;1992;2010
We the Kings;Thriller;5.4;409;2010
Boys on Film 11: We Are Animals;Romance, Drama;6.7;84;2010
Boys on Film 13: Trick & Treat;, Drama;6.4;91;2010
Dogged;Horror;3.4;317;2010
Provenance;Romance, Thriller, Drama;5.6;229;2010
Still River;Thriller, Drama, Mystery;5.6;282;2010
Driven;Thriller, Biography, Crime, Comedy, History;6.4;8889;2010
Errementari;Fantasy, Drama, Horror;6.4;14147;2010
Il flauto magico di Piazza Vittorio;Music, Unknown;7.3;16;2010
Débarquement immédiat!;Comedy;5.7;1599;2010
Patients;Comedy, Drama;7.2;2470;2010
Iris;Thriller, Drama;6.1;4834;2010
Jeune femme;Comedy, Drama;6.5;3023;2010
Si j'étais un homme;Comedy;4.9;1833;2010
C'est tout pour moi;Comedy;6.1;501;2010
Mimosas, la voie de l'Atlas;Western, Adventure, Drama;6.2;1006;2010
Juliet, Naked;Comedy, Romance, Drama, Music;6.6;25508;2010
Imagine Dragons: Smoke + Mirrors Live;Music;7.9;91;2010
Centaure;Drama;6.7;484;2010
Mobile Homes;Drama;6.0;1350;2010
Ni dieux ni maîtres;Adventure, Drama, History;5.3;22;2010
Webcast;Thriller, Horror;5.3;1461;2010
La baie du silence;Thriller, Adventure, Drama, Mystery;4.5;2760;2020
Une femme douce;Drama, Mystery;6.6;2555;2010
Shakespeare's Globe Theatre: Twelfth Night;Comedy;8.9;477;2010
Son;Thriller, Horror;5.6;6794;2020
The Return of Alan Strange;Drama, Mystery;5.4;38;2010
Jersey Affair;Thriller, Drama, Crime, Mystery;6.8;16840;2010
Par instinct;Adventure, Drama, TVMovie;5.2;112;2010
Aurore;Comedy, Drama;6.3;1424;2010
Ôtez-moi d'un doute;Comedy, Drama;6.7;2047;2010
Seule la terre;Romance, Drama;7.6;38323;2010
Cherchez la Femme!;Comedy, Romance;6.1;1007;2010
Une femme fantastique;Drama;7.2;28012;2010
Transhuman;Horror;4.0;58;2010
L'amant d'un jour;Drama;6.6;2551;2010
Bienvenue au Gondwana;Comedy;5.2;147;2010
8 Remains;Thriller, Drama, Mystery;3.3;398;2010
Shakespeare's Globe Theatre: The Taming of the Shrew;Comedy;8.3;67;2010
Undocument;Drama;6.5;78;2010
Across the River and Into the Trees;Romance, Drama, War;6.7;707;2020
Bad Day for the Cut;Thriller, Drama, Crime, Mystery;6.5;8990;2010
Alibi.com;Comedy, Romance;6.5;10823;2010
Viking Destiny;Fantasy, Adventure, Action;4.4;1241;2010
Mosquito;Drama, War;6.8;730;2020
Peripheral;Thriller, Horror, Sci-Fi;4.7;330;2010
Nocturnal;Drama;6.1;645;2010
Chair de poule 2 : Les Fantômes d'Halloween;Adventure, Horror, Family, Comedy, Fantasy;5.6;25032;2010
Charismata;Mystery, Crime, Horror;4.5;705;2010
Silence scandinave;Thriller, Drama;5.7;192;2010
Les têtes de l'emploi;Comedy;5.1;654;2010
La naissance de Narcisse;Thriller, ScienceFiction, Drama, Sci-Fi;7.6;20;2010
Therapy;Thriller, Mystery;5.6;34;2010
A Moving Image;Drama;6.0;83;2010
Le royaume de Kensuké;Adventure, Drama, Family, Animation;6.9;1160;2020
La belle occasion;Drama;6.3;22;2010
L'orphelinat;Music, Drama;6.7;698;2010
Puppet Master: The Littlest Reich;Comedy, Horror;5.4;4671;2010
La rédemption de Fanny Lye;Thriller, Drama, History;6.2;1963;2010
Les fantômes d'Ismaël;Romance, Thriller, Drama, Mystery;5.5;2934;2010
The Corrupted;Thriller, Drama, Crime;5.7;1934;2010
Le Redoutable;Comedy, Romance, Drama, Biography;6.6;6217;2010
Tierra Yerma;Drama, Family;6.7;27;2010
Diamond Island;Music, Drama;6.6;589;2010
Ophélie;Romance, Thriller, Drama, History;6.5;14070;2010
Le Dog Show;Comedy, Adventure, Crime, Family;4.0;5208;2010
Darkness Visible;Thriller, Horror;5.6;431;2010
Creation Stories;Music, Drama, Biography;6.1;1615;2020
The Howling;Thriller, ScienceFiction, Horror;2.6;309;2010
Cats;Comedy, Drama, Family, Fantasy;2.8;57743;2010
Euphoria;Adventure, Drama, Mystery;5.7;4935;2010
Mon propre jardin;Fantasy, Romance, Drama, Animation;7.0;1510;2010
Le parc;Drama;5.7;344;2010
Tombé du ciel;Comedy, Drama;6.0;51;2010
Willy 1er;Comedy, Drama;6.6;484;2010
The Changeover;Fantasy, Thriller, Horror;5.4;1924;2010
Le sens de la fête;Comedy, Romance, Drama;6.9;12683;2010
Dark River;Thriller, Drama, Mystery;5.9;4529;2010
I Scream on the Beach!;Comedy, Horror;4.0;302;2020
Des amours, désamour;Comedy, Romance;5.4;21;2010
Marie Curie et la Lumière Bleue;Romance, Drama, History, Biography;5.6;1651;2010
Film Stars Don't Die in Liverpool;Romance, Drama, Biography;6.7;10944;2010
Merveilles imaginaires;Fantasy, Adventure, Drama;5.7;6130;2020
Mortal;Thriller, Adventure, Action, Fantasy, Drama;5.9;11148;2020
Carnivore: Werewolf of London;Thriller, Horror;2.8;357;2010
The Aspern Papers;Drama;4.5;836;2010
Mise à mort du cerf sacré;Thriller, Drama, Mystery, Horror;7.0;204144;2010
Sang froid;Comedy, Thriller, Action, Crime;6.2;81923;2010
The Small Woman in Grey;Horror;4.0;80;2010
Black Circle;Mystery, Horror;5.0;282;2010
In the Fade;Drama, Crime, Mystery;7.1;36710;2010
Au-delà;ScienceFiction, Drama, Sci-Fi;4.9;6954;2010
Old Boys;Comedy;6.1;1467;2010
Une rose à Auschwitz, la vie d'Edith Stein;Drama;6.0;85;2010
National Theatre Live: As You Like It;Comedy;7.3;61;2010
Call Me by Your Name;Romance, Drama;7.8;339703;2010
Gaspard va au mariage;Comedy, Romance, Drama;6.1;812;2010
Nemesis;Thriller, Mystery, Horror;4.8;2666;2010
RAID Dingue;Comedy, Action, Crime;5.6;4737;2010
3 Way Junction;Adventure, Drama;5.4;139;2010
A Beautiful Day;Thriller, Drama, Crime;6.7;131876;2010
Tango One;Thriller, Drama, Crime;4.6;394;2010
Méandre;Thriller, ScienceFiction, Mystery, Horror, Drama;5.4;12129;2020
Les évadés de Maze;Thriller, Biography, Crime, Drama, History;5.9;3669;2010
La Capitale du Bruit;Comedy;8.0;12;2010
Le Ciel Attendra;Drama;6.9;1077;2010
Noces;Drama;7.1;1717;2010
Rodin;Romance, Drama, Biography;5.0;1483;2010
Crushed Wings;Drama, Crime;8.1;30;2020
Phantom Thread;Romance, Drama;7.4;151808;2010
Fight the Good Fight;Drama, Crime;5.3;680;2010
Iris Warriors;Fantasy, Musical, Drama, Family;3.9;167;2020
Tel Aviv On Fire;Comedy, Romance, Drama;6.7;2683;2010
Une famille heureuse;Drama;7.4;4362;2010
Problemos;Comedy;6.1;2412;2010
Escape from Pretoria;Thriller, Biography, Crime, Action, Drama, History;6.8;47192;2020
Barrage;Drama;5.9;377;2010
Chouquette;Comedy, Drama;4.6;40;2010
C'est qui cette fille?;Comedy, Romance, Drama;6.0;627;2010
Milk and Honey: The Movie;Thriller, Drama, Action, Crime;3.4;145;2010
100% Coco;Comedy, Drama, Family;5.2;1294;2010
Prendre le large;Drama;6.5;312;2010
Sivouplééé;Comedy;5.5;3856;2010
Datsche;Comedy;6.4;159;2010
Dangerous Game;Action, Crime;3.6;1641;2010
Confident Royal;Comedy, Drama, History, Biography;6.8;39239;2010
Love Possibly;Comedy, Romance;5.3;137;2010
Le Chemin;Drama;6.4;20;2010
Escape from Cannibal Farm;Horror;3.8;747;2010
Léo, la fabuleuse histoire de Léonard de Vinci;Animation, Adventure, Family, Comedy, Drama, History;5.7;807;2020
Tout nous sépare;Thriller, Drama;5.4;826;2010
Chacun sa vie;Comedy, Drama;4.6;405;2010
Laissez bronzer les cadavres;Thriller, Action, Crime, Horror;6.2;3657;2010
Conspiracy X;Horror;2.3;244;2010
Papa ou maman 2;Comedy, Romance, Drama;6.1;1865;2010
Hotel Artemis;Thriller, ScienceFiction, Crime, Action, Drama;6.1;60672;2010
Moonfall;Adventure, ScienceFiction, Action, Sci-Fi;5.2;107241;2020
La Lune de Jupiter;Fantasy, ScienceFiction, Drama, Mystery;6.1;3596;2010
Kings;Romance, Drama, Crime;5.1;3956;2010
La Tour;Drama, Animation;7.1;651;2010
Vive la crise!;Comedy;3.7;53;2010
Chassez tous vos soucis!;Drama;5.4;112;2020
Gare aux gnomes;Animation, Adventure, Family, Comedy, Fantasy;5.6;4292;2010
Le grand méchant renard;Comedy, Adventure, Family, Animation;7.4;3955;2010
Sunset;Drama, Mystery, History;6.2;4723;2010
The Doll Master;, Horror;2.3;266;2010
Vita and Virginia;Romance, Drama, Biography;5.9;5168;2010
Yardie;Drama, Crime;5.8;3534;2010
Blood on Satan's Paw;Horror;4.3;57;2010
Of Mice and Men;Drama;7.7;216;2010
The Empty Man;Thriller, Drama, Mystery, Horror;6.2;43879;2020
Diane a les épaules;Comedy, Drama;6.2;397;2010
Kairos;Drama;6.7;15;2020
Ma Famille et le Loup;Adventure, Family, Comedy, Drama, Fantasy;5.5;140;2010
Royal Shakespeare Company: Hamlet;Drama;7.5;130;2010
Adult Babies;Comedy, Horror;4.2;692;2010
Borstal;Drama;3.8;615;2010
Le correspondant;Comedy;4.5;182;2010
L'indomptée;Romance, Drama, Mystery;5.5;250;2010
Mayday;Thriller, Adventure, Action;6.5;92768;2020
Vengeance;Action;4.4;1656;2010
Cain Hill;Thriller, Horror;5.5;11;2010
D'après une histoire vraie;Thriller, Drama, Mystery;5.7;7665;2010
Louise en hiver;Drama, Animation;7.1;1308;2010
Drôles d'oiseaux;Comedy, Drama;5.7;331;2010
Saison de chasse;Drama;6.2;556;2010
Seat 25;ScienceFiction, Drama, Sci-Fi;5.3;552;2010
Tone Death;Comedy, ScienceFiction, Music, Horror;4.9;65;2010
Wounds;Thriller, Drama, Mystery, Horror;4.1;22856;2010
Possessor;Thriller, ScienceFiction, Mystery, Horror, Sci-Fi;6.5;50543;2020
Nightshot;Drama, Horror;5.2;420;2010
Behind the Random Denominator;Thriller, Drama, Horror;6.8;393;2010
The Illusion of Control;Thriller, Drama, Mystery;6.5;563;2020
Think Like a Dog;Comedy, Drama, Family;5.2;2439;2020
Knights of the Damned;Fantasy, Action, Horror;2.6;548;2010
The Professor and the Madman;Thriller, Mystery, Biography, Drama, History;7.2;53204;2010
Jesús, petit criminel;Drama;5.8;514;2010
Steel Country;Thriller, Mystery;6.2;5921;2010
Abduction;Comedy, Drama, Action, Fantasy;3.0;92;2010
Sodom;Romance, Drama;6.3;867;2010
Redwood;Horror;4.4;1657;2010
Una questione privata;Romance, Drama, War;6.1;1037;2010
Nevada;Drama;6.8;14940;2010
Hatton Garden: The Heist;Drama, Action, Crime;3.9;287;2010
The Flood;Drama;5.7;1156;2010
La Vie de Château;Comedy, Drama;6.0;100;2010
Les nouvelles aventures de Cendrillon;Comedy;4.4;378;2010
Maryline;Drama;6.0;454;2010
Factory;Thriller, Drama, Crime;6.7;3093;2010
Sous le même toit;Comedy, Family;5.3;1301;2010
Bonne pomme;Comedy;5.4;647;2010
Winter Ridge;Thriller, Drama, Crime, Mystery;4.3;1233;2010
Je danserai si je veux;Drama;7.3;3196;2010
Santa y Andrés;Drama;6.8;246;2010
Telle mère, telle fille;Comedy, Drama;5.1;1592;2010
Skullz;Fantasy, Adventure, Family, Horror;3.4;136;2020
Gangsterdam;Comedy, Adventure, Action;4.5;998;2010
Coeurs ennemis;Romance, Drama, War;6.4;24913;2010
My Days of Mercy;Romance, Drama;6.5;6430;2010
Crispy's Curse;Horror;3.4;131;2010
Boule & Bill 2;Comedy, Drama, Family;4.1;230;2010
Les étoiles restantes;Romance, Drama, Comedy;6.3;106;2010
Félicité;Music, Drama;6.4;1181;2010
De plus belle;Comedy, Romance, Drama;6.4;586;2010
Le Roi Arthur: le pouvoir d'Excalibur;Adventure, Action;2.6;815;2010
La caméra de Claire;Drama;6.4;2757;2010
Marvin;Drama;6.9;1647;2010
Avant que nous disparaissions;Thriller, ScienceFiction, Drama, Sci-Fi;6.2;2957;2010
Jusqu'à la garde;Thriller, Drama;7.5;10820;2010
Tous les rêves du monde;Drama;6.4;102;2010
Baghtos Kay Mujra Kar;Comedy, Drama;6.7;202;2010
Fleuve noir;Thriller, Drama, Crime, Mystery;6.3;3921;2010
Jour J;Comedy, Romance, Drama;6.1;4179;2010
Elite Squad;Thriller, Action;5.1;3741;2010
Ordinary Love;Romance, Drama;6.6;5557;2010
Cornélius, le meunier hurlant;Drama;5.2;156;2010
L'Amour des hommes;Romance, Drama;5.0;255;2010
Mumford & Sons Live from South Africa: Dust & Thunder;Music;8.4;70;2010
Radioactive;Romance, Drama, History, Biography;6.3;23119;2010
Crucible of the Vampire;Fantasy, Drama, Mystery, Horror;3.7;335;2010
The Grail;Fantasy, Romance, Drama;3.3;17;2010
The Pagan King;Adventure, Drama, Action, History;6.0;2616;2010
Épouse-moi mon pote;Comedy, Romance;6.1;4459;2010
Sales gosses;Comedy;4.7;238;2010
By the Time It Gets Dark;Drama;6.4;651;2010
Soleil battant;Drama;6.0;241;2010
Le lion est mort ce soir;Drama;6.4;320;2010
Slam;Drama;6.1;211;2010
My Lady;Drama;6.7;15913;2010
El presidente;Thriller, Drama, Mystery;6.0;4457;2010
London Unplugged;Drama;5.9;73;2010
Sur le chemin de la rédemption;Thriller, Drama, Mystery;7.1;65205;2010
Vitello;Comedy, Adventure, Family, Animation;7.1;62;2010
Monos;Thriller, Adventure, Drama, War;6.8;19469;2010
C'est beau la vie quand on y pense;Comedy, Drama;5.2;233;2010
Dil Juunglee;Comedy, Romance;3.8;572;2010
La maison d'Aga;Comedy, Drama;7.7;701;2010
Rise of the Footsoldier 3;Thriller, Crime, Action, Comedy, Drama;5.8;2574;2010
Kat and the Band;Comedy, Music;5.8;261;2010
Je vous vois;Thriller, Mystery, Horror;6.8;71172;2010
La Protégée;Thriller, Action, Crime;6.1;40688;2020
Marie-Francine (C'est à cet âge-là qu'tu rentres?);Comedy;5.7;1478;2010
Possum;Thriller, Drama, Mystery, Horror;5.8;10668;2010
Old Blood;Comedy, Horror;3.6;49;2020
Rupert, Rupert & Rupert;Comedy, Drama;5.5;559;2010
Monsieur et Madame Adelman;Comedy, Romance, Drama;7.3;6045;2010
L'un dans l'autre;Comedy, Romance, Fantasy;5.4;890;2010
Follow the Crows;Thriller, Drama, Mystery, Horror;6.2;93;2010
Comme des garçons;Comedy, Drama, History;6.0;667;2010
Exfiltrés;Thriller, Drama;6.2;441;2010
Stockholm, My Love;Music, Musical, Drama;4.8;276;2010
Schemers;Comedy, Music, Drama, Crime;5.5;752;2020
Désobéissance;Romance, Drama;6.6;38486;2010
Une part d'ombre;Thriller, Drama, Crime, Mystery;6.3;377;2010
Voyage autour de la chambre d'une mère;Drama;6.6;1116;2010
The Young Cannibals;Thriller, Horror;3.8;1309;2010
Landscapes;Drama, Mystery;6.2;33;2010
Mektoub, My Love: Canto Uno;Comedy, Romance, Drama;6.5;4307;2010
Ana, mon amour;Romance, Drama;6.7;2526;2010
Mother Krampus;Horror;3.2;1167;2010
Forêt Debussy;Drama;5.8;92;2010
Injustice;Thriller;4.3;19;2010
Monuments;Comedy, Adventure, Drama;4.4;220;2020
Solis;Adventure, ScienceFiction, Action, Sci-Fi;4.4;3826;2010
120 battements par minute;Drama;7.4;17288;2010
9 doigts;Adventure, Drama, Crime, Mystery;5.1;389;2010
Double Date;Comedy, Thriller, Horror;5.9;2909;2010
Les Aéronautes;Romance, Adventure, Drama, Action;6.6;39067;2010
Hex;Thriller, Horror;3.8;2147;2010
Chez nous;Drama;6.4;1226;2010
Coexister;Comedy, Music;5.8;1672;2010
Thomas & Friends: Journey Beyond Sodor;Music, Musical, Family, Animation;6.0;310;2010
Obey;Drama;5.5;633;2010
Royal Shakespeare Company: King Lear;Drama;7.3;87;2010
Chien;Comedy, Drama;5.8;445;2010
Love Type D;Comedy, Romance;5.0;555;2010
Amerika Square;Drama;6.5;1808;2010
Essex Heist;Action, Crime;3.3;155;2010
K.O.;Thriller, Drama;5.5;719;2010
Roma;Drama;7.6;174210;2010
Après La Guerre;Drama, Crime;5.8;223;2010
Voyage avec un âne dans les Cévennes;Adventure, Drama, Biography;7.5;7;2010
Miss Saigon: 25th Anniversary;Music, Musical, War, Romance, Drama;8.1;2084;2010
Vers la lumière;Romance, Drama;6.4;2078;2010
Wonka;Comedy, Adventure, Family;7.0;176821;2020
Merrick;Drama;5.7;94;2010
Once Upon a Time at Christmas;Horror;3.6;827;2010
En cage;Thriller, Drama, Horror;3.9;622;2020
Carbone;Thriller, Crime;6.5;3224;2010
The Baylock Residence;Thriller, Horror;3.4;187;2010
La femme la plus assassinée du monde;Thriller, Drama, Mystery, Biography;5.3;1228;2010
Pin Cushion;Drama;6.5;1211;2010
Shaun le mouton, le film : La ferme contre-attaque;Comedy, Adventure, Family, Animation;6.8;16642;2010
The Trip to Spain;Comedy, Adventure, Drama;6.6;6565;2010
Ava;Romance, Drama;6.6;3447;2010
Le petit Spirou;Comedy, Family;4.8;493;2010
Le Prix du succès;Comedy, Drama;5.8;402;2010
À 2 heures de Paris;Comedy;5.5;196;2010
Ghostland;Thriller, Drama, Mystery, Horror;6.4;43485;2010
Opus Zero;Drama;4.8;161;2010
O gios tis Sofias;Fantasy, Drama;6.3;570;2010
The only child;Drama, Mystery, Horror;5.6;23441;2010
National Theatre Live: A View from the Bridge;Drama;8.4;269;2010
Nos patriotes;Drama, War, Biography;6.2;313;2010
Iki Nefes Arasinda;Drama;6.7;32;2010
A mon âge je me cache encore pour fumer;Drama;7.1;1256;2010
Outfall;Thriller, Drama, Mystery;5.2;12562;2010
American Animals;Documentary, Drama, Crime, Biography;7.0;51156;2010
I Am Not a Witch;Comedy, Drama;6.9;4555;2010
Les gardiennes;Drama, War;6.7;2674;2010
Something Useful;Drama;7.6;5824;2010
Le Bon Apôtre;Thriller, Mystery, Horror, Fantasy, Drama;6.3;62953;2010
Annette;Music, Musical, Romance, Drama;6.3;23683;2020
Calibre;Thriller, Drama;6.8;35729;2010
The Party's Just Beginning;Comedy, Drama;6.1;2528;2010
The Doorman;Thriller, Drama, Action;4.7;8750;2020
En attendant les hirondelles;Drama;6.3;391;2010
Pour le réconfort;Drama;5.5;115;2010
Killing God;Comedy, Mystery, Horror;6.2;1542;2010
Occidental;Comedy, Thriller, Drama;5.2;268;2010
The Kingdom of Shadows;Fantasy, Drama, Horror;6.4;18;2010
Armageddon Gospels;Drama, Mystery, Horror;3.9;80;2010
Branagh Theatre Live: The Entertainer;Comedy, Drama;6.7;88;2010
Imperial Blue;Fantasy, Thriller, Drama;4.6;274;2010
Boogie Man;Comedy, Romance, Music;4.1;154;2010
Profession tueur;Thriller, Adventure, Crime, Action, Comedy;6.2;14444;2010
Face au vent;Drama;6.1;262;2010
Django Melodies;Music, Drama, History, Biography;6.4;2123;2010
Le dossier Mona Lina;Thriller, Drama;5.7;545;2010
Bad Buzz;Comedy;2.5;180;2010
De toutes mes forces;Drama;6.6;256;2010
Ricordi?;Romance, Drama;7.0;1332;2010
Come As You Are;Comedy, Drama;6.6;26776;2010
Code 8;Thriller, ScienceFiction, Crime, Action, Drama;6.1;56153;2010
La consolation;Drama;5.5;33;2010
Loue-moi!;Comedy;5.2;268;2010
Making Noise Quietly;Drama;5.9;71;2010
House of Flying Arrows;Documentary, Sport, Biography;5.9;121;2010
Les traducteurs;Thriller, Mystery;6.5;10052;2010
Caravage et moi;Drama;5.3;1444;2010
Love Me Not;Thriller, Drama;6.1;542;2010
La fameuse invasion des ours en Sicile;Fantasy, Adventure, Family, Animation;7.1;2000;2010
Mon poussin;Comedy;5.0;486;2010
Rattrapage;Comedy;4.7;170;2010
La monnaie de leur pièce;Comedy;4.1;191;2010
nOmber One;Comedy, Adventure, Drama;5.5;401;2010
Patti Cake$;Music, Drama;6.8;10686;2010
Les goûts et les couleurs;Comedy, Romance, Drama;5.4;2009;2010
My Zoé;ScienceFiction, Drama;6.0;1504;2010
Lumières d'été;Drama;6.6;110;2010
Perfect Skin;Thriller, Horror;5.3;947;2010
Game of Death;Thriller, Horror;5.0;2672;2010
Faute d'amour;Drama;7.6;36668;2010
La douleur;Drama, War, Biography;6.3;1412;2010
Les As de la jungle;Comedy, Adventure, Family, Animation;5.3;1550;2010
Drôles de petites bêtes;Comedy, Adventure, Animation;4.6;332;2010
Black Lake;Thriller, Drama, Horror;4.2;120;2020
Mami Wata;Fantasy, Thriller, Drama;6.5;544;2020
Le rire de ma mère;Comedy, Drama;6.1;186;2010
Gauguin - Voyage de Tahiti;Romance, Drama, Biography;6.0;2513;2010
L'école buissonnière;Comedy, Drama, Family;6.9;2182;2010
Les Initiés;Romance, Drama;6.8;2149;2010
Brooklyn Yiddish;Drama;6.5;2670;2010
House on Elm Lake;Horror;3.4;1405;2010
Festival of the Spoken Nerd: Full Frontal Nerdity;Comedy;8.4;18;2010
Lost in London;Comedy, Drama;6.1;4954;2010
Welcome to Hell;Horror;2.8;256;2010
Jeannette, l'enfance de Jeanne d'Arc;Musical, Drama, History;5.9;1223;2010
Burn Out;Thriller, Action;6.2;4663;2010
Les Garçons sauvages;Comedy, Adventure, Drama, Fantasy;6.8;3366;2010
Oxygène;Thriller, ScienceFiction, Horror, Fantasy, Drama, Sci-Fi;6.5;46521;2020
Funan, le peuple nouveau;Drama, History, Animation;6.9;1156;2010
Oh Lucy!;Comedy, Romance, Drama;6.8;3464;2010
Whisper;Thriller, Horror;3.7;118;2020
Where the Skin Lies;Thriller, Horror;3.9;354;2010
Jonaki;Fantasy, Drama;6.6;310;2010
L'Échange des princesses;Drama, History;6.7;1352;2010
Winter War;Drama, Action, War, History;3.9;326;2010
The Hungry;Drama;7.0;1388;2010
Werewolves of the Third Reich;Adventure, Action, War, Horror;2.2;958;2010
The Double Lover;Romance, Thriller, Drama;6.2;14307;2010
Pendular;Romance, Drama;6.3;575;2010
Sleep Has Her House;Drama, Mystery, Documentary, Horror;6.9;826;2010
Holy Lands;Comedy, Drama;5.7;1761;2010
A Taste of Phobia;Horror;3.3;290;2010
Notre enfant;Thriller, Drama, Crime;6.3;783;2010
À genoux les gars;Comedy;4.8;303;2010
Les oiseaux de passage;Drama, Crime;7.5;13551;2010
Tijuana Bible;Thriller, Drama;5.2;161;2010
La Miséricorde de la Jungle;War, Drama, Crime;6.2;308;2010
Downton Abbey;Romance, Drama, History;7.4;66881;2010
Blood Red Sky;Thriller, Drama, Action, Horror;6.1;57896;2020
Fuck Them All;Fantasy, Drama;8.0;13;2010
Alien Outbreak;ScienceFiction, Horror, Sci-Fi;3.5;668;2020
Barbara;Music, Drama, Biography;6.0;1216;2010
The Lost Viking;Adventure, Action, History;3.9;432;2010
Racine Carré Live;Music;9.2;41;2010
Alright Now;Comedy, Drama, Music;4.2;690;2010
Un Beau Soleil Intérieur;Comedy, Romance, Drama;6.0;8073;2010
Un couteau dans le cœur;Romance, Drama, Mystery, Horror;6.2;5847;2010
Lost Country;Drama;6.4;517;2020
Anna et l'Apocalypse;Comedy, Musical, Fantasy, Horror;6.1;16620;2010
Le Dernier Voyage;Adventure, ScienceFiction, Drama, Sci-Fi;5.1;1662;2020
The Personal History of David Copperfield;Comedy, Drama;6.4;23365;2010
Embrasse-Moi!;Comedy, Romance;4.9;299;2010
L'Atelier;Thriller, Drama, Mystery;6.5;2333;2010
L'embarras du choix;Comedy, Romance;5.5;1244;2010
Baby Phone;Comedy;5.1;292;2010
National Theatre Live: Hangmen;Comedy, Drama;7.5;235;2010
Belle and Sébastien 3: The Last Chapter;Adventure, Family;6.3;975;2010
The Revenge of Robert the Doll;Horror;2.7;936;2010
L'amour est une fête;Comedy, Drama;5.2;810;2010
Esau;Drama;5.3;191;2010
Unit Eleven;ScienceFiction, Action;2.3;205;2020
Emily and the Magical Journey;Fantasy, Adventure, Family;4.3;301;2020
Le brio;Comedy, Drama;6.7;5075;2010
3 jours à Quiberon;Drama;6.8;1597;2010
Frost;Drama, War, Mystery;5.7;809;2010
Irregardable;Comedy, Drama;8.2;37;2010
Les aventures de Spirou et Fantasio;Comedy, Adventure;4.0;612;2010
Berlin Alexanderplatz;Thriller, Drama, Crime;6.9;4142;2020
Two Lions Heading to Venice;Comedy, Drama;6.3;27;2020
Monster Hunter;Fantasy, Adventure, Action;5.2;71939;2020
Serenity;Thriller, Drama, Mystery;5.4;47595;2010
Deep Web XXX;Fantasy, Thriller, Horror;4.2;119;2010
Picture of Beauty;Romance, Drama;3.5;2121;2010
H4/9.3;Comedy, Drama;6.7;1584;2010
Teen Spirit;Music, Drama;6.1;10075;2010
Quién te cantará;Music, Drama, Mystery;6.9;3422;2010
La dernière vie de Simon;Romance, Drama, Family, Fantasy;6.6;752;2010
Two for Joy;Drama;6.1;469;2010
Le Royaume de Dawn;Animation, Adventure, Family, Comedy, Fantasy;4.6;869;2010
Une famille syrienne;Drama, War;7.1;3041;2010
Headbang Lullaby;Comedy;6.4;134;2010
Ghosts of War;Fantasy, Thriller, War, Horror;5.6;12931;2020
The Beach Bum;Comedy, Drama;5.5;25901;2010
Une famille sur le ring;Comedy, Drama, Biography;7.0;90881;2010
Évasion 2;Thriller, Action, Crime, Mystery;3.9;36982;2010
Two Heads Creek;Comedy, Thriller, Horror;5.3;1462;2010
Knock;Comedy;6.1;4261;2010
La Deuxième Étoile;Comedy;4.0;207;2010
Rey, l'histoire du Français qui voulait devenir roi de Patagonie;Fantasy, Drama, Biography;6.7;330;2010
National Theatre Live: The Deep Blue Sea;Drama;7.8;362;2010
Un hiver à New York;Drama;6.5;5353;2010
Piercing;Thriller, Mystery, Horror;5.5;8936;2010
Une soirée avec Beverly Luff Linn;Comedy, Crime;5.8;6899;2010
Diamantino;Comedy, ScienceFiction, Drama, Fantasy;6.3;3273;2010
Enemy Within;Drama, Action, History;4.7;1075;2010
Frères ennemis;Thriller, Drama;6.4;3122;2010
Hurt by Paradise;Drama;5.4;105;2010
Regarde les hommes nager;Comedy, Drama, Sport;6.4;4409;2010
Nomis;Thriller, Adventure, Crime, Action, Drama;5.9;29738;2010
Patrick;Comedy, Romance, Family;5.9;4531;2010
Peter Gabriel: Back to Front;Music;7.9;52;2010
Cold War;Music, Romance, Drama, War;7.5;63841;2010
Simon et Théodore;Comedy, Drama;6.0;73;2010
National Theatre Live: Saint Joan;Drama;7.3;135;2010
Représaille;Thriller, Drama, Action, Crime;4.3;8418;2010
Slipknot: (sic)nesses;Music;8.4;57;2010
Taste;Drama;5.4;427;2020
Momo;Comedy;5.1;1449;2010
Qu'est-ce qu'on a encore fait au Bon Dieu ?;Comedy, Drama;6.1;10377;2010
L'apparition;Drama, Mystery;6.3;1946;2010
Royal Corgi;Comedy, Family, Animation;4.9;8222;2010
La morsure des dieux;, Drama;6.7;30;2010
Negative Numbers;Drama, Sport;7.3;244;2010
Monster Family, les origines;Comedy, Fantasy, Family, Animation;4.8;5672;2010
Mask of Thorn;Horror;2.9;459;2010
Curse of the Witch's Doll;Mystery, Horror;3.1;513;2010
The Devil's Magnificent;Romance, Drama, Comedy;6.6;49;2010
Wallay;Drama;6.5;199;2010
Mandy the Doll;Horror;2.5;335;2010
Mes provinciales;Drama;6.4;726;2010
Adieu, mon soldat indien;War, History, Documentary;8.1;28;2010
Mariana;Drama;6.3;487;2010
Invisible;Drama;6.0;887;2010
Le dernier prisonnier;Drama;6.6;193;2010
Ray & Liz;Drama;6.7;1876;2010
Reign of Fire;ScienceFiction, Adventure, Action, Fantasy, Sci-Fi;3.1;727;2010
Bob le Bricoleur: Mega Machines - Le film;Animation, Adventure, Action, Family, Comedy;4.7;166;2010
The House of Violent Desire;Thriller, Mystery, Horror;3.3;353;2010
A Good Woman;Thriller, Drama, Crime;6.3;5843;2010
Listen;Drama;7.0;2163;2020
Le poirier sauvage;Drama;8.0;29521;2010
Les fantômes;Thriller, Horror;5.3;70;2010
The Rebels;Adventure, Drama, Action, History;3.5;153;2010
Les Hommes du feu;Drama;6.1;506;2010
False Witness;Thriller;4.0;1458;2010
Ahockalypse;Comedy, Adventure, Fantasy, Horror;3.5;213;2010
La sincérité;Comedy, Musical, Romance;5.5;106;2010
Eleven;War;5.0;166;2010
Knights of Newgate;Fantasy, Adventure;3.5;124;2020
Photo de famille;Comedy, Drama;5.8;962;2010
Burning Men;Fantasy, Drama, Comedy;4.2;152;2010
Un rêve solaire;Animation;7.5;60;2010
Two Graves;Thriller;4.2;403;2010
Outlaw King : Le Roi hors-la-loi;Biography, Action, War, Drama, History;6.9;84884;2010
Première année;Comedy, Drama;6.6;3066;2010
La Belle et la Belle;Comedy, Drama, Fantasy, Sci-Fi;5.5;487;2010
Wajib - L'invitation au mariage;Comedy, Drama;7.3;2091;2010
Les Filles du soleil;Drama, War;6.5;2936;2010
Les confins du monde;Adventure, Drama, War;6.3;1289;2010
National Theatre Live: Hedda Gabler;Drama;7.7;256;2010
South African Spook Hunter;Comedy, Horror;8.2;46;2010
Born a King;Drama, History;7.3;3037;2010
La saveur des ramen;Drama;6.8;2571;2010
Agent Kelly;Thriller;3.9;99;2020
Marlowe;Thriller, Drama, Crime, Mystery;5.4;13645;2020
Tenet;Thriller, ScienceFiction, Action, Sci-Fi;7.3;629822;2020
Fubar;Comedy, Action, Horror;4.8;803;2010
Rémi sans famille;Adventure, Drama, Family;7.1;3253;2010
Numéro une;Thriller, Drama;5.9;638;2010
Silvio et les autres 1;Drama, Biography;6.7;5457;2010
Heureux comme Lazzaro;Fantasy, Drama, Mystery;7.5;22252;2010
The Haunted Hotel;Comedy, Drama, Horror;4.6;528;2020
The Take Down;Thriller, Action, Crime;3.5;312;2010
Cuban Network;Thriller, Drama, Crime, History;5.9;12410;2010
Bikini Blue;Drama;4.3;204;2010
Peppa Pig: My First Cinema Experience;Family, Animation;4.2;353;2010
Tucked;Comedy, Drama;6.9;907;2010
La belle et la meute;Thriller, Drama, Crime;7.1;2830;2010
24 Frames;Drama;6.8;2386;2010
Moon Hotel Kabul;Drama;6.3;328;2010
Marona;Drama, Family, Animation;7.5;1468;2010
The Devil's Doorway;Drama, Horror;5.3;4383;2010
Kiss & Cry;Music, Romance, Drama;5.8;82;2010
L'Intrusa;Drama;6.3;452;2010
Petit Paysan;Thriller, Drama, Crime;7.0;1899;2010
Une Vie Violente;Thriller, Drama;6.0;464;2010
Gabriel et la montagne;Adventure, Drama, Biography;7.0;1512;2010
The Ledge;Thriller, Adventure, Action;5.2;6911;2020
Eaten by Lions;Comedy, Drama;6.1;1310;2010
Alex, le destin d'un roi;Fantasy, Adventure, Action, Family;6.1;19677;2010
Je vais mieux;Comedy;5.8;342;2010
Djam;Music, Adventure, Drama;7.0;2448;2010
Pour l'éternité;Comedy, Drama, Fantasy;6.8;8337;2010
Jumbo;Fantasy, Romance, Drama;6.1;1359;2020
The Black Gloves;Horror;5.1;199;2010
Mme Mills, une voisine si parfaite;Comedy;4.0;549;2010
Benedetta;Romance, Drama, History, Biography;6.7;27888;2020
Un merveilleux couple;Romance, Drama, Crime, TVMovie;6.9;753;2010
Le Géant;Thriller, Crime, Mystery;4.2;544;2010
Le soleil de trop près;Romance, Drama;5.4;123;2020
L'ombre de Staline;Thriller, Drama, History, Biography;6.9;17569;2010
Svideteli;Drama, War, History;6.3;152;2010
Le doudou;Comedy;5.4;874;2010
Jeux d'espions;Thriller, Action;5.1;4588;2020
C.L.E.A.N.;Thriller, Mystery, Horror;4.6;431;2020
Tout le monde debout;Comedy, Romance;6.5;5458;2010
Summerland;Romance, Drama, War;7.0;10096;2020
The Loss Adjuster;Comedy, Romance, Drama;4.0;609;2020
The Dark Within;Mystery, Horror;3.3;210;2010
Wild Mountain Thyme: Amoureux fous;Comedy, Romance, Drama;5.7;13094;2020
National Theatre Live: Rosencrantz & Guildenstern Are Dead;Comedy, , Drama;7.9;309;2010
National Theatre Live: Twelfth Night;Comedy, Drama;7.9;520;2010
National Theatre Live: Amadeus;Comedy, Musical, Drama;8.2;372;2010
National Theatre Live: The Threepenny Opera;Comedy, Musical, ;8.2;89;2010
National Theatre Live: Who's Afraid of Virginia Woolf?;Drama;8.3;264;2010
Angels in America: Part I - Millennium Approaches;Drama;8.8;862;2010
National Theatre Live: Angels in America Part Two: Perestroika;Drama;8.9;712;2010
Royal Shakespeare Company: The Tempest;Fantasy, Drama;7.7;88;2010
RSC Live: Antony and Cleopatra;, Drama;6.3;57;2010
Royal Shakespeare Company: Titus Andronicus;Drama;7.2;42;2010
Tripoli Cancelled;Drama;6.1;38;2010
Les carnets de Siegfried;Drama, War, History, Biography;6.6;4092;2020
Dead Heading;Thriller, Drama, Mystery, Horror;3.4;128;2010
The King's Man : Première Mission;Thriller, Mystery, Adventure, Action, War;6.3;186734;2020
Je ne suis pas un homme facile;Comedy, Romance, Fantasy;6.3;16096;2010
Brillantissime;Comedy, Romance;4.5;743;2010
La ch'tite famille;Comedy;5.8;4808;2010
The Little Stranger;Drama, Mystery, Horror;5.5;10825;2010
Baghdad in My Shadow;Thriller, Drama;6.8;464;2010
Dead Ringer;Action;3.6;225;2010
Out of Blue;Drama, Crime, Mystery;4.8;2249;2010
Les aventures d'un mathématicien;Drama, History, Biography;5.8;1955;2020
Edge of Extinction;Thriller, ScienceFiction, Horror, Action, Drama, Sci-Fi;5.0;1854;2020
Archive;Thriller, ScienceFiction, Mystery, Fantasy, Drama, Sci-Fi;6.4;27957;2020
Can't Kill This;Comedy, Fantasy, Horror;4.1;1194;2010
White Chamber;ScienceFiction, Drama, Horror, Sci-Fi;4.4;1659;2010
Le monde est à toi;Comedy, Crime;6.3;5112;2010
Foxtrot;Drama;7.2;8240;2010
L'autre continent;Romance, Drama;6.4;240;2010
Le Ciel étoilé au-dessus de ma tête;Comedy;6.4;118;2010
Guns Akimbo;Comedy, Action, Crime;6.3;74053;2010
Maacher Jhol;Drama, Family;7.0;825;2010
Slaughterhouse Rulez;Comedy, Action, Fantasy, Horror;5.3;16711;2010
L'île de Bergman;Comedy, Romance, Drama;6.6;11032;2020
Far from the Apple Tree;Fantasy, Horror;4.9;106;2010
Mamma Mia! Here We Go Again;Comedy, Musical, Romance;6.6;115562;2010
The Renata Road;Thriller, Mystery;4.8;2820;2020
Le flic de Belleville;Comedy, Crime;5.0;3430;2010
Susu;Drama, Crime, Horror;3.7;187;2010
The Royal Opera House: Madama Butterfly;Music, Musical;6.9;39;2010
The Warrior Queen of Jhansi;Fantasy, Adventure, Drama, History;4.9;776;2010
Les crevettes pailletées;Comedy, Drama, Sport;6.5;3171;2010
Resident Evil : Bienvenue à Raccoon City;ScienceFiction, Action, Horror, Sci-Fi;5.2;68482;2020
The Souvenir Part I;Romance, Drama;6.4;15143;2010
Tu ne tueras point;Thriller, Drama;6.4;2003;2010
Johnny English 3;Comedy, Adventure, Action;6.2;87374;2010
Manto;Drama, History, Biography;7.3;4837;2010
Normandie nue;Comedy, Drama;5.9;1251;2010
Father of Flies;Horror;4.0;569;2020
Une amitié dangereuse pour ma fille;Thriller, Drama, Crime, TVMovie;4.9;472;2010
At Eternity's Gate;Drama, History, Biography;6.9;42359;2010
The Same Circles;Drama;3.9;74;2010
Scarborough;Romance, Drama;5.7;933;2010
Les ex;Comedy;5.6;815;2010
Un homme pressé;Comedy, Drama;6.4;1923;2010
Ciel Rouge;Drama, War;4.4;41;2010
In viaggio con Adele;Comedy, Drama;6.1;191;2010
The Salt in Our Waters;Drama;6.7;208;2020
Love Addict;Comedy, Romance;5.0;581;2010
La dernière folie de Claire Darling;Drama;5.8;1202;2010
Walk Like a Panther;Comedy;5.0;693;2010
Place publique;Comedy, Drama;6.0;1289;2010
The Toll;Comedy, Thriller, Crime;5.8;1639;2020
En attendant les barbares;Drama;5.8;79;2010
My Friend the Polish Girl;Drama;5.6;80;2010
Mon tissu préféré;Drama;5.8;602;2010
The Souvenir: Part II;Romance, Drama;7.1;4637;2020
Umami;Comedy, Drama;5.7;735;2020
Gaston Lagaffe;Comedy, Adventure;4.5;1157;2010
Christmas Presence;Comedy, Horror;3.9;627;2010
Paul Sanchez est revenu!;Thriller, Drama;5.9;424;2010
Moi, maman, ma mère et moi;Comedy, Drama;5.1;40;2010
Expiry;ScienceFiction, Sci-Fi;3.6;154;2020
Plonger;Drama;5.7;631;2010
Le sommet des dieux;Adventure, Drama, Mystery, Animation;7.5;9660;2020
Synonymes;Comedy, Drama;6.3;6445;2010
Un cadeau du ciel;Comedy, Family, Fantasy;6.3;3403;2010
La Colle;Comedy;6.0;495;2010
L'Empereur de Paris;Thriller, Adventure, Crime, Drama, History;6.3;6495;2010
Budapest;Comedy;5.5;3777;2010
Le manoir;Comedy, Horror;4.6;3054;2010
Pond Life;Drama;6.0;462;2010
Qui a tué Lady Winsley?;Comedy, Crime, Mystery;6.0;482;2010
Denmark;Comedy, Drama;6.2;2172;2010
Brothers in Arms;Thriller, Drama, Action;6.2;4243;2010
General Commander;Thriller, Action, Crime;3.1;2120;2010
L'insulte;Thriller, Drama, Crime;7.6;18611;2010
Le vent tourne;Drama;6.1;525;2010
Robin des Bois : La Rébellion;Adventure, Action, History;3.3;3976;2010
Arthur & Merlin: Knights of Camelot;Adventure, Action, History;3.3;4261;2020
La victoire dans le sang;Drama, Action, Sport;4.5;2713;2010
I Love My Mum;Comedy;4.5;437;2010
Grindsploitation 4: Meltsploitation;Comedy, Action, Horror;4.1;301;2010
Suite 313;Action, Horror;4.6;592;2010
Lapwing;Thriller, Drama, History;5.0;271;2020
WWII: The Long Road Home;Adventure, Drama, War;3.9;124;2010
Le Retour du Héros;Comedy, History;6.5;4787;2010
Les Tuche 3;Comedy;4.7;1632;2010
Révolution;Drama, History;5.8;1609;2010
Le jour viendra où...;Comedy, Crime;5.9;4345;2010
Carnivores;Thriller, Drama;5.3;452;2010
Hilda;Drama;7.7;19;2010
Muscle;Thriller;6.0;973;2010
Anya;Thriller, Drama, War;6.0;2056;2020
Nos vies formidables;Drama;6.6;126;2010
The Final Scream;Horror;3.4;615;2010
Gun City;Thriller, Adventure, Crime, Action, Drama;6.3;4451;2010
Princess Emmy;Fantasy, Family, Animation;4.8;136;2010
Le collier rouge;Drama, War, Mystery;6.1;561;2010
Les affamés;Comedy;4.2;198;2010
National Theatre Live: Young Marx;Comedy, Biography;7.5;106;2010
National Theatre Live: Follies;Music, Musical, Drama;8.3;319;2010
RSC Live: Twelfth Night;Comedy;7.6;40;2010
Le Semeur;Romance, Drama;6.5;778;2010
Les lendemains de veille;Comedy, Drama;6.1;20;2020
Charleston;Comedy, Drama;6.7;1180;2010
Pauvre Georges!;Drama;5.2;89;2010
Tremblements;Drama;6.6;1599;2010
Once Upon a Time in... Hollywood;Comedy, Thriller, Drama;7.6;909011;2010
Le Rythme de la vengeance;Thriller, Drama, Action, Mystery;5.4;20604;2020
Alad'2;Comedy, Fantasy;3.8;1355;2010
La finale;Comedy;5.9;557;2010
Monsieur;Romance, Drama;7.7;9136;2010
Volontaire;Drama;5.7;470;2010
Hikikomori;Fantasy, Drama, Comedy;6.6;9;2020
The Sonata;Music, Thriller, Mystery, Horror;5.3;1778;2010
Jalouse;Comedy, Drama;6.1;1657;2010
Au poste !;Comedy;6.7;5874;2010
County Lines;Drama, Crime;6.9;1733;2010
Blood Myth;Horror;3.1;363;2010
La Zone d'intérêt;Drama, War, History;7.3;134069;2020
You Are My Sunshine;Romance, , Drama, History;5.7;227;2020
Contes de juillet;Comedy, Drama;6.5;360;2010
Le rire de Madame Lin;Drama;6.8;175;2010
Milla;Drama;6.2;298;2010
La Charge;Drama;6.5;1831;2010
King Lear: Live from Shakespeare's Globe;Drama;6.9;50;2010
Pit Stop (2020);Comedy, Horror;3.0;587;2010
Typo;Thriller, Drama;4.6;89;2020
Dilili à Paris;Adventure, Family, Animation;6.8;1252;2010
Holy Emy;Drama, Mystery, Horror;6.1;493;2020
Une Saison en France;Drama;6.3;610;2010
Capri-Revolution;Drama, History;6.1;1064;2010
Demi-soeurs;Comedy;5.6;578;2010
The Secret Kiss;Drama, Mystery;4.4;101;2010
As I Am;Comedy, Romance, Drama;6.1;1298;2010
Edmond;Comedy, Drama, History;7.3;3939;2010
MILF;Comedy, Romance;4.8;7798;2010
I Feel Good;Comedy, Drama;5.9;1497;2010
Jessica Forever;Fantasy, ScienceFiction, Drama, Sci-Fi;4.7;1063;2010
Sauver ou périr;Drama;6.9;2253;2010
La Mauvaise Réputation;Drama;7.4;6235;2010
Les Estivants;Comedy, Drama;5.3;672;2010
Garde alternée;Comedy;5.5;1089;2010
Bécassine;Comedy, Adventure, Family;5.6;365;2010
Holy Terrors;Fantasy, Drama, Horror;7.9;11;2010
La villa;Comedy, Drama;6.5;1867;2010
Sparring;Action, Drama, Sport;6.4;715;2010
Les Versets de l'oubli;Drama;6.6;772;2010
Il se passe quelque chose;Drama;5.5;42;2010
He Loves Me;Romance, Drama;5.1;300;2010
Taxi 5;Comedy, Action, Crime;4.6;11524;2010
The Necromancer;Horror;3.3;733;2010
Le Poulain;Comedy, Drama;5.6;591;2010
Tell It to the Bees;Romance, Drama;6.5;7565;2010
Boulot Pervers;Romance, Thriller, Drama;3.3;667;2010
Lucky Day;Comedy, Thriller, Action, Crime;5.1;3746;2010
Facteur Cheval;Drama, History, Biography;7.1;1570;2010
Doubles vies;Comedy, Romance, Drama;6.4;6029;2010
Guy;Comedy, Drama, Music;6.8;963;2010
Alien Crystal Palace;Music, Thriller, Mystery;2.7;252;2010
Book of Monsters;Comedy, Action, Horror;4.7;2367;2010
Un monde plus grand;Drama;6.4;564;2010
Les Cahiers;Drama;6.6;904;2020
#Followme;Thriller, Horror;3.6;681;2010
Woman at war;Comedy, Adventure, Drama, Thriller;7.4;11661;2010
Carmilla;Fantasy, Romance, Drama, Horror;5.3;1105;2010
Wreck;Horror;2.2;289;2020
Aquaslash;Comedy, Drama, Horror;3.6;3551;2010
Dragonflies Only Live for 24 Hours;Drama, Crime;4.3;257;2010
Minuscule 2;Comedy, Adventure, Family, Animation;6.9;1905;2010
Les Éternels;Romance, Drama, Crime;7.0;11134;2010
Supervized;Comedy;5.1;1126;2010
Roads;Comedy, Adventure, Drama;6.4;992;2010
Monsieur je-sais-tout;Comedy, Drama;6.4;866;2010
The Drifters;Romance, Drama;7.1;33;2010
A Serial Killer's Guide to Life;Comedy, Adventure, Crime, Thriller;5.0;1444;2010
Atomic Apocalypse;ScienceFiction, Sci-Fi;3.2;374;2010
Sans filtre;Comedy, Drama;7.3;202580;2020
The Almond and the Seahorse;Drama;5.4;572;2020
Banishing : La Demeure du mal;Thriller, Mystery, Horror;4.5;2977;2020
47 Meters Down: Uncaged;Adventure, Drama, Horror;5.0;32403;2010
Sulphur and White;Drama;5.6;345;2020
Dirty God;Drama;6.5;1938;2010
Takara - La nuit où j'ai nagé;Drama;6.4;593;2010
Les bienheureux;Drama;6.6;249;2010
L'Ordre des choses;Drama;6.4;312;2010
Timestalker;Comedy, Romance, Drama, Fantasy;5.5;2999;2020
L'été;Music, Drama, History, Biography;7.3;8259;2010
Days of the Bagnold Summer;Comedy, Drama, Music;6.6;2776;2010
The Lodge;Thriller, Drama, Mystery, Horror;6.0;61404;2010
Ç'est toi papa?;Horror;5.2;287;2010
Jeunesse sauvage;Drama;6.4;54;2010
Gatecrash;Thriller, Drama, Crime;4.1;224;2020
Meeting;Drama, Mystery, Horror;3.3;185;2020
Proxima;Adventure, Drama, Sci-Fi;6.3;9540;2010
Followers;Comedy, Horror;3.3;350;2020
Sun;Comedy;5.1;63;2010
Volubilis;Drama;6.3;267;2010
Mosaic;ScienceFiction, Drama, Sci-Fi;7.3;16;2010
Bad Bad Winter;Thriller, Drama;7.5;30;2010
We Used to Know Each Other;Comedy, Drama;6.2;86;2010
Little Monsters;Comedy, Horror, Sci-Fi;6.3;20530;2010
Falling for Figaro;Comedy, Romance, Music;6.5;4679;2020
C'est ça l'amour;Comedy, Drama, Family;6.7;840;2010
Curse of the Scarecrow;Horror;2.5;434;2010
Les Fleurs amères;Drama;6.9;259;2010
Martyrs Lane;Drama, Horror;5.5;2339;2020
Thomas & Friends: Big World! Big Adventures!;Adventure, Action, Family, Animation;5.1;437;2010
Plein la vue;Comedy, Drama;7.4;58;2010
Le gendre de ma vie;Comedy;5.4;705;2010
Jurassic Pet : L'Odyssée d'Albert;Adventure, ScienceFiction, Family, Sci-Fi;3.7;399;2010
Breaker;Drama;4.9;640;2010
Amin;Drama;6.1;359;2010
2nd Date Sex;Comedy, Romance;5.6;1345;2010
For We Are Many;Horror;3.9;471;2010
Alfred the Doll;Thriller, Drama, Horror;3.6;772;2010
La sainte famille;Comedy, Romance, Drama, TVMovie;6.1;83;2010
Benjamin;Comedy, Romance, Drama;6.5;2657;2010
Sa dernière volonté;Thriller, Drama, Crime, Mystery;4.4;17117;2020
Pipi, Pupu & Rosemary: the Mystery of the Stolen Notes;Animation, Adventure, Comedy, Family, Fantasy;6.8;48;2010
Le Chant du loup;Thriller, Action;6.9;22967;2010
Un beau voyou;Comedy, Drama;5.9;360;2010
Les 7 déserteurs ou la Guerre en vrac;, Drama;7.3;19;2010
The Festival;Comedy, Romance, Music;5.8;7977;2010
In Fabric;Mystery, Horror, Comedy, Drama, Fantasy;6.1;14897;2010
A Fistful of Lead;Western, Action;3.5;479;2010
The Boat;Thriller, Horror, Mystery;5.7;5253;2010
La Biographie Inventée;Documentary, Biography;7.0;10;2010
Abdel et la Comtesse;Comedy;4.9;147;2010
L'Étau de Munich;Drama, History, Biography;6.8;37743;2020
Le grand bain;Comedy, Drama, Sport;6.9;12511;2010
Sauvages;Romance, Drama;5.1;68;2010
Train de vies ou les voyages d'Angélique;Drama;6.9;16;2010
Young Men;Music, Drama, War;7.2;49;2010
Neuilly sa mère 2;Comedy;5.2;541;2010
De parfaits inconnus;Comedy, Drama;6.8;18067;2010
Le cahier noir;Romance, Drama, History;5.3;283;2010
Ami-ami;Comedy, Romance;5.5;958;2010
Amanda;Drama;7.0;3701;2010
Adults in the Room;Drama;6.0;6354;2010
Lambo;Documentary, Biography;2.0;196;2010
100 kilos d'étoiles;Comedy, Drama, Family;6.2;153;2010
Les chatouilles;Comedy, Drama;7.2;1914;2010
13 Graves;Mystery, Horror;4.1;908;2010
Ron débloque;ScienceFiction, Animation, Adventure, Family, Comedy;7.1;43110;2020
Royal Shakespeare Company: Macbeth;Drama;6.6;123;2010
RSC Live: Romeo and Juliet;Drama;6.1;49;2010
Royal Shakespeare Company: The Merry Wives of Windsor;Comedy, ;6.4;48;2010
Cat on a Hot Tin Roof;Drama;7.3;390;2010
Paradise Beach;Thriller, Action;4.6;2571;2010
The Fight;Comedy, Drama, Sport;5.7;235;2010
Versus;Thriller, Drama;4.5;207;2010
Mission of Honor;Drama, Action, War;5.9;5700;2010
J'ai perdu Albert;Comedy;4.5;222;2010
Grindhouse Nightmares;Thriller, Adventure, Action, Horror;2.0;357;2010
Frères d'arme;Drama;5.4;31;2010
Beats;Comedy, Music, Drama, Crime;7.1;4946;2010
Retour à Bollène;Drama;6.8;92;2010
Le nid du tigre;Adventure, Drama, Family;5.7;529;2020
Mademoiselle de Joncquières;Romance, Drama;6.8;4112;2010
StarDog et TurboCat;Animation, Adventure, Action, Family, Comedy;5.2;2539;2010
Only You;Romance, Drama;6.7;3892;2010
Cosmic Candy;Comedy, Drama, Fantasy;5.8;246;2010
Le garçon qui dompta le vent;Drama, Family, History, Biography;7.6;48240;2010
Tamara Vol. 2;Comedy, Romance;5.2;274;2010
Les dents, pipi et au lit;Comedy;5.3;1032;2010
Nomades;Drama;7.4;35;2010
Plaire, aimer et courir vite;Comedy, Romance, Drama;6.8;4343;2010
En liberté !;Comedy, Romance, Drama, Crime;6.2;4275;2010
Gueule d'ange;Drama;6.0;1238;2010
Les hirondelles de Kaboul;Drama, War, Animation;7.5;2844;2010
Marche ou crève;Drama;6.4;99;2010
Petit vampire;Fantasy, Family, Animation;6.4;590;2020
Premières vacances;Comedy;5.9;2265;2010
Weldi;Drama;6.4;505;2010
Tous les dieux du ciel;Drama, Horror, Sci-Fi;6.1;995;2010
Interrail;Comedy;5.4;79;2010
Pupille;Drama;7.2;2809;2010
The Barge People;Horror;4.2;620;2010
Apocalyptic Horror;Horror;4.4;76;2010
Judy;Music, Drama, History, Biography;6.8;56634;2010
Celle que vous croyez;Romance, Drama;6.8;8046;2010
Un Autre Monde;Drama;6.9;2357;2010
A Brixton Tale;Romance, Thriller, Drama;4.8;364;2020
Saint Maud;Drama, Mystery, Horror;6.7;52092;2010
Bittersweet Symphony;Drama;3.8;182;2010
Riddle of Fire;Comedy, Adventure, Action;6.5;1870;2020
Ma mère est folle;Comedy, Drama;5.1;197;2010
Rutabaga;Fantasy, Horror;4.7;40;2010
Kill Ben Lyk;Comedy, Thriller, Crime, Mystery;4.7;613;2010
Bruno;Drama;7.1;106;2010
Port Authority;Romance, Drama;6.4;1125;2010
Goodbye;Romance, Drama;6.7;6616;2010
Mrs Lowry & Son;Drama, History, Biography;6.7;2488;2010
Curiosa;Drama, History, Biography;5.4;4383;2010
To Olivia;Drama, Biography;6.4;1963;2020
Chanson douce;Thriller, Drama, Crime;6.0;1810;2010
ADN;Drama;5.9;1457;2020
The Legend of Halloween Jack;Thriller, Horror;3.3;961;2010
Trick or Treat;Thriller, Crime;4.7;760;2010
The Intent 2: The Come Up;Drama, Crime;3.8;477;2010
Red Joan: Au Service Secret de Staline;Thriller, Drama, History, Biography;6.4;15046;2010
We Go in at Dawn;Thriller, War, History;3.6;432;2020
Paul Chowdhry: PC's World - Live 2015;Comedy;6.8;45;2010
Stewart Francis: Pun Gent;Comedy;6.0;46;2010
Ravers;Comedy, Horror;4.6;467;2010
Boss Level;Thriller, ScienceFiction, Adventure, Action, Comedy;6.8;84882;2020
The Wedding Guest;Thriller, Action;5.8;7047;2010
Good Posture;Comedy, Drama;5.7;1137;2010
Nightshooters;Thriller, Action;5.5;365;2010
Marriage Story;Romance, Drama;7.9;360628;2010
L'Envers du Décor;Comedy, Romance, Drama;5.4;1986;2010
Simone;Comedy, Drama;5.2;283;2010
Les vieux fourneaux;Comedy, Drama;6.1;991;2010
Babes with Blades;Fantasy, Adventure, Drama, Action;2.4;376;2010
The Manson Family Massacre;Thriller, Crime, Horror;2.5;548;2010
Les héroïques;Comedy, Drama;6.1;228;2020
You go to my head;Romance, Thriller, Drama, Mystery;6.5;3484;2010
Yuli;Drama, History, Biography;6.9;2367;2010
Golden Glove;Thriller, Drama, Crime, Horror;6.7;20332;2010
Clément, Alex et tous les autres;Comedy, Romance, Drama;5.3;310;2010
Vent du Nord;Drama;6.6;178;2010
Une année polaire;Adventure, Drama;6.4;424;2010
Glamour;Thriller, Mystery;5.2;54;2020
Sympathie pour le diable;Drama, War;7.4;724;2010
Pentagram;Horror;2.6;692;2010
Oleg;Drama;6.9;1056;2010
Horrible Histories: The Movie - Rotten Romans;Comedy, Adventure, Family, History;5.4;3502;2010
Ecorché;Thriller, Mystery, Horror, Action, Fantasy;3.6;439;2010
Adoration;Thriller, Drama;6.3;1377;2010
Cake;Romance, Drama, Comedy, Mystery;7.6;1233;2010
Et demain, le monde entier;Romance, Drama, Crime;6.0;3770;2020
Lola et ses frères;Comedy, Drama;6.5;615;2010
Les envoûtés;Drama, Mystery;5.4;174;2010
Liban 1982;Romance, Drama, War, History;6.7;1232;2010
Riga;Drama;6.7;44;2010
Le Traître;Thriller, Drama, Crime, Biography;7.1;13869;2010
Greenland - Le dernier refuge;Thriller, Drama, Action;6.4;146291;2020
Pink Wall;Romance, Drama;5.9;660;2010
Allons enfants;Comedy, Adventure, Drama;6.3;80;2010
La fille au bracelet;Drama, Crime;6.6;2601;2010
Les municipaux, ces héros;Comedy;4.4;315;2010
Never Rarely Sometimes Always;Drama;7.4;32108;2020
Nos batailles;Drama;6.7;1690;2010
Amour-Eux;Romance, Drama;4.8;8;2020
Une intime conviction;Drama;6.8;1784;2010
Are We Dead Yet;Comedy, Crime, Horror;2.8;318;2010
Persona non grata;Thriller, Drama;4.8;247;2010
The Last Tree;Drama;6.5;1294;2010
Princesse Dragon;Fantasy, Adventure, Family, Animation;7.2;204;2020
Lukas;Thriller, Drama, Action;5.9;7110;2010
Boys on Film 16: Possession;Animation, Horror, Romance, Comedy, Fantasy, Drama;6.6;57;2010
Boys on Film 17: Love Is the Drug;Comedy, Drama, Animation;6.5;92;2010
Raoul Taburin;Comedy;6.1;1138;2010
La prière;Drama;6.7;1330;2010
The Krays: Dead Man Walking;Action, Crime;3.0;282;2010
Sœurs d'armes;Drama, Action, War;6.1;1577;2010
Tempo Comum;Drama;6.2;51;2010
Poisonous Roses;Drama;5.6;211;2010
Sans Peur;Thriller, Drama, Action, Crime;4.2;573;2020
Un Américain à Paris - la comédie musicale au cinéma;Romance, Musical, Music;7.9;542;2010
Jusqu'ici tout va bien;Comedy, Drama;5.9;1464;2010
Joueurs;Drama, Crime;5.6;710;2010
Une jeunesse dorée;Drama;4.8;418;2010
Pari;Drama, Mystery;6.9;780;2020
Demonic Doorways;Thriller, Horror;3.9;33;2020
Tooth Fairy;Thriller, Horror;2.1;444;2010
Bride of Scarecrow;Drama, Horror;2.5;309;2010
Reign of Chaos;Fantasy, Action, Horror, Sci-Fi;2.0;624;2020
Aga;Drama;7.2;1603;2010
Boudica: Rise of the Warrior Queen;History;3.1;344;2010
Paris est une fête;Drama;4.6;1540;2010
Les siffleurs;Comedy, Thriller, Drama, Crime;6.3;6825;2010
Vous êtes jeunes, vous êtes beaux;Drama;5.7;408;2010
Black Snake: La légende du serpent noir;Comedy, Action;4.7;583;2010
Une vie secrète;Thriller, Drama, History;7.2;7572;2010
Super November;Comedy, Romance, Drama;6.1;145;2010
Spider in the Web;Thriller;4.5;2190;2010
Ibiza;Comedy;5.1;2745;2010
Un homme est mort;Drama, Documentary, History, Animation;6.6;94;2010
Dans la mêlée;Romance, Drama, Sport;6.7;8199;2020
Here Comes Hell;Comedy, Horror;5.0;1051;2010
Phénix;Drama;5.2;49;2020
Eye for an eye;Thriller, Drama, Crime;6.6;9129;2010
OSS 117: Alerte rouge en Afrique noire;Comedy, Adventure, Action;5.8;6404;2020
The Wind in the Willows: The Musical;Music, Musical, Drama, Comedy;7.4;87;2010
Ammonite;Romance, Drama, History;6.5;25247;2020
Dark Winter;Thriller, Horror, Sci-Fi;3.5;60;2010
Opération Fortune : Ruse de guerre;Comedy, Thriller, Action, Adventure;6.3;100877;2020
Spirits in the Dark;Drama, Mystery, Horror;3.1;274;2020
The Mother the Son the Rat and the Gun;Thriller, Crime;4.9;261;2020
The Man on the Other Side;Thriller, Drama;4.7;327;2010
The Operative;Thriller, Drama, Action, Mystery;5.8;7963;2010
Astérix : Le Secret de la potion magique;Comedy, Adventure, Family, Animation;6.7;12204;2010
Continuer;Adventure, Drama;5.7;422;2010
À quel prix?;Drama, History, Biography;6.8;19721;2020
Dead Shot;Thriller, Action;5.5;3192;2020
Le Syndrome du Moniteur de Ski;Comedy, Drama;4.2;134;2010
Jeunesse aux coeurs ardents;Comedy, , Drama;6.2;12;2010
Demon Eye;Horror;3.2;1917;2010
Spycies;Animation, Adventure, Action, Family, Comedy;5.5;1173;2020
Daytime Nightmare;Thriller, Horror;4.3;33;2020
Ray Charles Live in Antibes, France 1961;Music, Documentary;6.9;9;2010
Prowler;Thriller, Drama;3.2;151;2010
Undergods;Thriller, ScienceFiction, Fantasy, Drama, Sci-Fi;5.4;1668;2020
Il cratere;Drama;6.0;174;2010
Dieu existe, son nom est Petrunya;Drama;6.8;2649;2010
Racine;Comedy, Drama;6.4;1358;2010
Bite Night;Mystery, Horror;3.5;59;2020
L'intervention;Drama, Action, War, History;6.4;3559;2010
Basta Capital;Drama;5.6;31;2020
The Bad Nun;Thriller, Mystery, Horror;3.1;1578;2010
Mummy Reborn;Adventure, Horror;2.1;685;2010
Vic le viking;Comedy, Adventure, Action, Animation;5.2;501;2010
ClownDoll;Thriller, Drama, Horror;3.2;241;2010
L'homme fidèle;Comedy, Romance, Drama;6.2;4598;2010
Énorme;Comedy;5.8;1761;2010
Fête de famille;Comedy, Drama, Family;6.0;1396;2010
Hypnotic;Thriller, Mystery, Crime, Action, Drama;5.5;42342;2020
Le choc du futur;Comedy, Drama, Music;6.1;323;2010
Rebelles;Comedy, Crime;6.3;1733;2010
Nativity Rocks!;Comedy, Musical, Family;4.2;842;2010
Grâce à Dieu;Drama, Crime;7.2;8619;2010
The Seven;Horror;2.9;240;2010
Sky Dome 2123;ScienceFiction, Animation, Adventure, Romance, Drama;6.7;1409;2020
KevCoin: The Movie;Comedy;5.8;16;2010
Sauver Maman;Comedy;5.7;1375;2010
The Unfamiliar;Thriller, Horror;4.1;2522;2020
Mais vous êtes fous;Drama;6.5;528;2010
Maki'la;Drama;6.3;24;2010
Happy New Year, Colin Burstead;Comedy, Drama, TVMovie;6.4;2005;2010
L'officier d'Auschwitz;Thriller, Drama, War;3.8;1082;2010
All Inclusive;Comedy;3.3;780;2010
La nuit des rois;Fantasy, Drama;6.5;3000;2020
Magari (If Only);Comedy, Drama;6.4;917;2010
Passed by Censor;Drama;6.4;1339;2010
Paul Dood's Deadly Lunch Break;Comedy, Thriller, Action;5.7;731;2020
Her Job;Drama;6.8;768;2010
The Accidental Rebel;Drama;6.2;61;2010
Les Moissonneurs;Drama;6.5;1052;2010
Made in Bangladesh;Drama;6.9;520;2010
Tehran: City of Love;Romance, Drama;7.0;563;2010
Just a Gigolo;Comedy;5.6;1391;2010
La lutte des classes;Comedy, Drama, Family;5.9;1308;2010
Féminin plurielles;Romance;5.9;54;2010
L'Oiseau-tempête;Thriller, Mystery, Crime, Romance, Drama;6.0;16138;2010
Un grand voyage vers la nuit;Romance, Drama, Mystery;7.1;9920;2010
Le Voyage de Marta;Drama;6.1;226;2010
Holiday Monday;Action, Crime;2.9;735;2020
Le daim;Comedy, Horror;6.6;12461;2010
Nous finirons ensemble;Comedy, Drama, Family;6.5;4557;2010
L'histoire de ma femme;Romance, Drama;6.2;3191;2020
Roulez jeunesse;Comedy, Drama;5.9;763;2010
Viendra le feu;Drama, Crime;6.7;3822;2010
Ni une ni deux;Comedy;5.6;355;2010
Greatland;Fantasy, ScienceFiction, Sci-Fi;4.6;2933;2020
Distant Sky: Nick Cave & The Bad Seeds Live in Copenhagen;Music, Documentary;8.7;523;2010
Peel;Comedy, Drama;6.1;1183;2010
Papi Chulo;Comedy, Drama;6.6;1960;2010
La fête des mères;Comedy, Drama;5.3;249;2010
The Chair to Everywhere;ScienceFiction, Drama, Sci-Fi;4.5;63;2010
Marionnette;Thriller, Mystery;5.9;2567;2020
Les Bouchetrous;Comedy, Adventure, Family, Animation;5.5;3678;2020
4L;Comedy, Drama;5.9;3707;2010
Furie;Thriller, Drama, Horror;5.6;3425;2010
Mektoub, My Love: Intermezzo;Comedy, Romance, Drama;4.2;560;2010
Christmas Survival;Comedy;5.2;1250;2010
Le Remplaçant;Romance, ScienceFiction, Drama, Sci-Fi;5.4;12354;2020
Un amour impossible;Romance, Drama, History, Biography;7.0;2982;2010
Polterheist;Comedy, Crime, Horror;4.3;357;2010
Le mystère Henri Pick;Comedy, Drama, Mystery;6.7;5028;2010
Mon inconnue;Comedy, Romance, Drama, Fantasy;6.9;6738;2010
Music of my Life;Comedy, Drama, Music;6.9;27980;2010
Capharnaüm;Drama;8.4;116130;2010
Dark Encounter;Thriller, ScienceFiction, Mystery, Horror, Sci-Fi;5.3;4755;2010
La tendre indifférence du monde;Drama;6.7;300;2010
Th'dread Rattlin';Drama, Horror;3.0;118;2010
Donbass;Drama, War;6.6;5106;2010
Aland;Drama;4.2;6;2020
Blank;Thriller, ScienceFiction, Drama, Sci-Fi;4.7;1606;2020
You Won't Be Alone;Fantasy, Drama, Horror;6.4;12696;2020
Sofia;Drama;6.7;932;2010
Fractured;Thriller, Mystery;5.6;1124;2010
L'amour debout;Romance, Drama;5.2;222;2010
Les particules;Fantasy, Drama, Mystery;5.3;315;2010
Sauvage;Drama;7.1;5820;2010
Meurtrie;Drama, Sport;6.2;16502;2020
Meurs, monstre, meurs;Thriller, Drama, Horror;5.5;1121;2010
Nuclear;Thriller, Drama;5.3;480;2010
Terra Willy, planète inconnue;Comedy, Adventure, Family, Animation;6.6;2537;2010
We Are Thankful;Drama;7.4;56;2010
Everybody's Talking About Jamie;Music, Musical, Family, Comedy, Drama;8.0;743;2010
Amulet;Mystery, Horror;4.9;4982;2020
1792, à l'ombre des chapelles;Drama, History;6.5;71;2010
Des gens bien;Comedy, Drama, Crime;6.3;143;2010
Zoo-Head;Thriller, ScienceFiction, Sci-Fi;3.7;205;2010
Le prince oublié;Comedy, Adventure, Family, Fantasy;5.4;1682;2020
Chicken Run : La Menace nuggets;Comedy, Adventure, Family, Animation;6.3;27071;2020
Toute ressemblance...;Comedy, Drama;4.4;366;2010
Automata;Horror;4.2;1936;2010
Future TX;Adventure, ScienceFiction, Action, Family;6.0;44;2020
Los silencios;Drama;6.9;556;2010
5 est le numéro parfait;Thriller, Drama, Crime;5.9;1552;2010
Vaillante;Comedy, Adventure, Family, Animation;6.2;3592;2020
Sorry We Missed You;Drama;7.6;27241;2010
Le jeune Ahmed;Drama, Family;6.6;4898;2010
Roubaix, une lumière;Thriller, Drama, Crime;6.3;2610;2010
It Must Be Heaven;Comedy, Drama;6.9;5874;2010
Climax;Music, Drama, Horror;6.9;85399;2010
Boys on Film 18: Heroes;Romance, Drama, Documentary, Animation;6.4;92;2010
Make-Up;Thriller, Drama, Mystery;5.8;2118;2010
The Gentlemen;Comedy, Action, Crime;7.8;433608;2010
Sons of Philadelphia;Drama, Action, Crime;5.1;2742;2020
Bloody Milkshake;Thriller, Action, Crime;6.1;53901;2020
The Quilt;Drama, History, Biography;6.1;175;2010
Swallow;Thriller, Drama;6.5;30631;2010
Hitman & Bodyguard 2;Comedy, Thriller, Action, Crime;6.1;114407;2020
National Theatre Live: Macbeth;Drama;7.4;114;2010
MJÓLK, La guerre du lait;Comedy, Drama;6.5;1764;2010
Mon Ket;Comedy, Drama;5.8;779;2010
Damien veut changer le monde;Comedy, Drama;5.6;517;2010
Memoria;Drama, Mystery, Sci-Fi;6.4;12189;2020
Ma vie avec Dalí;Drama, History, Biography;5.9;2772;2020
Killers Anonymous;Thriller, Action, Crime, Mystery;4.0;10514;2010
The Grand Duke of Corsica;Comedy, Adventure, Drama;4.7;474;2020
Robert Reborn;Horror;2.7;721;2010
Les avantages de voyager en train;Comedy, Thriller, Drama, Mystery;6.4;3451;2010
Comment tuer sa mère;Comedy;3.7;198;2010
Les Années 10;Thriller, Drama, Crime;5.9;876;2020
Les Rois du rallye;Comedy, Family, Animation;5.2;1051;2020
We Belong Together;Romance, Thriller, Drama;4.7;702;2010
Lie Low;Thriller, Drama;5.4;236;2010
Rare Beasts;Comedy, Romance, Drama;5.4;1535;2010
Braquer Poitiers, chapitres 1 et 2;Comedy, Drama;5.6;114;2010
Degenerates;Comedy, Drama, Mystery;6.5;18;2010
The Last Bite;ScienceFiction, Drama, Mystery, Sci-Fi;4.1;115;2020
Drama;Comedy, Drama;4.2;571;2010
Place des victoires;Comedy, Drama;5.3;137;2010
The Garden of Evening Mists;Romance, Drama;6.9;874;2010
Great White;Thriller, Horror;4.2;9376;2020
Bombay Rose;Romance, Drama, Animation;6.5;851;2010
Le domaine;Drama, History;6.8;1550;2010
Stairs;ScienceFiction, Action, Horror, Sci-Fi;3.9;2675;2010
Pet Graveyard;Fantasy, Adventure, Horror;2.7;809;2010
Pagan Warrior;Horror;2.9;199;2010
Virtual Death Match;Adventure, ScienceFiction, Action, Horror;3.3;225;2020
Female Human Animal;Romance, Thriller, Mystery;5.6;163;2010
Shéhérazade;Romance, Thriller, Drama;7.1;2796;2010
L'insensible;Drama, Crime;6.2;633;2010
Blondie Maxwell ne perd jamais;Thriller, Action, Crime, Sci-Fi;4.6;74;2020
Cat in the Wall;Drama;5.9;590;2010
Ma reum;Comedy, Family;4.8;362;2010
Shine Your Eyes;Thriller, Drama;6.5;518;2020
Mango;Comedy, Adventure, Family, Animation;5.2;261;2010
The Room;ScienceFiction, Mystery, Horror, Fantasy, Drama;6.1;25292;2010
Niña errante;Drama;6.2;291;2010
Bêtes blondes;Comedy, Drama, Crime, Mystery;5.8;128;2010
Running Naked;Comedy, Drama;5.5;257;2020
Nécrologies;Fantasy, Horror;6.1;58;2010
Merveilles à Montfermeil;Comedy;3.9;260;2010
Florianópolis Dream;Comedy, Romance, Drama;6.4;598;2010
Peu m'importe si l'histoire nous considère comme des barbares;Comedy, Drama, History;7.2;2200;2010
1945: From This Day;, Drama, War;3.8;48;2010
His House;Thriller, Drama, Horror;6.4;51468;2020
Summit Fever;Thriller, Drama;5.3;2365;2020
Winter Flies;Comedy, Adventure, Drama;6.5;510;2010
Nicky Larson et le parfum de Cupidon;Comedy, Adventure, Action, Crime;6.5;6034;2010
Monsters Academy;ScienceFiction, Animation, Adventure, Horror, Family, Fantasy;5.1;1198;2020
Les fauves;Thriller, Drama, Mystery;4.9;698;2010
Tara Reata;Drama;3.7;39;2010
Maadathy: An Unfairy Tale;Drama, Mystery;7.1;357;2010
Chamboultout;Comedy, Drama;5.9;1180;2010
Les drapeaux de papier;Drama;6.4;189;2010
Zone 414;Thriller, ScienceFiction, Mystery, Adventure, Crime, Drama;5.1;5872;2020
Rufus et le Royaume d'Alyne;Fantasy, Adventure, Family;4.1;1124;2020
Bundy and the Green River Killer;Thriller, Drama, Crime, Horror;3.4;1383;2010
Pleasure;Drama;6.3;24762;2020
Horror and Hamsters;Comedy, Horror;4.0;167;2010
Les Ennemis;Drama;6.6;887;2010
Harvest of the Dead: Halloween Night;Horror;4.1;85;2020
Selfie;Comedy;5.8;839;2010
The House on Mansfield Street;Horror;3.8;463;2010
1917;Drama, Action, War, History;8.2;727771;2010
Death of a Vlogger;Drama, Mystery, Horror;5.6;1969;2010
The Utah Cabin Murders;Thriller, Crime, Horror;2.7;1354;2010
Let's Dance;Comedy, Music, Drama, Family;5.9;1693;2010
Beaux-parents;Comedy;5.7;617;2010
Portrait de la jeune fille en feu;Romance, Drama;8.1;119041;2010
Occult Angel;Horror, Drama, Mystery;4.2;153;2010
L'Audition;Music, Drama;6.5;1405;2010
Last Christmas;Comedy, Romance, Drama, Fantasy;6.5;97867;2010
Bonhomme;Comedy, Romance, Drama;6.1;224;2010
La Voix d'Aida;Drama, War, History;8.0;40496;2020
Les Invisibles;Comedy, Drama;6.6;1688;2010
Bannister DollHouse;Drama, Horror;3.2;1404;2010
La communion;Drama;7.7;23037;2010
Here Before;Thriller, Drama, Mystery;5.7;1797;2020
Scrapper;Comedy, Drama;6.9;7591;2020
Blue Jean;Drama, History;7.0;5957;2020
Girl;Romance, Drama;6.1;146;2020
Ulysse et Mona;Comedy, Drama;5.8;206;2010
Un lever de rideau et autres histoires;Romance, Drama;6.5;127;2000
Hors normes;Comedy, Drama;7.4;11948;2010
Venise n'est pas en Italie;Comedy, Drama, Family;6.2;1688;2010
Ghost Track;Horror;5.8;103;2020
Jeanne;Drama, War, History;5.9;831;2010
National Theatre Live: Julie;Drama;6.2;192;2010
National Theatre Live: Antony & Cleopatra;Drama, History;7.3;524;2010
National Theatre Live: The Madness of George III;Drama, History;7.8;335;2010
Susan;Romance, Drama, War;4.4;13;2010
National Theatre Live: I'm Not Running;Drama;7.6;61;2010
Dreaded Light;Horror;5.6;104;2020
Lune de miel;Comedy, Drama;5.9;157;2010
The Only One;Romance, Drama;5.3;697;2020
Notre-Dame du Nil;Drama;6.3;750;2010
Sophia Antipolis;Drama;6.2;424;2010
Sibel;Drama;6.8;3080;2010
L'esprit de famille;Comedy, Drama;5.2;269;2010
All This Victory;Drama, War;6.6;243;2010
La Loi de la jungle;Drama;6.2;7719;2010
Alice T.;Drama;6.4;429;2010
Les étendues imaginaires;Thriller, Drama, Mystery;6.2;1597;2010
Dúo;Drama;6.0;19;2020
Les Nageuses;History, Drama, Sport, Biography;7.4;38688;2020
Mona Lisa and the Blood Moon;Fantasy, Thriller, ScienceFiction, Mystery;6.2;6231;2020
Voyez comme on danse;Comedy, Drama;5.6;598;2010
Matthias et Maxime;Romance, Drama;6.8;9757;2010
Rise of the Footsoldier: The Heist;Comedy, Action, Crime;5.6;2188;2010
Scappo a casa;Comedy;4.8;490;2010
L'état sauvage;Western, Drama;5.1;764;2010
The Angel of Auschwitz;Thriller, Drama, War;3.5;1100;2010
La vie scolaire;Comedy, Drama;6.5;3482;2010
Grindsploitation 666;Horror;4.2;108;2010
L'amour flou;Comedy;6.3;632;2010
Les grands squelettes;Drama;5.6;11;2010
Real;Romance, Drama;5.7;170;2010
Salauds de pauvres;Comedy;5.2;16;2010
The Eastern Front;War;3.4;447;2020
British Made;Drama;5.6;192;2010
Rialto;Drama;6.2;1010;2010
Chacun pour tous;Comedy, Sport;6.1;458;2010
Avengement;Action, Crime;6.6;22707;2010
Manta Ray;Drama;6.8;1055;2010
Tous les Morts;Drama, History;5.8;605;2020
Concrete Cowboy;Western, Drama;6.3;10110;2020
K contraire;Drama;5.9;151;2010
MGC Presents Red;, Drama;7.7;180;2010
Funny Girl;Comedy, Musical, Drama, Music;7.3;183;2010
Quand on crie au loup;Comedy, Family;3.7;151;2010
The Darkness;Horror;2.8;247;2020
Monday;Romance, Drama;5.7;5949;2020
Les Deguns;Comedy;2.4;183;2010
Clair-obscur;Thriller, Drama, Mystery;6.6;17137;2020
Clay's Redemption;Fantasy, Thriller;3.5;166;2020
Un Tramway à Jérusalem;Drama;5.1;129;2010
Commando Ninja;Comedy, Action;6.4;800;2010
Unremember;Drama;7.2;416;2010
Le jour où j'ai perdu mon ombre;Drama;6.1;334;2010
L'homme qui a surpris tout le monde;Drama;6.6;1021;2010
À cause des filles ..?;Comedy;4.7;178;2010
Alice et le maire;Comedy, Drama;6.4;2955;2010
Venezia;Drama;6.7;27;2010
Pearl;Drama, Family, Sport;5.8;224;2010
Citoyens du monde;Comedy, Drama;6.6;643;2010
Make Me Up;Comedy, ScienceFiction, Fantasy, Horror;5.6;108;2010
Mari;Music, Drama;5.9;126;2010
La dérive des continents (au sud);Comedy, Drama;5.4;177;2020
Getting to Know You;Comedy;6.2;675;2020
Above & Beyond: Acoustic;Music;7.8;7;2010
Beautiful Days;Drama;6.1;189;2010
Les Météorites;Romance, Drama;5.8;263;2010
Yes, God, Yes;Comedy, Drama;6.1;19258;2010
The Singing Club;Comedy, Drama, Music;6.5;6242;2010
Andy;Comedy, Romance;5.0;148;2010
Rimini;Comedy, Drama, Music;6.9;2575;2020
Rojo;Thriller, Drama, Mystery;6.3;2878;2010
Et puis nous danserons;Romance, Drama;7.6;15154;2010
Trop n'est jamais assez;Comedy, Drama;5.8;8714;2010
Pompéi;Drama;4.8;323;2010
I Am Vengeance: Retaliation;Action;3.5;2317;2020
American Hangman;Thriller, Crime, Mystery;5.9;4027;2010
Deus;Thriller, ScienceFiction, Mystery, Adventure, Sci-Fi;4.4;2455;2020
The Witches of Dumpling Farm;Horror;3.0;380;2010
Paranormal Farm 2 Closer to the Truth;Horror;3.2;122;2010
Le dindon;Comedy;4.8;589;2010
Bonne nuit, maman;Thriller, Drama, Crime, Horror;5.7;17686;2020
Excursion;Thriller, ScienceFiction, Mystery, Sci-Fi;4.7;3619;2010
Cleavers: Killer Clowns;Thriller, Mystery, Horror;3.1;386;2010
The Jonestown Haunting;Drama, Crime, Horror;2.5;527;2020
Les bonnes intentions;Comedy, Drama;5.7;387;2010
Blanc sur blanc;Drama;6.3;850;2010
The Play;Comedy, Romance, Drama;5.4;135;2010
RSC: Measure for Measure;, Drama;7.7;49;2010
Royal Shakespeare Company: Troilus and Cressida;, Drama;7.5;55;2010
RSC: The Taming of the Shrew;Comedy, Drama;7.3;46;2010
Mitra;Musical, Drama, Documentary;6.1;9;2010
Le bonnet de Modibo;Comedy, Drama;5.7;9;2020
Les footeuses;Comedy, Drama;5.6;721;2010
Low Flyers;Comedy;6.5;10;2010
Les héros ne meurent jamais;Drama;5.5;568;2010
Les vétos;Comedy, Drama;5.9;646;2010
Walking with Shadows;Drama;6.8;83;2010
Le dernier bain;Drama;6.0;401;2020
Vivre;Drama;7.2;37317;2020
Meltem;Drama;6.3;160;2010
Van Gogh in Love;Comedy;6.8;58;2020
El Supremo Manuscrito;Thriller, Drama, Mystery;7.0;31;2010
National Theatre Live: King Lear;Drama, History;8.3;449;2010
Zombi Child;Fantasy, Drama, Horror;5.9;2745;2010
The Man in the Hat;Comedy, Drama;6.4;1129;2020
Tout ce qu'il me reste de la révolution;Comedy, Drama;6.1;471;2010
Rocks;Drama;7.4;5755;2010
L'envolée;Drama;6.2;697;2010
Les plus belles années d'une vie;Romance, Drama, Comedy;6.7;1506;2010
Vers la bataille;Western, Adventure, Drama;6.3;118;2010
Je ne rêve que de lui;Drama, History, Biography;6.0;243;2010
Sam le pompier: Les Feux de la rampe;Adventure, Action, Family, Animation;4.7;228;2010
Cold Blood Legacy: La mémoire du sang;Thriller, Action;4.6;7342;2010
Balance, Not Symmetry;Drama;4.0;158;2010
Burning Night;Drama;6.2;145;2010
Roxane;Comedy;5.9;327;2010
The Lost Daughter;Drama;6.7;78585;2020
Paintball Massacre;Comedy, Thriller, Horror;3.2;359;2020
Dernier amour;Romance, Drama, History;4.9;641;2010
London Fight Club;Thriller, Action;4.8;822;2020
Détour mortel: La fondation;Thriller, Drama, Horror;5.6;39564;2020
Tre Piani;Drama;6.4;3354;2020
Victor & Célia;Comedy, Romance, Drama;5.8;307;2010
The Rabbits' House;Drama;6.3;46;2020
Override;Thriller, ScienceFiction, Adventure, Crime, Sci-Fi;3.9;2847;2020
Entre deux trains;Drama;8.2;52;2010
Limbo;Comedy, Drama;7.2;5608;2020
Falling;Drama;6.5;7507;2020
Guest of Honour;Drama;5.9;1205;2010
Lost at Christmas;Comedy, Romance, Drama;5.1;842;2020
Rattlesnakes;Thriller;5.5;528;2010
Le Voyage du Prince;Adventure, Family, Animation;6.7;335;2010
Love Again;Romance, Drama;5.6;7931;2010
Miss Révolution;Comedy, Drama, History;6.4;11248;2020
Je voudrais que quelqu'un m'attende quelque part;Romance, Drama;5.9;455;2010
Le visiteur du futur;Comedy, Adventure, ScienceFiction, Action;5.8;1997;2020
C'est la vie;Comedy;5.7;286;2020
Poissonsexe;Comedy, Romance, Sci-Fi;5.7;204;2010
The Show;Fantasy, Drama, Mystery;5.7;1478;2020
People in Landscape;ScienceFiction, Drama, Mystery, Sci-Fi;5.4;199;2020
Gunfight at Dry River;Romance, Drama, Action, Western;3.8;321;2020
Les municipaux: Trop c'est trop;Comedy;3.8;174;2010
Les éblouis;Drama;6.6;983;2010
Just Kids;Drama;5.8;206;2010
Ashens and the Polybius Heist;Comedy, Adventure;5.9;510;2020
La belle époque;Comedy, Drama, Fantasy;7.4;21052;2010
Un vrai bonhomme;Comedy, Drama;6.4;391;2010
Sibyl;Comedy, Drama;6.0;5978;2010
Tuesdays and Fridays;Comedy, Musical, Romance, Music;4.6;920;2020
Ce qui reste;Romance, Drama;6.3;481;2020
Minamata;Drama, History;7.2;24091;2020
Wildfire;Drama;6.2;655;2020
Je parle toute seule;Comedy;7.9;179;2010
The Curse of Halloween Jack;Horror;2.5;987;2010
Mignonnes;Drama;3.6;33063;2020
Trois mille ans à t'attendre;Fantasy, Romance, Drama;6.7;68587;2020
A Bump Along the Way;Comedy, Drama;6.1;614;2010
Bigfoot Family;Adventure, Family, Animation;5.8;3867;2020
Little Joe;ScienceFiction, Drama, Mystery, Horror;5.8;9778;2010
Nuestras Madres;Drama;6.6;783;2010
All Is True;Drama, History, Biography;6.3;5743;2010
Une Sirène à Paris;Comedy, Romance, Drama, Fantasy;5.7;1090;2020
Tell Me About It;, Drama;7.9;9;2020
Emma.;Comedy, Romance, Drama;6.7;67304;2020
Skinned;Thriller, Horror;3.3;239;2020
You Can't Kiss the Bride;Comedy;4.8;366;2010
The Other Shape;Animation;6.7;174;2020
Parole donnée;Romance, Drama;7.0;1071;2010
Tanguy, le retour;Comedy;4.6;712;2010
L'homme sans pitié;Drama, Crime;6.2;7197;2010
The Green Knight;Fantasy, Adventure, Drama;6.6;126071;2020
Lucas and Albert;Crime;6.2;51;2010
You Can't Polish A Nerd;Comedy;8.9;12;2010
The Curse of Hobbes House;Thriller, Drama, Horror;3.4;512;2020
The Unkind;Fantasy, Mystery, Horror;3.4;691;2020
La Nuit venue;Drama;6.4;472;2010
Spiral;Drama;7.0;56;2020
Le meilleur reste à venir;Comedy, Drama;6.7;2592;2010
Blue Story;Romance, Musical, Drama, Crime;6.3;8892;2010
Loups-Garous;Comedy, Mystery, Horror;6.0;27307;2020
La daronne;Comedy, Drama, Crime;6.3;3801;2020
The Wonder;Thriller, Drama, Mystery;6.6;47036;2020
The Puppet;Thriller, Mystery, Horror;6.9;595;2020
Echo;Drama;7.0;1705;2010
#Moscou-Royan;Comedy;3.9;11;2010
Divorce Club;Comedy;5.4;1468;2020
Surge;Thriller, Drama;6.1;4106;2020
Samurai Marathon;Adventure, Drama, Action, History;6.2;1284;2010
Just a Child;Horror;4.1;19;2010
Tezuka's Barbara;Fantasy, Drama, Mystery;5.6;306;2010
Harka;Drama;6.7;531;2020
Porte de Vincennes;Drama;4.9;11;2020
Jungle Cry;Drama, Sport;7.2;5986;2020
Saules aveugles, femme endormie;ScienceFiction, Drama, Sci-Fi, Animation;7.1;1077;2020
The Bike Thief;Thriller, Drama;4.9;432;2020
All My Friends Hate Me;Comedy, Thriller, Horror;6.3;7052;2020
She Will;Thriller, Drama, Mystery, Horror;5.4;3535;2020
Douze Mille;Drama;5.4;109;2010
Qu'un sang impur...;Drama, War;6.2;448;2010
La forêt de mon père;Drama;5.4;127;2010
Mon légionnaire;Drama;5.6;317;2020
Made in China;Comedy, Drama;5.5;676;2010
Un frère;Romance, Drama;7.1;1213;2010
The Truth Will Out;Horror;3.7;262;2020
As Far as I Can Walk;Drama;6.6;238;2020
La vérité si je mens! Les débuts;Comedy;4.7;304;2010
Forte;Comedy;5.1;981;2020
Life on Mars;Thriller, ScienceFiction, Drama, Sci-Fi;4.8;6567;2020
Noise;Thriller, ScienceFiction, Sci-Fi;9.1;21;2010
The Droving;Thriller, Crime, Mystery;5.2;762;2020
National Theatre Live: All My Sons;Drama;8.3;300;2010
The Winter Witch;Horror;2.1;258;2020
Trop Belge pour toi;Comedy;5.2;40;2010
Skylines;Adventure, ScienceFiction, Action, Sci-Fi;4.8;9831;2020
Digger;Drama;7.3;3169;2020
Le Dernier Bus;Drama;6.6;4545;2020
The Roads Not Taken;Drama;5.2;3068;2020
Revenir;Drama;6.1;685;2010
A Perfect Enemy;Thriller, Drama, Mystery;5.5;3995;2020
Junk Love;Romance, Drama;6.1;23;2010
Notre dame;Comedy;5.4;705;2010
Technoboss;Comedy, Musical, Romance, Music;5.8;361;2010
Love Sarah;Comedy, Romance, Drama;6.2;4168;2020
Playhouse;Thriller, Mystery, Horror;3.5;597;2020
Barun Rai and the House on the Cliff;Thriller, Mystery, Crime, Horror, Fantasy;4.1;635;2020
Like Blood;Drama, Crime, Mystery;5.4;37;2010
Joyeuse retraite !;Comedy;5.4;1137;2010
The Day After I'm Gone;Drama;6.5;596;2010
Le serment de Pamfir;Thriller, Drama, Action, Crime;7.4;3851;2020
Transference: A Love Story;Romance, Drama;4.8;147;2020
Nona: If They Soak Me, I'll Burn Them;Fantasy, Drama;5.3;292;2010
Max Cloud;Comedy, ScienceFiction, Action, Sci-Fi;4.7;5523;2020
Tommaso;Drama;6.3;1956;2010
Our Ladies;Comedy, Drama;6.7;2997;2010
Black Mirror: Bandersnatch;Thriller, ScienceFiction, Mystery, TVMovie, Fantasy, Drama;7.1;141037;2010
Pandamonium;Comedy, Horror;3.3;584;2020
Papicha;Drama;7.1;3872;2010
Hosts;Horror;4.3;2731;2020
Joyeux Noël Bob;Drama, Family;6.4;2920;2020
Mine de rien;Comedy;5.4;276;2020
Futura;Drama;5.2;51;2020
Sic Transit Gloria Mundi;Drama;6.5;1039;2010
So Pretty;Drama;5.1;382;2010
Naked Singularity;Comedy, Drama, Crime;4.9;3191;2020
Sideshow;Comedy, Crime;5.5;224;2020
Écorché;Horror;4.3;777;2020
Abou Leila;Thriller, Drama;6.3;361;2010
The Last Right;Comedy, Drama;6.5;2113;2010
Ruthless! The Musical;Comedy, Musical, Music;7.2;117;2010
Mes jours de gloire;Comedy, Drama;5.6;596;2010
Peppa Pig: Le film du Nouvel an chinois;Family, Animation;4.0;107;2010
Music Hole;Comedy, Drama, Crime;6.2;282;2020
Une fille facile;Comedy, Drama;5.6;6528;2010
National Theatre Live: Small Island;Drama;8.6;398;2010
Last Night in Soho;Thriller, Drama, Mystery, Horror;7.0;191090;2020
L'invraisemblable légèreté d'Oscar;Comedy, Drama, Fantasy;5.8;2767;2010
Le lac aux oies sauvages;Thriller, Drama, Crime;6.7;8272;2010
Un divan à Tunis;Comedy, Drama;6.3;4178;2010
All About Eve;Drama;8.0;612;2010
Pinky;Fantasy;4.9;84;2020
Voyagers;Thriller, ScienceFiction, Mystery, Adventure, Sci-Fi;5.5;28947;2020
Un tour chez ma fille;Comedy;5.3;501;2020
Petit pays;Drama;6.6;922;2020
Belonging;Romance, Drama, Crime;5.7;995;2010
Tensione superficiale;Drama;6.1;78;2010
Adventure Boyz;Comedy, Adventure, Action, Family;5.0;336;2010
Winners;Comedy, Drama, Family;7.4;103;2020
Beneath the Trees;Thriller, Horror, Sci-Fi;5.7;101;2010
Les apparences;Thriller, Drama, Crime;6.1;852;2020
Les beaux menteurs;Comedy, Drama;4.6;33;2010
Walter;Comedy, Adventure, Action;5.2;498;2010
Last Film Show;Drama;7.4;4679;2020
Tu mourras à 20 ans;Drama;7.0;2787;2010
Off the Rails;Comedy;5.3;748;2020
23 Walks;Comedy, Romance, Drama;6.1;1026;2020
Thalasso;Comedy, Drama;6.1;772;2010
The Return of the Yuletide Kid;Comedy, Drama;4.6;52;2010
France;Comedy, Drama;5.9;5355;2020
Bewitched;Comedy, Romance, Mystery;6.6;7;2010
Calamity, une enfance de Martha Jane Cannary;Western, Animation, Adventure, Family, Comedy;7.1;800;2020
De nos frères blessés;Romance, Drama, History, Biography;5.8;277;2020
Rogue Agent;Thriller, Adventure, Drama, Action;6.5;14908;2020
C'è tempo;Comedy;5.7;324;2010
La proie d'une ombre;Thriller, Drama, Mystery, Horror;6.4;73078;2020
They're Outside;Horror;4.5;236;2020
Aline Dieu!;Comedy, Drama, Music, Biography;6.3;3588;2020
Get Duked!;Comedy, Action, Music, Horror;6.2;9193;2010
Bone Breaker;Thriller, Drama, Horror;2.7;619;2020
The World to Come;Western, Romance, Drama, History;6.4;12187;2020
Kindred;Thriller, Drama, Mystery, Horror;5.0;2517;2020
Du pain et des jeux: Les courses de char à Rome;Documentary, History;7.2;32;2010
Fourmi;Comedy, Drama;6.2;475;2010
C'est quoi cette mamie?!;Comedy, Family;4.9;561;2010
L'Infirmière;Drama, Mystery;6.5;1189;2010
Master Cheng;Comedy, Romance, Drama;6.9;3136;2010
The Kissing Booth 2;Comedy, Romance;5.7;40928;2020
SamSam;Adventure, Family, Animation;5.0;278;2010
Big boys don't cry;Drama, Crime, Biography;6.7;1972;2020
Au Crépuscule;Drama, History;6.1;376;2010
Fritzi;Drama, Family, History, Animation;7.0;382;2010
J'ai perdu mon corps;Fantasy, Drama, Animation;7.5;37845;2010
The Owners;Comedy, Thriller, Crime, Horror;5.0;10258;2020
Inséparables;Comedy;5.9;1455;2010
Saturne V : Planète interdite;ScienceFiction, Sci-Fi;4.5;1858;2020
#JeSuisLà;Comedy, Romance;6.0;1480;2010
Yalda, la nuit du pardon;Thriller, Drama;6.4;1188;2010
Kaamelott : Premier Volet;Comedy, Adventure, Fantasy;6.1;4284;2020
Onoda, 10 000 nuits dans la jungle;Adventure, Drama, War, History;7.2;3216;2020
Deux;Romance, Drama;7.2;4147;2010
Police;Thriller, Drama, Crime;5.4;2210;2020
Costa Brava, Lebanon;Comedy, Drama;6.7;1142;2020
Boutchou;Comedy;4.3;235;2020
All Those Small Things;Drama;6.3;182;2020
Paranormal Investigation;Thriller, Horror;3.7;1851;2010
Dream Horse;Comedy, Drama, Biography;6.9;7417;2020
Mughal Mowgli;Music, Drama;6.6;3366;2020
I Care a Lot;Comedy, Thriller, Drama, Crime;6.4;153834;2020
Felicita;Comedy, Drama;6.6;1097;2020
Herself;Drama;7.0;5099;2020
Enemy Lines;Drama, Action, War;4.6;2041;2020
Le lion;Comedy;5.5;1497;2020
Safeguard;Thriller, Adventure, Action, Crime;3.6;263;2020
Les sorcières d'Akelarre;Drama, History;6.4;6042;2020
